Time,Vaisala Hum,Vaisala Temp,RMY Hum,RMY Temp
14:59:13,42.3,32.5,0,0
14:59:14,42.3,32.5,42.07635,0
14:59:15,42.3,32.5,42.08863,0
14:59:16,42.3,32.5,42.10196,0
14:59:17,42.3,32.5,42.10032,0
14:59:18,42.3,32.5,42.12906,0
14:59:19,42.3,32.5,42.12112,0
14:59:20,42.3,32.5,42.11918,0
14:59:21,42.3,32.5,42.14793,0
14:59:22,42.3,32.5,42.15547,0
14:59:23,42.3,32.5,42.11341,0
14:59:24,42.3,32.5,42.11793,0
14:59:25,42.4,32.5,42.1528,0
14:59:26,42.4,32.5,42.17627,0
14:59:27,42.4,32.5,42.159600000000005,0
14:59:28,42.4,32.5,42.15663,0
14:59:29,42.4,32.5,42.13403,0
14:59:30,42.4,32.5,42.162729999999996,0
14:59:31,42.4,32.5,42.16781,0
14:59:32,42.4,32.5,42.16781,0
14:59:33,42.4,32.5,42.16624,0
14:59:34,42.4,32.5,42.15242,0
14:59:35,42.4,32.5,42.171969999999995,0
14:59:36,42.4,32.5,42.198609999999995,0
14:59:37,42.4,32.5,42.21007,0
14:59:38,42.4,32.5,42.20464,0
14:59:39,42.4,32.5,42.20237,0
14:59:40,42.4,32.5,42.24354,0
14:59:41,42.4,32.5,42.221959999999996,0
14:59:42,42.4,32.5,42.23471,0
14:59:43,42.4,32.5,42.24752,0
14:59:44,42.5,32.5,42.27087,0
14:59:45,42.5,32.5,42.20829,0
14:59:46,42.5,32.5,42.259600000000006,0
14:59:47,42.5,32.5,42.26153,0
14:59:48,42.5,32.5,42.25397,0
14:59:49,42.5,32.5,42.25141,0
14:59:50,42.5,32.5,42.26514,0
14:59:51,42.5,32.5,42.27988,0
14:59:52,42.5,32.5,42.2659,0
14:59:53,42.5,32.5,42.27336,0
14:59:54,42.5,32.5,42.310379999999995,0
14:59:55,42.5,32.5,42.26925,0
14:59:56,42.5,32.5,42.24537,0
14:59:57,42.5,32.5,42.31732,0
14:59:58,42.5,32.5,42.320859999999996,0
14:59:59,42.5,32.5,42.35941,0
15:00:00,42.5,32.5,42.3475,0
15:00:01,42.5,32.5,42.3429,0
15:00:02,42.5,32.5,42.39613,0
15:00:03,42.6,32.5,42.62172,0
15:00:04,42.6,32.5,42.79753,0
15:00:05,42.6,32.5,42.92494,0
15:00:06,42.7,32.5,42.9381,0
15:00:07,42.9,32.5,43.159530000000004,0
15:00:08,43,32.5,43.32181,0
15:00:09,43.3,32.5,43.47598,0
15:00:10,43.4,32.5,43.637550000000005,0
15:00:11,43.5,32.5,43.77608,0
15:00:12,43.7,32.5,43.909009999999995,0
15:00:13,43.7,32.5,44.07338,0
15:00:14,44,32.5,44.18747,0
15:00:15,44.1,32.5,44.29707,0
15:00:16,44.2,32.5,44.410090000000004,0
15:00:17,44.3,32.5,44.53991,0
15:00:18,44.5,32.5,44.53991,0
15:00:19,44.7,32.5,44.68802,0
15:00:20,44.7,32.5,44.80178,0
15:00:21,44.9,32.5,44.89263,0
15:00:22,45,32.5,44.95883,0
15:00:23,45,32.5,45.068180000000005,0
15:00:24,45.1,32.5,45.17979,0
15:00:25,45.3,32.5,45.23473,0
15:00:26,45.3,32.5,45.343129999999995,0
15:00:27,45.5,32.5,45.3895,0
15:00:28,45.6,32.5,45.35718,0
15:00:29,45.7,32.5,45.51397,0
15:00:30,45.8,32.5,45.57741,0
15:00:31,45.9,32.5,45.634209999999996,0
15:00:32,46,32.5,45.72123,0
15:00:33,46.1,32.5,45.80505,0
15:00:34,46.2,32.5,45.88938,0
15:00:35,46.2,32.5,45.94494,0
15:00:36,46.4,32.5,45.98588,0
15:00:37,46.4,32.5,46.11153,0
15:00:38,46.5,32.6,46.13082,0
15:00:39,46.6,32.6,46.175909999999995,0
15:00:40,46.7,32.6,46.28774,0
15:00:41,46.7,32.6,46.34775,0
15:00:42,46.8,32.6,46.40713,0
15:00:43,46.9,32.6,46.44377,0
15:00:44,46.9,32.6,46.52734,0
15:00:45,47.1,32.6,46.580890000000004,0
15:00:46,47.1,32.6,46.650619999999996,0
15:00:47,47.2,32.6,46.67492,0
15:00:48,47.3,32.6,46.760220000000004,0
15:00:49,47.3,32.6,46.72816,0
15:00:50,47.4,32.6,46.82066,0
15:00:51,47.5,32.6,46.86264,0
15:00:52,47.6,32.6,46.90083,0
15:00:53,47.7,32.6,46.92512,0
15:00:54,47.7,32.6,46.95504,0
15:00:55,47.7,32.6,46.9256,0
15:00:56,47.8,32.6,46.86828,0
15:00:57,47.8,32.6,46.819539999999996,0
15:00:58,47.8,32.6,46.6861,0
15:00:59,47.8,32.7,46.50381,0
15:01:00,47.8,32.7,46.31511,0
15:01:01,47.8,32.7,46.14134,0
15:01:02,47.7,32.7,45.90278,0
15:01:03,47.5,32.7,45.62674,0
15:01:04,47.4,32.7,45.62674,0
15:01:05,47,32.7,45.31404,0
15:01:06,47,32.7,45.042860000000005,0
15:01:07,46.6,32.7,44.73765,0
15:01:08,46.4,32.7,44.41216,0
15:01:09,46.2,32.7,44.130779999999994,0
15:01:10,45.9,32.7,43.9888,0
15:01:11,45.4,32.7,43.80084,0
15:01:12,45.2,32.7,43.54175,0
15:01:13,44.9,32.7,43.275960000000005,0
15:01:14,44.7,32.7,42.980180000000004,0
15:01:15,44.5,32.7,42.70424,0
15:01:16,44.2,32.7,42.45571,0
15:01:17,44,32.7,42.20897,0
15:01:18,43.8,32.8,41.92387,0
15:01:19,43.5,32.8,41.72214,0
15:01:20,43.3,32.8,41.4453,0
15:01:21,43.1,32.8,41.21799,0
15:01:22,42.8,32.8,40.95631,0
15:01:23,42.4,32.8,40.71819,0
15:01:24,42.2,32.8,40.48596,0
15:01:25,42,32.8,40.2228,0
15:01:26,41.8,32.8,39.94658,0
15:01:27,41.4,32.8,39.63004,0
15:01:28,41.2,32.8,39.369710000000005,0
15:01:29,41,32.8,39.052730000000004,0
15:01:30,40.8,32.8,38.78166,0
15:01:31,40.6,32.8,38.70648,0
15:01:32,40.1,32.8,38.45267,0
15:01:33,39.8,32.8,38.16189,0
15:01:34,39.6,32.8,37.84208,0
15:01:35,39.4,32.8,37.47996,0
15:01:36,38.9,32.8,37.15164,0
15:01:37,38.9,32.8,36.8373,0
15:01:38,38.4,32.9,36.508,0
15:01:39,38.2,32.9,36.2176,0
15:01:40,37.8,32.9,35.85486,0
15:01:41,37.5,32.9,35.531220000000005,0
15:01:42,37.2,32.9,35.219840000000005,0
15:01:43,37,32.9,34.921029999999995,0
15:01:44,36.7,32.9,34.58646,0
15:01:45,36.4,32.9,34.269929999999995,0
15:01:46,36.1,32.9,33.906330000000004,0
15:01:47,35.6,32.9,33.592290000000006,0
15:01:48,35.4,32.9,33.24327,0
15:01:49,35.1,32.9,33.24327,0
15:01:50,35.1,32.9,32.92308,0
15:01:51,34.5,32.9,32.6119,0
15:01:52,34.2,32.9,32.52036,0
15:01:53,33.9,32.9,32.26018,0
15:01:54,33.7,32.9,31.930989999999998,0
15:01:55,33.4,32.9,31.61005,0
15:01:56,33.1,32.9,31.287340000000004,0
15:01:57,32.8,32.9,30.969419999999996,0
15:01:58,32.6,32.9,30.652659999999997,0
15:01:59,32,33,30.303400000000003,0
15:02:00,31.7,33,29.96284,0
15:02:01,31.5,33,29.642810000000004,0
15:02:02,31.3,33,29.28887,0
15:02:03,30.8,33,28.94635,0
15:02:04,30.8,33,28.651680000000002,0
15:02:05,30.2,33,28.311380000000003,0
15:02:06,29.9,33,27.99687,0
15:02:07,29.7,33,27.655730000000002,0
15:02:08,29.2,33,27.30934,0
15:02:09,29.2,33,26.975880000000004,0
15:02:10,28.9,33,26.632240000000003,0
15:02:11,28.4,33,26.34628,0
15:02:12,28.2,33,26.275389999999998,0
15:02:13,27.7,33,25.950770000000002,0
15:02:14,27.5,33,25.63931,0
15:02:15,27.2,33,25.32605,0
15:02:16,26.9,33,24.95527,0
15:02:17,26.7,33.1,24.66321,0
15:02:18,26.2,33.1,24.33822,0
15:02:19,26,33.1,24.04924,0
15:02:20,25.8,33.1,23.76491,0
15:02:21,25.3,33.1,23.49113,0
15:02:22,25.3,33.1,23.19059,0
15:02:23,24.9,33.1,22.86961,0
15:02:24,24.7,33.1,22.642970000000002,0
15:02:25,24.3,33.1,22.40519,0
15:02:26,24.3,33.1,22.10641,0
15:02:27,23.9,33.1,21.85259,0
15:02:28,23.7,33.1,21.61362,0
15:02:29,23.3,33.1,21.36141,0
15:02:30,23.1,33.1,21.10699,0
15:02:31,22.9,33.1,20.9485,0
15:02:32,22.7,33.1,20.88849,0
15:02:33,22.5,33.1,20.69801,0
15:02:34,22.2,33.1,20.4788,0
15:02:35,22.2,33.1,20.4788,0
15:02:36,21.8,33.1,20.29119,0
15:02:37,21.6,33.2,20.05961,0
15:02:38,21.5,33.2,19.86503,0
15:02:39,21.2,33.2,19.68077,0
15:02:40,21.1,33.2,19.481589999999997,0
15:02:41,20.9,33.2,19.295109999999998,0
15:02:42,20.8,33.2,19.12331,0
15:02:43,20.5,33.2,18.957379999999997,0
15:02:44,20.4,33.2,18.75383,0
15:02:45,20.1,33.2,18.6417,0
15:02:46,20,33.2,18.49813,0
15:02:47,19.9,33.2,18.346049999999998,0
15:02:48,19.7,33.2,18.20471,0
15:02:49,19.6,33.2,18.06479,0
15:02:50,19.5,33.2,17.920279999999998,0
15:02:51,19.4,33.2,17.782980000000002,0
15:02:52,19.2,33.2,17.666490000000003,0
15:02:53,19.1,33.2,17.61174,0
15:02:54,19,33.2,17.547189999999997,0
15:02:55,18.9,33.2,17.413410000000002,0
15:02:56,18.7,33.2,17.31965,0
15:02:57,18.5,33.3,17.16763,0
15:02:58,18.4,33.3,17.05629,0
15:02:59,18.3,33.3,16.931189999999997,0
15:03:00,18.2,33.3,16.83977,0
15:03:01,18,33.3,16.75272,0
15:03:02,18,33.3,16.656589999999998,0
15:03:03,17.9,33.3,16.54254,0
15:03:04,17.8,33.3,16.4076,0
15:03:05,17.7,33.3,16.33407,0
15:03:06,17.6,33.3,16.24891,0
15:03:07,17.5,33.3,16.15102,0
15:03:08,17.4,33.3,16.06593,0
15:03:09,17.3,33.3,15.9696,0
15:03:10,17.3,33.3,15.860479999999999,0
15:03:11,17.1,33.3,15.77932,0
15:03:12,17.1,33.4,15.68514,0
15:03:13,17,33.4,15.6383,0
15:03:14,16.9,33.4,15.58232,0
15:03:15,16.9,33.4,15.5569,0
15:03:16,16.7,33.4,15.46284,0
15:03:17,16.7,33.4,15.442810000000001,0
15:03:18,16.6,33.4,15.313080000000001,0
15:03:19,16.6,33.4,15.25377,0
15:03:20,16.5,33.4,15.25377,0
15:03:21,16.4,33.4,15.18469,0
15:03:22,16.3,33.4,15.11591,0
15:03:23,16.3,33.4,15.043309999999998,0
15:03:24,16.2,33.4,14.99281,0
15:03:25,16.2,33.4,14.92779,0
15:03:26,16.1,33.4,14.86201,0
15:03:27,16.1,33.4,14.83722,0
15:03:28,16,33.5,14.79112,0
15:03:29,15.9,33.5,14.73842,0
15:03:30,15.9,33.5,14.6892,0
15:03:31,15.8,33.5,14.651819999999999,0
15:03:32,15.8,33.5,14.606,0
15:03:33,15.8,33.5,14.56973,0
15:03:34,15.7,33.5,14.516119999999999,0
15:03:35,15.7,33.5,14.497969999999999,0
15:03:36,15.6,33.5,14.469969999999998,0
15:03:37,15.6,33.5,14.448540000000001,0
15:03:38,15.6,33.5,14.40002,0
15:03:39,15.5,33.6,14.396690000000001,0
15:03:40,15.5,33.6,14.32424,0
15:03:41,15.4,33.6,14.279330000000002,0
15:03:42,15.4,33.6,14.22305,0
15:03:43,15.4,33.6,14.20438,0
15:03:44,15.4,33.6,14.18875,0
15:03:45,15.3,33.6,14.13825,0
15:03:46,15.3,33.6,14.14187,0
15:03:47,15.3,33.6,14.093339999999998,0
15:03:48,15.3,33.6,14.075019999999999,0
15:03:49,15.2,33.6,14.066709999999999,0
15:03:50,15.2,33.7,14.027029999999998,0
15:03:51,15.2,33.7,14.015820000000001,0
15:03:52,15.2,33.7,13.96317,0
15:03:53,15.1,33.7,13.97301,0
15:03:54,15.1,33.7,13.95319,0
15:03:55,15.1,33.7,13.928170000000001,0
15:03:56,15.1,33.7,13.895430000000001,0
15:03:57,15.1,33.7,13.88658,0
15:03:58,15,33.7,13.851700000000001,0
15:03:59,15,33.7,13.87673,0
15:04:00,15,33.8,13.88391,0
15:04:01,15,33.8,13.86103,0
15:04:02,15,33.8,13.81737,0
15:04:03,15,33.8,13.827919999999999,0
15:04:04,15,33.8,13.83246,0
15:04:05,14.9,33.8,13.78161,0
15:04:06,14.9,33.8,13.78161,0
15:04:07,14.9,33.8,13.778509999999999,0
15:04:08,14.9,33.8,13.77929,0
15:04:09,14.9,33.8,13.78791,0
15:04:10,14.9,33.9,13.74143,0
15:04:11,14.9,33.9,13.74585,0
15:04:12,14.9,33.9,13.73878,0
15:04:13,14.9,33.9,13.75453,0
15:04:14,14.9,33.9,13.703470000000001,0
15:04:15,14.9,33.9,13.707600000000001,0
15:04:16,14.9,33.9,13.70053,0
15:04:17,14.9,33.9,13.71282,0
15:04:18,14.8,34,13.65328,0
15:04:19,14.8,34,13.65393,0
15:04:20,14.8,34,13.640160000000002,0
15:04:21,14.8,34,13.67187,0
15:04:22,14.8,34,13.63587,0
15:04:23,14.8,34,13.624559999999999,0
15:04:24,14.8,34,13.605459999999999,0
15:04:25,14.8,34,13.602429999999998,0
15:04:26,14.8,34,13.598230000000001,0
15:04:27,14.8,34.1,13.5577,0
15:04:28,14.8,34.1,13.56987,0
15:04:29,14.8,34.1,13.559170000000002,0
15:04:30,14.8,34.1,13.553399999999998,0
15:04:31,14.8,34.1,13.52617,0
15:04:32,14.7,34.1,13.53002,0
15:04:33,14.7,34.1,13.53211,0
15:04:34,14.7,34.1,13.52582,0
15:04:35,14.7,34.1,13.521259999999998,0
15:04:36,14.7,34.2,13.523309999999999,0
15:04:37,14.7,34.2,13.536380000000001,0
15:04:38,14.7,34.2,13.528319999999999,0
15:04:39,14.7,34.2,13.517190000000001,0
15:04:40,14.7,34.2,13.52691,0
15:04:41,14.7,34.2,13.5128,0
15:04:42,14.7,34.2,13.51821,0
15:04:43,14.7,34.2,13.50719,0
15:04:44,14.7,34.3,13.538529999999998,0
15:04:45,14.7,34.3,13.51815,0
15:04:46,14.7,34.3,13.518849999999999,0
15:04:47,14.7,34.3,13.51277,0
15:04:48,14.7,34.3,13.500319999999999,0
15:04:49,14.7,34.3,13.51351,0
15:04:50,14.7,34.3,13.52323,0
15:04:51,14.7,34.3,13.52323,0
15:04:52,14.7,34.4,13.51897,0
15:04:53,14.7,34.4,13.54785,0
15:04:54,14.7,34.4,13.563939999999999,0
15:04:55,14.7,34.4,13.5633,0
15:04:56,14.7,34.4,13.576189999999999,0
15:04:57,14.7,34.4,13.61918,0
15:04:58,14.7,34.4,13.61502,0
15:04:59,14.7,34.5,13.618369999999999,0
15:05:00,14.7,34.5,13.649720000000002,0
15:05:01,14.8,34.5,13.64348,0
15:05:02,14.8,34.5,13.697500000000002,0
15:05:03,14.8,34.5,13.697989999999999,0
15:05:04,14.8,34.5,13.69013,0
15:05:05,14.8,34.5,13.73581,0
15:05:06,14.9,34.5,13.74579,0
15:05:07,14.9,34.6,13.77691,0
15:05:08,14.9,34.6,13.79679,0
15:05:09,14.9,34.6,13.81954,0
15:05:10,15,34.6,13.84762,0
15:05:11,15,34.6,13.89137,0
15:05:12,15,34.6,13.89866,0
15:05:13,15.1,34.6,13.94589,0
15:05:14,15.1,34.6,13.9937,0
15:05:15,15.1,34.7,13.994670000000001,0
15:05:16,15.2,34.7,14.047270000000001,0
15:05:17,15.2,34.7,14.09817,0
15:05:18,15.2,34.7,14.13502,0
15:05:19,15.3,34.7,14.15622,0
15:05:20,15.3,34.7,14.18131,0
15:05:21,15.4,34.8,14.225060000000001,0
15:05:22,15.4,34.8,14.28673,0
15:05:23,15.4,34.8,14.25998,0
15:05:24,15.4,34.8,14.306009999999999,0
15:05:25,15.5,34.8,14.274029999999998,0
15:05:26,15.5,34.8,14.34034,0
15:05:27,15.6,34.8,14.39676,0
15:05:28,15.6,34.8,14.42213,0
15:05:29,15.6,34.9,14.43458,0
15:05:30,15.6,34.9,14.45572,0
15:05:31,15.7,34.9,14.483080000000001,0
15:05:32,15.8,34.9,14.48411,0
15:05:33,15.8,34.9,14.52187,0
15:05:34,15.8,34.9,14.585049999999999,0
15:05:35,15.8,35,14.5709,0
15:05:36,15.9,35,14.61427,0
15:05:37,15.9,35,14.61427,0
15:05:38,15.9,35,14.67522,0
15:05:39,16,35,14.687629999999999,0
15:05:40,16,35,14.7142,0
15:05:41,16,35,14.76732,0
15:05:42,16.1,35.1,14.78815,0
15:05:43,16.1,35.1,14.80678,0
15:05:44,16.1,35.1,14.855260000000001,0
15:05:45,16.2,35.1,14.85733,0
15:05:46,16.2,35.1,14.88716,0
15:05:47,16.2,35.1,14.9265,0
15:05:48,16.3,35.2,14.924309999999998,0
15:05:49,16.3,35.2,14.9694,0
15:05:50,16.4,35.2,15.00069,0
15:05:51,16.4,35.2,15.02337,0
15:05:52,16.4,35.2,15.03913,0
15:05:53,16.5,35.2,15.09255,0
15:05:54,16.5,35.2,15.11569,0
15:05:55,16.5,35.3,15.12519,0
15:05:56,16.5,35.3,15.178920000000002,0
15:05:57,16.6,35.3,15.17755,0
15:05:58,16.6,35.3,15.20409,0
15:05:59,16.6,35.3,15.2406,0
15:06:00,16.7,35.3,15.288409999999999,0
15:06:01,16.7,35.4,15.30668,0
15:06:02,16.7,35.4,15.33159,0
15:06:03,16.7,35.4,15.34953,0
15:06:04,16.8,35.4,15.381079999999999,0
15:06:05,16.8,35.4,15.41489,0
15:06:06,16.8,35.4,15.416540000000001,0
15:06:07,16.9,35.4,15.455,0
15:06:08,16.9,35.4,15.48276,0
15:06:09,16.9,35.5,15.44051,0
15:06:10,17,35.5,15.514439999999999,0
15:06:11,17,35.5,15.53602,0
15:06:12,17,35.5,15.542800000000002,0
15:06:13,17,35.5,15.58853,0
15:06:14,17.1,35.5,15.63101,0
15:06:15,17.1,35.6,15.632399999999999,0
15:06:16,17.1,35.6,15.67678,0
15:06:17,17.1,35.6,15.73141,0
15:06:18,17.2,35.6,15.71511,0
15:06:19,17.2,35.6,15.770410000000002,0
15:06:20,17.2,35.6,15.79026,0
15:06:21,17.2,35.6,15.82914,0
15:06:22,17.3,35.7,15.82914,0
15:06:23,17.3,35.7,15.86985,0
15:06:24,17.3,35.7,15.900239999999998,0
15:06:25,17.3,35.7,15.905240000000001,0
15:06:26,17.4,35.7,15.923960000000001,0
15:06:27,17.4,35.7,15.971720000000001,0
15:06:28,17.4,35.7,15.959129999999998,0
15:06:29,17.4,35.7,15.95671,0
15:06:30,17.5,35.8,15.96671,0
15:06:31,17.5,35.8,15.954860000000002,0
15:06:32,17.5,35.8,15.940090000000001,0
15:06:33,17.5,35.8,15.9193,0
15:06:34,17.5,35.8,15.91207,0
15:06:35,17.5,35.8,15.874170000000001,0
15:06:36,17.5,35.8,15.808990000000001,0
15:06:37,17.5,35.8,15.77636,0
15:06:38,17.5,35.9,15.71777,0
15:06:39,17.5,35.9,15.681339999999999,0
15:06:40,17.4,35.9,15.61823,0
15:06:41,17.3,35.9,15.54819,0
15:06:42,17.3,35.9,15.47351,0
15:06:43,17.2,35.9,15.421080000000002,0
15:06:44,17.1,35.9,15.34204,0
15:06:45,17.1,35.9,15.268300000000002,0
15:06:46,17,35.9,15.19315,0
15:06:47,16.9,35.9,15.12028,0
15:06:48,16.9,35.9,15.045710000000001,0
15:06:49,16.8,36,14.96569,0
15:06:50,16.7,36,14.9061,0
15:06:51,16.6,36,14.91422,0
15:06:52,16.6,36,14.84095,0
15:06:53,16.4,36,14.77853,0
15:06:54,16.4,36,14.72819,0
15:06:55,16.3,36,14.617230000000001,0
15:06:56,16.2,36,14.569289999999999,0
15:06:57,16.2,36,14.470369999999999,0
15:06:58,16,36,14.43128,0
15:06:59,16,36,14.34432,0
15:07:00,15.9,36,14.29213,0
15:07:01,15.8,36,14.259939999999999,0
15:07:02,15.7,36,14.191809999999998,0
15:07:03,15.7,36,14.100779999999999,0
15:07:04,15.6,36,14.07851,0
15:07:05,15.5,36.1,14.040890000000001,0
15:07:06,15.5,36.1,14.01843,0
15:07:07,15.4,36.1,13.947209999999998,0
15:07:08,15.4,36.1,13.947209999999998,0
15:07:09,15.3,36.1,13.923849999999998,0
15:07:10,15.2,36.1,13.855,0
15:07:11,15.2,36.1,13.832159999999998,0
15:07:12,15.1,36.1,13.765740000000001,0
15:07:13,15.1,36.1,13.769039999999999,0
15:07:14,15,36.1,13.70853,0
15:07:15,15,36.1,13.680610000000001,0
15:07:16,14.9,36.1,13.64131,0
15:07:17,14.8,36.1,13.618459999999999,0
15:07:18,14.8,36.1,13.591320000000001,0
15:07:19,14.8,36.1,13.5215,0
15:07:20,14.7,36.1,13.482830000000002,0
15:07:21,14.6,36.1,13.45613,0
15:07:22,14.6,36.1,13.41649,0
15:07:23,14.5,36.1,13.397590000000001,0
15:07:24,14.5,36.1,13.363739999999998,0
15:07:25,14.5,36.1,13.336200000000002,0
15:07:26,14.4,36.1,13.349,0
15:07:27,14.4,36.1,13.322700000000001,0
15:07:28,14.4,36.1,13.298540000000001,0
15:07:29,14.3,36.1,13.24923,0
15:07:30,14.3,36.2,13.25602,0
15:07:31,14.3,36.2,13.21911,0
15:07:32,14.2,36.2,13.21039,0
15:07:33,14.2,36.2,13.167570000000001,0
15:07:34,14.2,36.2,13.165799999999999,0
15:07:35,14.2,36.2,13.1523,0
15:07:36,14.2,36.2,13.12692,0
15:07:37,14.1,36.2,13.12479,0
15:07:38,14.1,36.2,13.132269999999998,0
15:07:39,14.1,36.2,13.080900000000002,0
15:07:40,14,36.2,13.05977,0
15:07:41,14,36.2,13.064020000000001,0
15:07:42,14,36.2,13.05063,0
15:07:43,14,36.2,13.01842,0
15:07:44,14,36.2,13.01329,0
15:07:45,14,36.2,13.030349999999999,0
15:07:46,13.9,36.2,13.031899999999998,0
15:07:47,13.9,36.2,13.026219999999999,0
15:07:48,13.9,36.2,12.9839,0
15:07:49,13.9,36.2,13.02538,0
15:07:50,13.9,36.2,13.04161,0
15:07:51,13.9,36.2,13.04003,0
15:07:52,13.9,36.2,13.03798,0
15:07:53,13.9,36.2,13.0168,0
15:07:54,13.9,36.2,13.0168,0
15:07:55,13.9,36.2,13.022039999999999,0
15:07:56,13.8,36.2,13.04247,0
15:07:57,13.8,36.2,13.03888,0
15:07:58,13.8,36.2,13.030759999999999,0
15:07:59,13.8,36.2,13.04079,0
15:08:00,13.8,36.2,12.976270000000001,0
15:08:01,13.8,36.2,13.04243,0
15:08:02,13.8,36.2,13.04416,0
15:08:03,13.8,36.2,13.057730000000001,0
15:08:04,13.8,36.2,13.023589999999999,0
15:08:05,13.8,36.2,13.00899,0
15:08:06,13.8,36.2,13.037099999999999,0
15:08:07,13.8,36.2,13.04875,0
15:08:08,13.8,36.2,13.067139999999998,0
15:08:09,13.8,36.3,13.069320000000001,0
15:08:10,13.8,36.3,13.07595,0
15:08:11,13.8,36.3,13.06378,0
15:08:12,13.8,36.3,13.080490000000001,0
15:08:13,13.8,36.3,13.07376,0
15:08:14,13.8,36.3,13.10039,0
15:08:15,13.8,36.3,13.12769,0
15:08:16,13.8,36.3,13.12285,0
15:08:17,13.8,36.3,13.116579999999999,0
15:08:18,13.8,36.3,13.14099,0
15:08:19,13.8,36.3,13.16178,0
15:08:20,13.8,36.3,13.171269999999998,0
15:08:21,13.8,36.3,13.206470000000001,0
15:08:22,13.8,36.3,13.201270000000001,0
15:08:23,13.8,36.3,13.17538,0
15:08:24,13.9,36.3,13.23515,0
15:08:25,13.9,36.3,13.258700000000001,0
15:08:26,13.9,36.3,13.26812,0
15:08:27,13.9,36.3,13.2727,0
15:08:28,13.9,36.3,13.28564,0
15:08:29,13.9,36.3,13.283909999999999,0
15:08:30,13.9,36.3,13.32311,0
15:08:31,13.9,36.3,13.309960000000002,0
15:08:32,14,36.3,13.34494,0
15:08:33,14,36.3,13.32274,0
15:08:34,14,36.3,13.34388,0
15:08:35,14,36.3,13.3686,0
15:08:36,14,36.3,13.38513,0
15:08:37,14,36.3,13.38002,0
15:08:38,14,36.3,13.395779999999998,0
15:08:39,14.1,36.3,13.395779999999998,0
15:08:40,14.1,36.3,13.37817,0
15:08:41,14.1,36.3,13.376859999999999,0
15:08:42,14.1,36.3,13.40164,0
15:08:43,14.1,36.3,13.39999,0
15:08:44,14.1,36.3,13.38868,0
15:08:45,14.1,36.4,13.37701,0
15:08:46,14.1,36.4,13.419429999999998,0
15:08:47,14.1,36.4,13.42169,0
15:08:48,14.1,36.4,13.449459999999998,0
15:08:49,14.1,36.4,13.40526,0
15:08:50,14.1,36.4,13.41811,0
15:08:51,14.1,36.4,13.4132,0
15:08:52,14.2,36.4,13.411380000000001,0
15:08:53,14.2,36.4,13.42869,0
15:08:54,14.2,36.4,13.47221,0
15:08:55,14.2,36.4,13.454920000000001,0
15:08:56,14.2,36.4,13.451469999999999,0
15:08:57,14.2,36.4,13.48491,0
15:08:58,14.2,36.4,13.525680000000001,0
15:08:59,14.2,36.4,13.52303,0
15:09:00,14.2,36.4,13.50735,0
15:09:01,14.2,36.4,13.50741,0
15:09:02,14.2,36.4,13.50463,0
15:09:03,14.2,36.4,13.52046,0
15:09:04,14.2,36.4,13.51316,0
15:09:05,14.2,36.4,13.50469,0
15:09:06,14.2,36.4,13.503100000000002,0
15:09:07,14.3,36.4,13.516929999999999,0
15:09:08,14.3,36.4,13.52604,0
15:09:09,14.3,36.4,13.543009999999999,0
15:09:10,14.3,36.4,13.539200000000001,0
15:09:11,14.3,36.4,13.53523,0
15:09:12,14.3,36.4,13.56608,0
15:09:13,14.3,36.4,13.5403,0
15:09:14,14.3,36.4,13.583870000000001,0
15:09:15,14.3,36.4,13.580390000000001,0
15:09:16,14.3,36.4,13.595199999999998,0
15:09:17,14.3,36.5,13.59253,0
15:09:18,14.3,36.5,13.55864,0
15:09:19,14.3,36.5,13.5899,0
15:09:20,14.3,36.5,13.61634,0
15:09:21,14.3,36.5,13.64415,0
15:09:22,14.3,36.5,13.6523,0
15:09:23,14.3,36.5,13.646759999999999,0
15:09:24,14.4,36.5,13.637279999999999,0
15:09:25,14.4,36.5,13.637279999999999,0
15:09:26,14.4,36.5,13.65911,0
15:09:27,14.4,36.5,13.662170000000001,0
15:09:28,14.4,36.5,13.69177,0
15:09:29,14.4,36.5,13.64333,0
15:09:30,14.4,36.5,13.72006,0
15:09:31,14.4,36.5,13.70752,0
15:09:32,14.4,36.5,13.720509999999999,0
15:09:33,14.4,36.5,13.735230000000001,0
15:09:34,14.4,36.5,13.764619999999999,0
15:09:35,14.5,36.5,13.78128,0
15:09:36,14.5,36.5,13.79203,0
15:09:37,14.5,36.5,13.82495,0
15:09:38,14.5,36.5,13.84571,0
15:09:39,14.5,36.5,13.87654,0
15:09:40,14.6,36.5,13.900889999999999,0
15:09:41,14.6,36.5,13.9135,0
15:09:42,14.6,36.5,13.92486,0
15:09:43,14.6,36.6,13.92622,0
15:09:44,14.6,36.6,13.95565,0
15:09:45,14.6,36.6,13.942630000000001,0
15:09:46,14.7,36.6,13.940479999999999,0
15:09:47,14.7,36.6,13.92631,0
15:09:48,14.7,36.6,13.950650000000001,0
15:09:49,14.7,36.6,13.92187,0
15:09:50,14.7,36.6,13.94249,0
15:09:51,14.7,36.6,13.92302,0
15:09:52,14.7,36.6,13.921130000000002,0
15:09:53,14.7,36.6,13.941870000000002,0
15:09:54,14.7,36.6,13.947750000000001,0
15:09:55,14.7,36.6,13.94404,0
15:09:56,14.7,36.6,13.929910000000001,0
15:09:57,14.7,36.6,13.946159999999999,0
15:09:58,14.7,36.6,13.934070000000002,0
15:09:59,14.7,36.6,13.931669999999999,0
15:10:00,14.7,36.6,13.93525,0
15:10:01,14.7,36.6,13.960049999999999,0
15:10:02,14.7,36.6,13.973669999999998,0
15:10:03,14.7,36.6,13.98583,0
15:10:04,14.7,36.6,13.951089999999999,0
15:10:05,14.8,36.6,13.971680000000001,0
15:10:06,14.8,36.6,13.99007,0
15:10:07,14.8,36.6,13.98505,0
15:10:08,14.8,36.6,14.02502,0
15:10:09,14.8,36.7,14.04624,0
15:10:10,14.8,36.7,14.04624,0
15:10:11,14.8,36.7,14.036719999999999,0
15:10:12,14.8,36.7,14.02941,0
15:10:13,14.8,36.7,14.064309999999999,0
15:10:14,14.8,36.7,14.043410000000002,0
15:10:15,14.8,36.7,14.0062,0
15:10:16,14.8,36.7,14.04172,0
15:10:17,14.8,36.7,14.027619999999999,0
15:10:18,14.8,36.7,14.040849999999999,0
15:10:19,14.8,36.7,14.027470000000001,0
15:10:20,14.8,36.7,14.02701,0
15:10:21,14.8,36.7,14.03004,0
15:10:22,14.8,36.7,14.019129999999999,0
15:10:23,14.8,36.7,14.015600000000001,0
15:10:24,14.8,36.7,14.02992,0
15:10:25,14.8,36.7,14.00851,0
15:10:26,14.8,36.7,13.99573,0
15:10:27,14.8,36.7,13.9461,0
15:10:28,14.8,36.7,13.99743,0
15:10:29,14.8,36.7,13.99831,0
15:10:30,14.8,36.7,13.99118,0
15:10:31,14.8,36.7,13.97439,0
15:10:32,14.8,36.7,13.968079999999999,0
15:10:33,14.8,36.7,13.9709,0
15:10:34,14.8,36.7,13.94192,0
15:10:35,14.8,36.8,13.94439,0
15:10:36,14.8,36.8,13.94,0
15:10:37,14.8,36.8,13.951469999999999,0
15:10:38,14.8,36.8,13.9057,0
15:10:39,14.8,36.8,13.943359999999998,0
15:10:40,14.8,36.8,13.946420000000002,0
15:10:41,14.8,36.8,13.96335,0
15:10:42,14.8,36.8,13.888729999999999,0
15:10:43,14.8,36.8,13.90712,0
15:10:44,14.8,36.8,13.935529999999998,0
15:10:45,14.8,36.8,13.91098,0
15:10:46,14.8,36.8,13.89014,0
15:10:47,14.7,36.8,13.887450000000001,0
15:10:48,14.7,36.8,13.89929,0
15:10:49,14.7,36.8,13.89088,0
15:10:50,14.7,36.8,13.890350000000002,0
15:10:51,14.7,36.8,13.899510000000001,0
15:10:52,14.7,36.8,13.895050000000001,0
15:10:53,14.7,36.8,13.88055,0
15:10:54,14.7,36.8,13.91489,0
15:10:55,14.6,36.8,13.91489,0
15:10:56,14.6,36.8,13.85879,0
15:10:57,14.6,36.8,13.864009999999999,0
15:10:58,14.6,36.8,13.853499999999999,0
15:10:59,14.6,36.8,13.86337,0
15:11:00,14.6,36.8,13.865160000000001,0
15:11:01,14.5,36.8,13.93078,0
15:11:02,14.5,36.7,13.92604,0
15:11:03,14.5,36.7,13.949800000000002,0
15:11:04,14.5,36.7,14.020740000000002,0
15:11:05,14.5,36.7,14.097909999999999,0
15:11:06,14.5,36.7,14.134459999999999,0
15:11:07,14.5,36.7,14.234679999999999,0
15:11:08,14.5,36.7,14.32657,0
15:11:09,14.5,36.7,14.456330000000001,0
15:11:10,14.6,36.7,14.58965,0
15:11:11,14.6,36.7,14.71952,0
15:11:12,14.7,36.7,14.885200000000001,0
15:11:13,14.8,36.7,15.06961,0
15:11:14,14.9,36.7,15.18386,0
15:11:15,15.1,36.6,15.43086,0
15:11:16,15.2,36.6,15.623310000000002,0
15:11:17,15.4,36.6,15.82887,0
15:11:18,15.4,36.6,16.030620000000003,0
15:11:19,15.7,36.6,16.247059999999998,0
15:11:20,15.9,36.6,16.46939,0
15:11:21,16,36.6,16.718320000000002,0
15:11:22,16.2,36.6,16.96249,0
15:11:23,16.4,36.6,17.11819,0
15:11:24,16.5,36.6,17.15065,0
15:11:25,16.7,36.5,17.45576,0
15:11:26,17.1,36.5,17.71479,0
15:11:27,17.2,36.5,17.95671,0
15:11:28,17.4,36.5,18.21666,0
15:11:29,17.8,36.5,18.47427,0
15:11:30,18.1,36.5,18.74644,0
15:11:31,18.1,36.5,19.00579,0
15:11:32,18.3,36.5,19.26151,0
15:11:33,18.5,36.5,19.511709999999997,0
15:11:34,18.9,36.5,19.774240000000002,0
15:11:35,19.3,36.5,20.03407,0
15:11:36,19.3,36.5,20.29532,0
15:11:37,19.7,36.5,20.58791,0
15:11:38,19.9,36.5,20.86546,0
15:11:39,20.2,36.4,21.14176,0
15:11:40,20.4,36.4,21.37104,0
15:11:41,20.7,36.4,21.37104,0
15:11:42,20.8,36.4,21.6256,0
15:11:43,21,36.4,21.85022,0
15:11:44,21.5,36.4,22.09391,0
15:11:45,21.7,36.4,22.091939999999997,0
15:11:46,21.9,36.4,22.37386,0
15:11:47,22.2,36.4,22.6355,0
15:11:48,22.4,36.4,22.85877,0
15:11:49,22.6,36.4,23.069609999999997,0
15:11:50,23,36.4,23.31813,0
15:11:51,23,36.4,23.5417,0
15:11:52,23.2,36.4,23.77288,0
15:11:53,23.4,36.4,23.99724,0
15:11:54,23.8,36.4,24.22407,0
15:11:55,23.9,36.4,24.427419999999998,0
15:11:56,24.1,36.3,24.63381,0
15:11:57,24.4,36.3,24.84597,0
15:11:58,24.4,36.3,24.987029999999997,0
15:11:59,24.7,36.3,25.20106,0
15:12:00,24.9,36.3,25.351570000000002,0
15:12:01,25.2,36.3,25.53699,0
15:12:02,25.3,36.3,25.71885,0
15:12:03,25.4,36.3,25.85507,0
15:12:04,25.6,36.3,26.03165,0
15:12:05,25.7,36.3,26.01551,0
15:12:06,25.9,36.3,26.20514,0
15:12:07,26.2,36.3,26.34399,0
15:12:08,26.3,36.3,26.50061,0
15:12:09,26.4,36.3,26.63328,0
15:12:10,26.6,36.3,26.76964,0
15:12:11,26.7,36.3,26.89259,0
15:12:12,26.9,36.3,27.027410000000003,0
15:12:13,27,36.3,27.14584,0
15:12:14,27.1,36.3,27.26305,0
15:12:15,27.3,36.3,27.35589,0
15:12:16,27.4,36.3,27.429470000000002,0
15:12:17,27.5,36.3,27.58509,0
15:12:18,27.6,36.3,27.677590000000002,0
15:12:19,27.7,36.3,27.763890000000004,0
15:12:20,27.9,36.3,27.84314,0
15:12:21,27.9,36.3,27.946890000000003,0
15:12:22,28.1,36.3,27.988410000000002,0
15:12:23,28.2,36.3,28.063470000000002,0
15:12:24,28.2,36.3,28.1706,0
15:12:25,28.3,36.3,28.207759999999997,0
15:12:26,28.4,36.3,28.203450000000004,0
15:12:27,28.5,36.3,28.203450000000004,0
15:12:28,28.6,36.3,28.32834,0
15:12:29,28.6,36.3,28.389789999999998,0
15:12:30,28.7,36.3,28.43213,0
15:12:31,28.8,36.3,28.50307,0
15:12:32,28.8,36.3,28.56282,0
15:12:33,28.9,36.3,28.58579,0
15:12:34,29,36.3,28.63249,0
15:12:35,29,36.3,28.686529999999998,0
15:12:36,29.1,36.3,28.735840000000003,0
15:12:37,29.2,36.3,28.73192,0
15:12:38,29.2,36.3,28.807470000000002,0
15:12:39,29.3,36.3,28.85331,0
15:12:40,29.3,36.3,28.857470000000003,0
15:12:41,29.4,36.3,28.91124,0
15:12:42,29.4,36.3,28.96491,0
15:12:43,29.5,36.3,28.96417,0
15:12:44,29.5,36.3,28.969070000000002,0
15:12:45,29.6,36.3,29.00117,0
15:12:46,29.6,36.3,28.97793,0
15:12:47,29.6,36.3,29.060619999999997,0
15:12:48,29.7,36.3,29.06532,0
15:12:49,29.7,36.3,29.0943,0
15:12:50,29.7,36.3,29.09409,0
15:12:51,29.8,36.3,29.10233,0
15:12:52,29.8,36.3,29.13933,0
15:12:53,29.8,36.3,29.15245,0
15:12:54,29.9,36.3,29.151329999999998,0
15:12:55,29.9,36.3,29.207539999999998,0
15:12:56,29.9,36.3,29.22975,0
15:12:57,29.9,36.3,29.265790000000003,0
15:12:58,30,36.3,29.271649999999998,0
15:12:59,30,36.3,29.29517,0
15:13:00,30,36.3,29.315219999999997,0
15:13:01,30.1,36.3,29.32866,0
15:13:02,30.1,36.3,29.3484,0
15:13:03,30.1,36.4,29.374899999999997,0
15:13:04,30.2,36.4,29.409059999999997,0
15:13:05,30.2,36.4,29.3888,0
15:13:06,30.2,36.4,29.434919999999998,0
15:13:07,30.2,36.4,29.39604,0
15:13:08,30.2,36.4,29.42747,0
15:13:09,30.2,36.4,29.4456,0
15:13:10,30.3,36.4,29.41339,0
15:13:11,30.3,36.4,29.41784,0
15:13:12,30.3,36.4,29.41784,0
15:13:13,30.3,36.4,29.472520000000003,0
15:13:14,30.3,36.4,29.47589,0
15:13:15,30.4,36.4,29.48791,0
15:13:16,30.4,36.4,29.52903,0
15:13:17,30.4,36.4,29.526940000000003,0
15:13:18,30.4,36.4,29.51374,0
15:13:19,30.4,36.4,29.58508,0
15:13:20,30.5,36.4,29.585660000000004,0
15:13:21,30.5,36.4,29.58526,0
15:13:22,30.5,36.4,29.64246,0
15:13:23,30.5,36.4,29.63737,0
15:13:24,30.6,36.4,29.63945,0
15:13:25,30.6,36.4,29.60099,0
15:13:26,30.6,36.5,29.599389999999996,0
15:13:27,30.6,36.5,29.53721,0
15:13:28,30.6,36.5,29.58576,0
15:13:29,30.6,36.5,29.591289999999997,0
15:13:30,30.6,36.5,29.59504,0
15:13:31,30.6,36.5,29.6003,0
15:13:32,30.6,36.5,29.598190000000002,0
15:13:33,30.7,36.5,29.60126,0
15:13:34,30.7,36.5,29.626780000000004,0
15:13:35,30.7,36.5,29.62291,0
15:13:36,30.7,36.5,29.620210000000004,0
15:13:37,30.7,36.5,29.58367,0
15:13:38,30.7,36.5,29.64462,0
15:13:39,30.7,36.5,29.6404,0
15:13:40,30.7,36.5,29.63711,0
15:13:41,30.7,36.5,29.63515,0
15:13:42,30.7,36.5,29.64026,0
15:13:43,30.7,36.5,29.638350000000003,0
15:13:44,30.7,36.5,29.61913,0
15:13:45,30.8,36.5,29.6286,0
15:13:46,30.8,36.5,29.606769999999997,0
15:13:47,30.8,36.5,29.59574,0
15:13:48,30.8,36.5,29.60813,0
15:13:49,30.8,36.6,29.62167,0
15:13:50,30.8,36.6,29.598429999999997,0
15:13:51,30.8,36.6,29.62996,0
15:13:52,30.8,36.6,29.62638,0
15:13:53,30.8,36.6,29.62304,0
15:13:54,30.8,36.6,29.61882,0
15:13:55,30.8,36.6,29.66743,0
15:13:56,30.8,36.6,29.67868,0
15:13:57,30.8,36.6,29.68282,0
15:13:58,30.8,36.6,29.68282,0
15:13:59,30.8,36.6,29.68471,0
15:14:00,30.8,36.6,29.689510000000002,0
15:14:01,30.8,36.6,29.677680000000002,0
15:14:02,30.8,36.6,29.689860000000003,0
15:14:03,30.8,36.6,29.68055,0
15:14:04,30.8,36.6,29.68701,0
15:14:05,30.8,36.6,29.685830000000003,0
15:14:06,30.9,36.6,29.657410000000002,0
15:14:07,30.9,36.6,29.702450000000002,0
15:14:08,30.9,36.6,29.712220000000002,0
15:14:09,30.9,36.6,29.73522,0
15:14:10,30.9,36.7,29.713,0
15:14:11,30.9,36.7,29.72959,0
15:14:12,30.9,36.7,29.72438,0
15:14:13,30.9,36.7,29.69616,0
15:14:14,30.9,36.7,29.6892,0
15:14:15,30.9,36.7,29.66396,0
15:14:16,30.9,36.7,29.66894,0
15:14:17,30.9,36.7,29.672739999999997,0
15:14:18,30.9,36.7,29.652859999999997,0
15:14:19,30.9,36.7,29.66684,0
15:14:20,30.9,36.7,29.652230000000003,0
15:14:21,30.9,36.7,29.654449999999997,0
15:14:22,30.9,36.7,29.66288,0
15:14:23,30.9,36.7,29.63712,0
15:14:24,30.9,36.7,29.65598,0
15:14:25,30.9,36.7,29.647119999999997,0
15:14:26,30.9,36.7,29.58199,0
15:14:27,30.9,36.7,29.6651,0
15:14:28,30.9,36.7,29.65547,0
15:14:29,30.9,36.7,29.64717,0
15:14:30,30.9,36.7,29.630129999999998,0
15:14:31,30.9,36.7,29.66331,0
15:14:32,30.9,36.8,29.675,0
15:14:33,30.9,36.8,29.67012,0
15:14:34,30.9,36.8,29.66219,0
15:14:35,30.9,36.8,29.66283,0
15:14:36,30.9,36.8,29.63366,0
15:14:37,30.9,36.8,29.69192,0
15:14:38,30.9,36.8,29.684060000000002,0
15:14:39,30.9,36.8,29.67739,0
15:14:40,30.9,36.8,29.681160000000002,0
15:14:41,30.9,36.8,29.68037,0
15:14:42,30.9,36.8,29.691200000000002,0
15:14:43,30.9,36.8,29.717339999999997,0
15:14:44,30.9,36.8,29.717339999999997,0
15:14:45,30.9,36.8,29.73977,0
15:14:46,30.9,36.8,29.69061,0
15:14:47,30.9,36.8,29.76284,0
15:14:48,30.9,36.8,29.78731,0
15:14:49,30.9,36.8,29.83285,0
15:14:50,30.9,36.8,29.82018,0
15:14:51,30.9,36.8,29.81492,0
15:14:53,30.9,36.8,29.877,0
15:14:54,31,36.8,29.878890000000002,0
15:14:55,31,36.9,29.92291,0
15:14:56,31,36.9,29.93928,0
15:14:57,31,36.9,29.95416,0
15:14:58,31.1,36.9,29.98985,0
15:14:59,31.1,36.9,30.00408,0
15:15:00,31.1,36.9,30.034129999999998,0
15:15:01,31.1,36.9,30.044700000000002,0
15:15:02,31.1,36.9,30.04502,0
15:15:03,31.1,36.9,30.11376,0
15:15:04,31.2,36.9,30.121530000000003,0
15:15:05,31.2,36.9,30.1268,0
15:15:06,31.2,36.9,30.14874,0
15:15:07,31.2,36.9,30.156519999999997,0
15:15:08,31.3,36.9,30.126730000000002,0
15:15:09,31.3,36.9,30.1817,0
15:15:10,31.3,36.9,30.20864,0
15:15:11,31.3,36.9,30.19288,0
15:15:12,31.3,36.9,30.237969999999997,0
15:15:13,31.3,36.9,30.25543,0
15:15:14,31.4,36.9,30.298370000000002,0
15:15:15,31.4,36.9,30.348550000000003,0
15:15:16,31.4,36.9,30.40067,0
15:15:17,31.4,36.9,30.39074,0
15:15:18,31.4,36.9,30.439929999999997,0
15:15:19,31.5,36.9,30.43422,0
15:15:20,31.5,37,30.41666,0
15:15:21,31.5,37,30.453989999999997,0
15:15:22,31.5,37,30.428870000000003,0
15:15:23,31.6,37,30.44637,0
15:15:24,31.6,37,30.473860000000002,0
15:15:25,31.6,37,30.469859999999997,0
15:15:26,31.6,37,30.447000000000003,0
15:15:27,31.6,37,30.448249999999998,0
15:15:28,31.6,37,30.39032,0
15:15:29,31.6,37,30.42069,0
15:15:30,31.6,37,30.42069,0
15:15:31,31.6,37,30.446050000000003,0
15:15:32,31.6,37,30.43402,0
15:15:33,31.6,37,30.455779999999997,0
15:15:34,31.6,37,30.44691,0
15:15:35,31.6,37,30.490070000000003,0
15:15:36,31.6,37,30.531560000000002,0
15:15:37,31.6,37,30.530049999999996,0
15:15:38,31.6,37,30.583519999999996,0
15:15:39,31.7,37,30.57313,0
15:15:40,31.7,37,30.66353,0
15:15:41,31.7,37,30.70408,0
15:15:42,31.7,37,30.73119,0
15:15:43,31.8,37,30.749100000000002,0
15:15:44,31.8,37,30.80469,0
15:15:45,31.8,37,30.81529,0
15:15:46,31.9,37.1,30.85288,0
15:15:47,31.9,37.1,30.883290000000002,0
15:15:48,31.9,37.1,30.86126,0
15:15:49,31.9,37.1,30.94034,0
15:15:50,32,37.1,30.99355,0
15:15:51,32,37.1,31.07023,0
15:15:52,32,37.1,31.061719999999998,0
15:15:53,32.1,37.1,31.11589,0
15:15:54,32.1,37.1,31.19037,0
15:15:55,32.1,37.1,31.218849999999996,0
15:15:56,32.2,37.1,31.279329999999998,0
15:15:57,32.2,37.1,31.290839999999996,0
15:15:58,32.3,37.1,31.339270000000003,0
15:15:59,32.3,37.1,31.38374,0
15:16:00,32.4,37.1,31.45259,0
15:16:01,32.4,37.1,31.49507,0
15:16:02,32.4,37.1,31.546819999999997,0
15:16:03,32.5,37.1,31.59561,0
15:16:04,32.5,37.1,31.64942,0
15:16:05,32.5,37.1,31.696160000000003,0
15:16:06,32.6,37.1,31.74936,0
15:16:07,32.7,37.1,31.77568,0
15:16:08,32.7,37.1,31.746190000000002,0
15:16:09,32.7,37.1,31.80903,0
15:16:10,32.8,37.1,31.86617,0
15:16:11,32.8,37.1,31.936690000000002,0
15:16:12,32.9,37.1,31.94573,0
15:16:13,32.9,37.1,32.037690000000005,0
15:16:14,33,37.1,32.10929,0
15:16:15,33,37.1,32.22643,0
15:16:16,33.1,37.1,32.22643,0
15:16:17,33.2,37.2,32.32396,0
15:16:18,33.3,37.2,32.4067,0
15:16:19,33.4,37.2,32.49948,0
15:16:20,33.4,37.2,32.59109,0
15:16:21,33.5,37.2,32.705279999999995,0
15:16:22,33.5,37.2,32.788129999999995,0
15:16:23,33.6,37.2,32.825900000000004,0
15:16:24,33.7,37.2,32.938469999999995,0
15:16:25,33.7,37.2,32.99438,0
15:16:26,33.9,37.2,33.063140000000004,0
15:16:27,33.9,37.2,33.13209,0
15:16:28,34,37.2,33.20258,0
15:16:29,34.1,37.2,33.25754,0
15:16:30,34.1,37.2,33.22226,0
15:16:31,34.1,37.2,33.34601,0
15:16:32,34.2,37.2,33.43258,0
15:16:33,34.3,37.2,33.53705,0
15:16:34,34.5,37.2,33.595530000000004,0
15:16:35,34.5,37.2,33.68143,0
15:16:36,34.6,37.2,33.77293,0
15:16:37,34.7,37.2,33.86378,0
15:16:38,34.7,37.2,33.966010000000004,0
15:16:39,34.8,37.2,34.04417,0
15:16:40,34.8,37.2,34.133829999999996,0
15:16:41,34.9,37.2,34.22918,0
15:16:42,35,37.2,34.31178,0
15:16:43,35.2,37.2,34.38608,0
15:16:44,35.3,37.2,34.57246,0
15:16:45,35.4,37.2,34.64158,0
15:16:46,35.4,37.2,34.7802,0
15:16:47,35.6,37.2,34.906569999999995,0
15:16:48,35.7,37.2,35.02186,0
15:16:49,35.7,37.2,35.136430000000004,0
15:16:50,35.8,37.2,35.148740000000004,0
15:16:51,36,37.3,35.25387,0
15:16:52,36,37.3,35.42533,0
15:16:53,36.2,37.3,35.56843,0
15:16:54,36.3,37.3,35.65016,0
15:16:55,36.4,37.3,35.80217,0
15:16:56,36.5,37.3,35.94257,0
15:16:57,36.7,37.3,36.08254,0
15:16:58,36.7,37.3,36.218889999999995,0
15:16:59,36.9,37.3,36.35378,0
15:17:00,37,37.3,36.45432,0
15:17:01,37.3,37.3,36.45432,0
15:17:02,37.4,37.3,36.60244,0
15:17:03,37.4,37.3,36.731320000000004,0
15:17:04,37.5,37.3,36.81388,0
15:17:05,37.5,37.3,36.890879999999996,0
15:17:06,37.7,37.3,36.94081,0
15:17:07,37.7,37.3,36.9946,0
15:17:08,37.8,37.3,37.08246,0
15:17:09,37.9,37.3,37.13395,0
15:17:10,38,37.3,37.1848,0
15:17:11,38,37.3,37.23102,0
15:17:12,38.1,37.3,37.19128,0
15:17:13,38.2,37.3,37.30215,0
15:17:14,38.2,37.3,37.36505,0
15:17:15,38.2,37.3,37.47419,0
15:17:16,38.3,37.3,37.52651,0
15:17:17,38.3,37.3,37.61583,0
15:17:18,38.4,37.3,37.68596,0
15:17:19,38.5,37.3,37.77165,0
15:17:20,38.6,37.3,37.85132,0
15:17:21,38.7,37.3,37.93163,0
15:17:22,38.8,37.3,37.98443,0
15:17:23,38.8,37.3,38.03768,0
15:17:24,38.9,37.3,38.17338,0
15:17:25,39,37.3,38.27731,0
15:17:26,39,37.3,38.37083,0
15:17:27,39.1,37.4,38.45048,0
15:17:28,39.2,37.4,38.55157,0
15:17:29,39.3,37.4,38.66751,0
15:17:30,39.4,37.4,38.770070000000004,0
15:17:31,39.4,37.4,38.85313,0
15:17:32,39.6,37.4,38.91704,0
15:17:33,39.6,37.4,38.886199999999995,0
15:17:34,39.8,37.4,39.01915,0
15:17:35,39.8,37.4,39.114779999999996,0
15:17:36,39.9,37.4,39.20037,0
15:17:37,40,37.4,39.25407,0
15:17:38,40,37.4,39.35863,0
15:17:39,40.1,37.4,39.4264,0
15:17:40,40.2,37.4,39.47118,0
15:17:41,40.2,37.4,39.5615,0
15:17:42,40.3,37.4,39.63903,0
15:17:43,40.4,37.4,39.67949,0
15:17:44,40.5,37.4,39.774789999999996,0
15:17:45,40.5,37.4,39.90829,0
15:17:46,40.6,37.4,39.90829,0
15:17:47,40.8,37.4,39.98791,0
15:17:48,40.8,37.4,40.10476,0
15:17:49,40.9,37.4,40.190690000000004,0
15:17:50,41,37.4,40.277010000000004,0
15:17:51,41,37.4,40.35965,0
15:17:52,41.1,37.4,40.477619999999995,0
15:17:53,41.1,37.4,40.5737,0
15:17:54,41.2,37.4,40.645019999999995,0
15:17:55,41.4,37.4,40.59928,0
15:17:56,41.5,37.4,40.74373,0
15:17:57,41.5,37.4,40.85089,0
15:17:58,41.7,37.4,40.9431,0
15:17:59,41.7,37.4,41.03951,0
15:18:00,41.8,37.4,41.17025,0
15:18:01,41.9,37.4,41.20928,0
15:18:02,42.1,37.4,41.32386,0
15:18:03,42.1,37.4,41.38487,0
15:18:04,42.1,37.4,41.46266,0
15:18:05,42.2,37.4,41.54469,0
15:18:06,42.3,37.4,41.5549,0
15:18:07,42.3,37.4,41.7333,0
15:18:08,42.5,37.4,41.81563,0
15:18:09,42.6,37.5,41.92535,0
15:18:10,42.7,37.5,42.009479999999996,0
15:18:11,42.7,37.5,42.13549,0
15:18:12,42.8,37.5,42.22765,0
15:18:13,42.8,37.5,42.336200000000005,0
15:18:14,42.9,37.5,42.4423,0
15:18:15,43.1,37.5,42.51002,0
15:18:16,43.2,37.5,42.47414,0
15:18:17,43.3,37.5,42.63803,0
15:18:18,43.4,37.5,42.727759999999996,0
15:18:19,43.5,37.5,42.84332,0
15:18:20,43.6,37.5,42.89685,0
15:18:21,43.6,37.5,42.97546,0
15:18:22,43.7,37.5,43.03017,0
15:18:23,43.8,37.5,43.11757,0
15:18:24,43.8,37.5,43.228159999999995,0
15:18:25,43.8,37.5,43.33639,0
15:18:26,44,37.5,43.41581,0
15:18:27,44.1,37.5,43.4944,0
15:18:28,44.2,37.5,43.617470000000004,0
15:18:29,44.2,37.5,43.74056,0
15:18:30,44.3,37.5,43.84221,0
15:18:31,44.4,37.5,43.84221,0
15:18:32,44.5,37.5,43.94977,0
15:18:33,44.7,37.5,44.08767,0
15:18:34,44.8,37.5,44.251689999999996,0
15:18:35,44.9,37.5,44.47941,0
15:18:36,45.1,37.5,44.73781,0
15:18:37,45.1,37.5,45.02044,0
15:18:38,45.4,37.5,45.18376,0
15:18:39,45.7,37.5,45.32259,0
15:18:40,46.2,37.5,45.69444,0
15:18:41,46.5,37.5,46.066410000000005,0
15:18:42,46.9,37.5,46.5136,0
15:18:43,47.3,37.5,47.06073,0
15:18:44,47.3,37.5,47.77681,0
15:18:45,47.8,37.5,48.637859999999996,0
15:18:46,48.4,37.5,49.61211,0
15:18:47,50,37.5,50.83325,0
15:18:48,51,37.5,52.298429999999996,0
15:18:49,51,37.5,53.93222,0
15:18:50,54.1,37.6,55.81777,0
15:18:51,54.1,37.6,57.841120000000004,0
15:18:52,56.6,37.6,60.05674,0
15:18:53,58,37.6,62.386810000000004,0
15:18:54,60.8,37.6,64.77087999999999,0
15:18:55,61.9,37.6,67.16008,0
15:18:56,63.4,37.6,69.65188,0
15:18:57,63.4,37.6,72.13452000000001,0
15:18:58,66.6,37.6,74.44852,0
15:18:59,68.2,37.6,76.59387,0
15:19:00,71.5,37.7,77.39319,0
15:19:01,73,37.7,78.70902,0
15:19:02,74.5,37.7,80.76205,0
15:19:03,74.5,37.7,82.59637,0
15:19:04,76,37.8,84.23352,0
15:19:05,77.3,37.8,85.72449,0
15:19:06,79.8,37.8,86.99839,0
15:19:07,80.9,37.9,88.05404,0
15:19:08,81.9,37.9,88.94971000000001,0
15:19:09,82.8,37.9,89.65069,0
15:19:10,82.8,37.9,90.15971,0
15:19:11,84.2,37.9,90.55566,0
15:19:12,85.1,38,90.77005,0
15:19:13,85.1,38,90.83310999999999,0
15:19:14,85.9,38,90.71515,0
15:19:15,85.9,38,90.52472999999999,0
15:19:16,86.6,38,90.52472999999999,0
15:19:17,86.8,38,90.26273,0
15:19:18,86.8,38,89.9311,0
15:19:19,86.9,38,89.87688,0
15:19:20,86.9,38,89.56633000000001,0
15:19:21,86.9,38,89.12626,0
15:19:22,86.9,38,88.68101,0
15:19:23,86.8,38,88.21814,0
15:19:24,86.6,38,87.78228,0
15:19:25,86.4,38,87.32432,0
15:19:26,86.4,38,86.91655,0
15:19:27,86.2,38,86.46007999999999,0
15:19:28,86,38,86.04851,0
15:19:29,85.4,38,85.62276,0
15:19:30,85.1,38,85.30417,0
15:19:31,84.9,38,84.94026,0
15:19:32,84.6,38,84.59170999999999,0
15:19:33,84.3,38,84.31020000000001,0
15:19:34,84.3,38,84.01207000000001,0
15:19:35,83.7,38,83.79789,0
15:19:36,83.2,38,83.57405,0
15:19:37,82.9,38,83.44351,0
15:19:38,82.7,38,83.29149,0
15:19:39,82.7,38,83.08969,0
15:19:40,82.5,38,82.88125,0
15:19:41,82.2,38,82.58341999999999,0
15:19:42,81.8,38,82.35386,0
15:19:43,81.6,38,82.09781000000001,0
15:19:44,81.3,38,81.85416,0
15:19:45,81,38,81.63808,0
15:19:46,81,38,81.37494,0
15:19:47,80.5,38,81.155,0
15:19:48,80.1,38.1,80.92853,0
15:19:49,79.8,38.1,80.70233999999999,0
15:19:50,79.6,38.1,80.50734,0
15:19:51,79.6,38.1,80.27752,0
15:19:52,79.4,38.1,80.04938,0
15:19:53,79.2,38.1,79.80538,0
15:19:54,78.8,38.1,79.59594,0
15:19:55,78.4,38.1,79.38577,0
15:19:56,78.1,38.1,79.30973999999999,0
15:19:57,78.1,38.1,79.11650999999999,0
15:19:58,77.9,38.1,78.98357,0
15:19:59,77.7,38.1,78.74186,0
15:20:00,77.3,38.1,78.52388,0
15:20:01,77.1,38.1,78.52388,0
15:20:02,76.9,38.1,78.31566,0
15:20:03,76.7,38.1,78.12582,0
15:20:04,76.5,38.1,77.92056000000001,0
15:20:05,76.5,38.1,77.71651,0
15:20:06,76,38.1,77.5067,0
15:20:07,75.7,38.1,77.23017,0
15:20:08,75.7,38.1,77.03546,0
15:20:09,75.5,38.1,76.82563999999999,0
15:20:10,75.3,38.1,76.58792,0
15:20:11,74.8,38.1,76.38277,0
15:20:12,74.8,38.1,76.16803,0
15:20:13,74.3,38.1,75.99982,0
15:20:14,74.1,38.1,75.81488,0
15:20:15,74,38.1,75.66958,0
15:20:16,74,38.1,75.57718,0
15:20:17,73.7,38.1,75.49679,0
15:20:18,73.4,38.1,75.3984,0
15:20:19,73.2,38.1,75.25627,0
15:20:20,73.1,38.1,75.10031000000001,0
15:20:21,73.1,38.1,74.94957,0
15:20:22,72.8,38.1,74.83085,0
15:20:23,72.6,38.1,74.69718,0
15:20:24,72.6,38.1,74.51210999999999,0
15:20:25,72.5,38.1,74.39436,0
15:20:26,72.3,38.1,74.23033,0
15:20:27,72.1,38.1,74.1219,0
15:20:28,72,38.1,73.99808,0
15:20:29,71.9,38.1,73.88672,0
15:20:30,71.7,38.1,73.74401,0
15:20:31,71.7,38.1,73.61598000000001,0
15:20:32,71.5,38.1,73.50416,0
15:20:33,71.3,38.1,73.38388,0
15:20:34,71.2,38.1,73.27413,0
15:20:35,71.1,38.1,73.16113,0
15:20:36,71,38.1,73.10042,0
15:20:37,70.8,38.1,72.94073,0
15:20:38,70.7,38.1,72.88219000000001,0
15:20:39,70.6,38.1,72.76847,0
15:20:40,70.4,38.1,72.63034999999999,0
15:20:41,70.3,38.1,72.51104000000001,0
15:20:42,70.3,38.1,72.41062000000001,0
15:20:43,70.1,38.1,72.36022,0
15:20:44,70,38.1,72.29291,0
15:20:45,69.9,38.1,72.23647,0
15:20:46,69.8,38.1,72.15509,0
15:20:47,69.7,38.1,72.15509,0
15:20:48,69.7,38.1,72.03265,0
15:20:49,69.7,38.1,72.03435999999999,0
15:20:50,69.5,38,71.91454,0
15:20:51,69.4,38,71.80698,0
15:20:52,69.3,38,71.73465999999999,0
15:20:53,69.3,38,71.65413000000001,0
15:20:54,69.2,38,71.55818000000001,0
15:20:55,69.1,38,71.50443,0
15:20:56,69,38,71.43845,0
15:20:57,68.9,38,71.45473,0
15:20:58,68.9,38,71.38049,0
15:20:59,68.8,38,71.35953,0
15:21:00,68.7,38,71.29832,0
15:21:01,68.7,38,71.1817,0
15:21:02,68.6,38,71.08997000000001,0
15:21:03,68.5,38,71.0051,0
15:21:04,68.4,38,70.92091,0
15:21:05,68.4,38,70.77508999999999,0
15:21:06,68.3,38,70.72099,0
15:21:07,68.3,38,70.60562,0
15:21:08,68.1,38,70.48162,0
15:21:09,68,38,70.38062000000001,0
15:21:10,68,38,70.26696,0
15:21:11,67.9,38,70.20937,0
15:21:12,67.8,38,70.16037,0
15:21:13,67.7,38,70.0923,0
15:21:14,67.7,38,70.02469,0
15:21:15,67.5,38,69.94583,0
15:21:16,67.5,38,69.90159,0
15:21:17,67.4,38,69.8832,0
15:21:18,67.4,38,69.83637,0
15:21:19,67.3,38,69.88383,0
15:21:20,67.3,38,69.88419999999999,0
15:21:21,67.2,38,69.86521,0
15:21:22,67.2,38,69.85807000000001,0
15:21:23,67.2,38,69.83951,0
15:21:24,67.1,38,69.82985000000001,0
15:21:25,67.1,38,69.77103,0
15:21:26,67.1,38,69.71714,0
15:21:27,67.1,38,69.68913,0
15:21:28,67.1,38,69.74225,0
15:21:29,67.1,38,69.74525,0
15:21:30,67,38,69.81484,0
15:21:31,67,38,69.88969,0
15:21:32,67,38,69.88969,0
15:21:33,67,38,69.92237999999999,0
15:21:34,67,38,69.93701,0
15:21:35,67,38,69.96319,0
15:21:36,67,38,69.9986,0
15:21:37,67,38,70.05572,0
15:21:38,67,38,70.10694,0
15:21:39,67,38,70.20129,0
15:21:40,67,38,70.18632,0
15:21:41,67.1,38,70.35401,0
15:21:42,67.2,38,70.47053,0
15:21:43,67.3,38,70.64999,0
15:21:44,67.4,38,70.83376,0
15:21:45,67.5,38,71.0605,0
15:21:46,67.5,38,71.27972,0
15:21:47,67.6,38,71.50575,0
15:21:48,67.9,38,71.74033,0
15:21:49,68.1,38,72.00596,0
15:21:50,68.3,38,72.29248,0
15:21:51,68.5,38,72.50480999999999,0
15:21:52,68.7,38,72.8514,0
15:21:53,68.8,38,73.21166,0
15:21:54,68.8,38,73.55928,0
15:21:55,69.5,38,73.91036,0
15:21:56,69.8,38,74.29909,0
15:21:57,70,38,74.72472,0
15:21:58,70.3,38,75.11591,0
15:21:59,70.3,38,75.57585999999999,0
15:22:00,70.6,38,75.61337999999999,0
15:22:01,70.9,38,76.07453,0
15:22:02,71.6,38,76.56367,0
15:22:03,71.9,38,77.06309999999999,0
15:22:04,72.3,38,77.55524,0
15:22:05,72.6,38,78.06349,0
15:22:06,73.3,38,78.54105,0
15:22:07,73.7,38,79.07397,0
15:22:08,74,38,79.53979,0
15:22:09,74.4,38,80.00239,0
15:22:10,74.4,38,80.41732,0
15:22:11,75.1,38,80.85175,0
15:22:12,75.1,38,81.25562,0
15:22:13,76,38,81.61223,0
15:22:14,76.3,38,81.94514000000001,0
15:22:15,76.6,38,82.23236,0
15:22:16,76.9,38,82.46167,0
15:22:17,76.9,38,82.46167,0
15:22:18,77.3,38,82.72063,0
15:22:19,77.5,38,82.91901,0
15:22:20,77.5,38,82.92992,0
15:22:21,78.2,38,83.16846,0
15:22:22,78.2,38,83.40075999999999,0
15:22:23,78.4,38,83.58337999999999,0
15:22:24,78.7,38,83.724,0
15:22:25,78.7,38,83.84111,0
15:22:26,79.1,38,83.95172,0
15:22:27,79.2,38,84.07709,0
15:22:28,79.2,38,84.13817,0
15:22:29,79.4,38,84.18141,0
15:22:30,79.5,38,84.22214,0
15:22:31,79.6,38,84.29759,0
15:22:32,79.7,38.1,84.33226,0
15:22:33,79.8,38.1,84.32199,0
15:22:34,79.9,38.1,84.30718999999999,0
15:22:35,79.9,38.1,84.2767,0
15:22:36,79.9,38.1,84.22189,0
15:22:37,79.9,38.1,84.20524,0
15:22:38,80,38.1,84.23889,0
15:22:39,80,38.1,84.20632,0
15:22:40,80,38.1,84.25286,0
15:22:41,80,38.1,84.26923,0
15:22:42,80,38.1,84.28704,0
15:22:43,80,38.1,84.24542000000001,0
15:22:44,80,38.1,84.23637000000001,0
15:22:45,80,38.1,84.18157,0
15:22:46,80.1,38.1,84.16348,0
15:22:47,80.1,38.1,84.09603,0
15:22:48,80.1,38.1,84.04632,0
15:22:49,80.1,38.1,83.9423,0
15:22:50,80.1,38.1,83.89887999999999,0
15:22:51,80,38.1,83.81676,0
15:22:52,80,38.1,83.75422,0
15:22:53,80,38.1,83.66985,0
15:22:54,79.9,38.1,83.64134,0
15:22:55,79.9,38.1,83.58346,0
15:22:56,79.8,38.1,83.52306,0
15:22:57,79.8,38.1,83.51122,0
15:22:58,79.8,38.1,83.42756999999999,0
15:22:59,79.7,38.1,83.38502,0
15:23:00,79.6,38.1,83.35414,0
15:23:01,79.6,38.1,83.26763,0
15:23:02,79.5,38.1,83.26763,0
15:23:03,79.5,38.1,83.18589,0
15:23:04,79.4,38.1,83.13509,0
15:23:05,79.3,38.1,83.08731999999999,0
15:23:06,79.3,38.1,83.01043,0
15:23:07,79.3,38.1,82.99033,0
15:23:08,79.2,38.1,82.89542,0
15:23:09,79.1,38.1,82.84813,0
15:23:10,79,38.1,82.74941,0
15:23:11,79,38.1,82.63422,0
15:23:12,79,38.1,82.5183,0
15:23:13,78.9,38.1,82.43814,0
15:23:14,78.8,38.1,82.37942000000001,0
15:23:15,78.8,38.1,82.32617,0
15:23:16,78.6,38.1,82.27609,0
15:23:17,78.5,38.1,82.25541,0
15:23:18,78.4,38.1,82.18575,0
15:23:19,78.4,38.1,82.15628000000001,0
15:23:20,78.3,38.1,82.12619,0
15:23:21,78.3,38.1,82.06078,0
15:23:22,78.2,38.1,82.04188,0
15:23:23,78.2,38.1,81.97459,0
15:23:24,78.1,38.1,81.98537,0
15:23:25,78.1,38.1,81.93169999999999,0
15:23:26,78,38.1,81.88749,0
15:23:27,78,38.1,81.83758,0
15:23:28,78,38.1,81.83138,0
15:23:29,77.9,38.1,81.81742,0
15:23:30,77.9,38.1,81.77461000000001,0
15:23:31,77.8,38.1,81.68488,0
15:23:32,77.8,38.1,81.66018000000001,0
15:23:33,77.8,38.1,81.63163,0
15:23:34,77.8,38.1,81.64612,0
15:23:35,77.7,38.1,81.63226,0
15:23:36,77.6,38.1,81.59033,0
15:23:37,77.6,38.1,81.63802,0
15:23:38,77.6,38.1,81.65861,0
15:23:39,77.6,38.1,81.69107,0
15:23:40,77.6,38.1,81.69949,0
15:23:41,77.5,38.1,81.69187,0
15:23:42,77.5,38.1,81.71222999999999,0
15:23:43,77.5,38.1,81.77065999999999,0
15:23:44,77.5,38.1,81.83905,0
15:23:45,77.5,38.1,81.92171,0
15:23:46,77.5,38.1,81.986,0
15:23:47,77.5,38.1,81.986,0
15:23:48,77.5,38.1,82.09992,0
15:23:49,77.5,38.1,82.20142,0
15:23:50,77.6,38.1,82.25812,0
15:23:51,77.6,38.1,82.383,0
15:23:52,77.6,38.1,82.49803,0
15:23:53,77.7,38.1,82.67371,0
15:23:54,77.8,38.1,82.7693,0
15:23:55,77.9,38.1,82.90594999999999,0
15:23:56,77.9,38.1,82.87605,0
15:23:57,78.1,38.1,83.06795,0
15:23:58,78.2,38.1,83.18698,0
15:23:59,78.3,38.1,83.33352000000001,0
15:24:00,78.4,38.1,83.48870000000001,0
15:24:01,78.6,38.1,83.66991,0
15:24:02,78.7,38.1,83.84284,0
15:24:03,78.8,38.1,84.01393999999999,0
15:24:04,78.9,38.1,84.18415,0
15:24:05,79,38.1,84.29928,0
15:24:06,79.1,38.1,84.45099,0
15:24:07,79.3,38.1,84.61685,0
15:24:08,79.4,38.1,84.7922,0
15:24:09,79.4,38.1,84.89957,0
15:24:10,79.6,38.1,85.03818,0
15:24:11,79.8,38.1,85.18578,0
15:24:12,79.8,38.1,85.36438,0
15:24:13,80,38.1,85.52047999999999,0
15:24:14,80.2,38.1,85.54985,0
15:24:15,80.3,38.1,85.65464,0
15:24:16,80.5,38.1,85.84214,0
15:24:17,80.6,38.1,86.02587,0
15:24:18,80.7,38.1,86.19699,0
15:24:19,80.8,38.1,86.34132,0
15:24:20,80.9,38.1,86.48957,0
15:24:21,81,38.1,86.59519,0
15:24:22,81,38.1,86.74496,0
15:24:23,81.4,38.1,86.85759,0
15:24:24,81.5,38.1,86.93511000000001,0
15:24:25,81.6,38.1,87.11016000000001,0
15:24:26,81.7,38.1,87.23398999999999,0
15:24:27,81.8,38.1,87.32471000000001,0
15:24:28,81.9,38.1,87.44961,0
15:24:29,82,38.1,87.57311,0
15:24:30,82.1,38.1,87.68036000000001,0
15:24:31,82.2,38.1,87.73232,0
15:24:32,82.2,38.1,87.73232,0
15:24:33,82.3,38.1,87.76167000000001,0
15:24:34,82.3,38.1,87.78529,0
15:24:35,82.5,38.1,87.85595,0
15:24:36,82.5,38.1,87.96167,0
15:24:37,82.7,38.1,88.0051,0
15:24:38,82.7,38.1,88.0584,0
15:24:39,82.8,38.1,88.16865,0
15:24:40,82.9,38.1,88.22995999999999,0
15:24:41,83,38.1,88.28594,0
15:24:42,83,38.1,88.34094999999999,0
15:24:43,83.1,38.1,88.35182999999999,0
15:24:44,83.1,38.1,88.4367,0
15:24:45,83.1,38.1,88.48599,0
15:24:46,83.2,38.1,88.49669999999999,0
15:24:47,83.2,38.1,88.49468,0
15:24:48,83.3,38.1,88.52233000000001,0
15:24:49,83.3,38.1,88.50726,0
15:24:50,83.3,38.1,88.52723,0
15:24:51,83.4,38.1,88.50075,0
15:24:52,83.4,38.1,88.57912999999999,0
15:24:53,83.4,38.1,88.60806,0
15:24:54,83.4,38.1,88.60661,0
15:24:55,83.4,38.1,88.56327,0
15:24:56,83.5,38.1,88.57948,0
15:24:57,83.5,38.1,88.58134,0
15:24:58,83.5,38.1,88.57615,0
15:24:59,83.5,38.1,88.60035,0
15:25:00,83.5,38.1,88.53979,0
15:25:01,83.5,38.1,88.63547,0
15:25:02,83.5,38.1,88.66243,0
15:25:03,83.5,38.1,88.6651,0
15:25:04,83.6,38.2,88.72143,0
15:25:05,83.6,38.2,88.74790999999999,0
15:25:06,83.6,38.2,88.77678,0
15:25:07,83.6,38.2,88.79999,0
15:25:08,83.6,38.2,88.79160999999999,0
15:25:09,83.6,38.2,88.89042,0
15:25:10,83.6,38.2,88.95165,0
15:25:11,83.7,38.2,89.00677,0
15:25:12,83.7,38.2,89.0308,0
15:25:13,83.7,38.2,89.08511999999999,0
15:25:14,83.7,38.2,89.12864,0
15:25:15,83.8,38.2,89.17875,0
15:25:16,83.8,38.2,89.24682,0
15:25:17,83.9,38.2,89.24682,0
15:25:18,83.9,38.2,89.28925,0
15:25:19,83.9,38.2,89.29657,0
15:25:20,84,38.2,89.41008000000001,0
15:25:21,84,38.2,89.43105,0
15:25:22,84,38.2,89.47593,0
15:25:23,84.1,38.2,89.51331,0
15:25:24,84.1,38.2,89.52885,0
15:25:25,84.2,38.2,89.63039,0
15:25:26,84.2,38.2,89.62616,0
15:25:27,84.2,38.2,89.59023,0
15:25:28,84.2,38.2,89.69579,0
15:25:29,84.3,38.2,89.78532,0
15:25:30,84.3,38.2,89.77141,0
15:25:31,84.3,38.2,89.82266,0
15:25:32,84.4,38.2,89.88393,0
15:25:33,84.4,38.2,89.95451,0
15:25:34,84.5,38.2,89.99172,0
15:25:35,84.5,38.2,90.05434,0
15:25:36,84.5,38.2,90.1742,0
15:25:37,84.6,38.2,90.25657,0
15:25:38,84.6,38.2,90.32134,0
15:25:39,84.7,38.2,90.33674,0
15:25:40,84.7,38.2,90.38283,0
15:25:41,84.8,38.2,90.43552,0
15:25:42,84.8,38.2,90.49177,0
15:25:43,84.8,38.2,90.54033,0
15:25:44,84.9,38.2,90.58727,0
15:25:45,85,38.2,90.53641,0
15:25:46,85,38.2,90.66384,0
15:25:47,85.1,38.2,90.72505,0
15:25:48,85.1,38.2,90.73961,0
15:25:49,85.1,38.2,90.79903,0
15:25:50,85.2,38.2,90.88522999999999,0
15:25:51,85.2,38.2,90.96537000000001,0
15:25:52,85.2,38.2,91.02927,0
15:25:53,85.3,38.2,91.09408,0
15:25:54,85.3,38.2,91.1612,0
15:25:55,85.4,38.2,91.31855,0
15:25:56,85.4,38.2,91.40926,0
15:25:57,85.5,38.2,91.46153,0
15:25:58,85.6,38.2,91.48615,0
15:25:59,85.7,38.2,91.51631,0
15:26:00,85.7,38.2,91.5043,0
15:26:01,85.7,38.2,91.55929,0
15:26:02,85.8,38.2,91.55929,0
15:26:03,85.8,38.2,91.51174,0
15:26:04,85.8,38.2,91.58536000000001,0
15:26:05,85.9,38.2,91.64401,0
15:26:06,85.9,38.2,91.66153,0
15:26:07,85.9,38.2,91.71917,0
15:26:08,86,38.2,91.81413,0
15:26:09,86,38.2,91.88513999999999,0
15:26:10,86,38.2,92.00374,0
15:26:11,86.2,38.2,92.05461,0
15:26:12,86.2,38.2,92.11656,0
15:26:13,86.3,38.2,92.21527,0
15:26:14,86.3,38.2,92.29118,0
15:26:15,86.4,38.2,92.33962,0
15:26:16,86.4,38.2,92.47013,0
15:26:17,86.5,38.2,92.54852,0
15:26:18,86.6,38.2,92.67054,0
15:26:19,86.6,38.2,92.77300000000001,0
15:26:20,86.7,38.2,92.75711,0
15:26:21,86.7,38.2,92.91171,0
15:26:22,86.8,38.2,93.09808000000001,0
15:26:23,86.9,38.2,93.14886999999999,0
15:26:24,87,38.2,93.25915,0
15:26:25,87.1,38.2,93.34654,0
15:26:26,87.1,38.2,93.48622,0
15:26:27,87.3,38.2,93.56020000000001,0
15:26:28,87.3,38.2,93.67090999999999,0
15:26:29,87.4,38.2,93.66512999999999,0
15:26:30,87.5,38.2,93.7749,0
15:26:31,87.6,38.2,93.837,0
15:26:32,87.7,38.2,93.89233,0
15:26:33,87.7,38.2,93.92331,0
15:26:34,87.8,38.2,93.98635,0
15:26:35,87.8,38.2,94.02237,0
15:26:36,87.9,38.2,94.04644,0
15:26:37,87.9,38.2,93.98969000000001,0
15:26:38,87.9,38.2,94.05838,0
15:26:39,88,38.2,94.11215,0
15:26:40,88,38.2,94.03438,0
15:26:41,88,38.2,94.01734,0
15:26:42,88.1,38.2,94.00898,0
15:26:43,88.1,38.2,93.99665,0
15:26:44,88.1,38.2,94.00882,0
15:26:45,88.1,38.2,94.00653,0
15:26:46,88.2,38.2,94.06681999999999,0
15:26:47,88.2,38.2,94.06681999999999,0
15:26:48,88.2,38.2,94.10119,0
15:26:49,88.2,38.2,94.0441,0
15:26:50,88.2,38.2,94.06378,0
15:26:51,88.2,38.2,94.04626,0
15:26:52,88.2,38.2,94.04069,0
15:26:53,88.2,38.2,94.04069,0
15:26:54,88.2,38.2,94.04992,0
15:26:55,88.2,38.2,93.99148000000001,0
15:26:56,88.2,38.2,94.01039,0
15:26:57,88.2,38.2,93.99076,0
15:26:58,88.2,38.2,93.93158,0
15:26:59,88.2,38.2,93.92734,0
15:27:00,88.2,38.2,93.89103,0
15:27:01,88.2,38.2,93.83795,0
15:27:02,88.2,38.2,93.81524,0
15:27:03,88.2,38.2,93.76355,0
15:27:04,88.2,38.2,93.75601999999999,0
15:27:05,88.2,38.2,93.71735,0
15:27:06,88.2,38.2,93.73340999999999,0
15:27:07,88.2,38.2,93.71665999999999,0
15:27:08,88.1,38.2,93.71449,0
15:27:09,88.1,38.2,93.76697,0
15:27:10,88.1,38.2,93.72404,0
15:27:11,88.1,38.2,93.68804,0
15:27:12,88.1,38.2,93.69870999999999,0
15:27:13,88,38.2,93.693,0
15:27:14,88,38.2,93.63181,0
15:27:15,88,38.2,93.6623,0
15:27:16,88,38.2,93.64225,0
15:27:17,88,38.2,93.64577,0
15:27:18,88,38.2,93.60191,0
15:27:19,88,38.2,93.61294,0
15:27:20,88,38.2,93.54107,0
15:27:21,87.9,38.2,93.54634,0
15:27:22,87.9,38.2,93.46002,0
15:27:23,87.9,38.2,93.43987,0
15:27:24,87.9,38.2,93.40863,0
15:27:25,87.8,38.2,93.30851,0
15:27:26,87.8,38.2,93.29115999999999,0
15:27:27,87.8,38.2,93.23715,0
15:27:28,87.7,38.2,93.21143,0
15:27:29,87.7,38.2,93.16962,0
15:27:30,87.7,38.2,93.10697,0
15:27:31,87.6,38.2,93.04386,0
15:27:32,87.6,38.2,92.97661000000001,0
15:27:33,87.5,38.2,92.97661000000001,0
15:27:34,87.5,38.2,92.90483,0
15:27:35,87.4,38.2,92.86394,0
15:27:36,87.4,38.2,92.80021,0
15:27:37,87.3,38.2,92.69459,0
15:27:38,87.3,38.2,92.62948,0
15:27:39,87.2,38.2,92.53884,0
15:27:40,87.1,38.2,92.45228,0
15:27:41,87.1,38.2,92.39434,0
15:27:42,87,38.2,92.3129,0
15:27:43,86.9,38.2,92.19821999999999,0
15:27:44,86.9,38.2,92.11992,0
15:27:45,86.9,38.2,92.02762,0
15:27:46,86.7,38.2,91.99987,0
15:27:47,86.6,38.2,91.89088,0
15:27:48,86.6,38.2,91.79317999999999,0
15:27:49,86.6,38.2,91.71739,0
15:27:50,86.4,38.2,91.56490000000001,0
15:27:51,86.3,38.1,91.48323,0
15:27:52,86.2,38.1,91.37283000000001,0
15:27:53,86.1,38.1,91.31174,0
15:27:54,86,38.1,91.23364000000001,0
15:27:55,86,38.1,91.14769,0
15:27:56,85.9,38.1,91.17456,0
15:27:57,85.8,38.1,91.10817,0
15:27:58,85.8,38.1,91.12209,0
15:27:59,85.7,38.1,91.0752,0
15:28:00,85.7,38.1,91.05985,0
15:28:01,85.6,38.1,91.03744,0
15:28:02,85.6,38.1,90.98819999999999,0
15:28:03,85.5,38.1,91.00051,0
15:28:04,85.5,38.1,90.94803,0
15:28:05,85.4,38.1,90.96643,0
15:28:06,85.4,38.1,90.93907,0
15:28:07,85.4,38.1,90.90997,0
15:28:08,85.3,38.1,90.91426,0
15:28:09,85.3,38.1,90.92306,0
15:28:10,85.3,38.1,90.91006,0
15:28:11,85.3,38.1,90.91422999999999,0
15:28:12,85.3,38.1,90.91326,0
15:28:13,85.3,38.1,90.9071,0
15:28:14,85.2,38.1,90.9507,0
15:28:15,85.2,38.1,90.93845999999999,0
15:28:16,85.2,38.1,90.94703,0
15:28:17,85.2,38.1,90.9318,0
15:28:18,85.2,38.1,90.93885,0
15:28:19,85.2,38.1,90.93885,0
15:28:20,85.2,38.1,90.94147,0
15:28:21,85.2,38.1,90.94533,0
15:28:22,85.2,38.1,90.9767,0
15:28:23,85.2,38.1,90.9148,0
15:28:24,85.1,38.1,91.00515999999999,0
15:28:25,85.1,38.1,90.99717000000001,0
15:28:26,85.1,38.1,91.015,0
15:28:27,85.1,38.1,91.07710999999999,0
15:28:28,85.1,38.1,91.1704,0
15:28:29,85.1,38.1,91.20746,0
15:28:30,85.2,38.1,91.25295,0
15:28:31,85.2,38.1,91.24845,0
15:28:32,85.2,38.1,91.26521,0
15:28:33,85.2,38.1,91.22147000000001,0
15:28:34,85.2,38.1,91.17177,0
15:28:35,85.2,38.1,91.1498,0
15:28:36,85.2,38.1,91.04916,0
15:28:37,85.2,38.1,91.00540000000001,0
15:28:38,85.2,38.1,90.93773,0
15:28:39,85.2,38.1,90.92943,0
15:28:40,85.2,38.1,90.93462,0
15:28:41,85.2,38.1,90.89025,0
15:28:42,85.2,38.1,90.94428,0
15:28:43,85.2,38.1,90.93976,0
15:28:44,85.2,38.1,90.97153,0
15:28:45,85.2,38.1,90.99741999999999,0
15:28:46,85.2,38.1,91.03749,0
15:28:47,85.2,38.1,91.07254999999999,0
15:28:48,85.2,38.1,91.13626000000001,0
15:28:49,85.2,38.1,91.20338,0
15:28:50,85.2,38.1,91.26431000000001,0
15:28:51,85.2,38.1,91.30673,0
15:28:52,85.2,38.1,91.42181000000001,0
15:28:53,85.2,38.1,91.51694,0
15:28:54,85.3,38.1,91.63309,0
15:28:55,85.3,38.1,91.74089,0
15:28:56,85.4,38.1,91.85999,0
15:28:57,85.4,38.1,91.97119,0
15:28:58,85.5,38.1,92.02365999999999,0
15:28:59,85.5,38.1,91.99794,0
15:29:00,85.6,38.1,92.12819,0
15:29:01,85.7,38.1,92.229,0
15:29:02,85.8,38.1,92.24479,0
15:29:03,85.8,38.1,92.36001999999999,0
15:29:04,85.9,38.1,92.36001999999999,0
15:29:05,86,38.1,92.40222,0
15:29:06,86,38.1,92.47346,0
15:29:07,86.1,38.1,92.59611,0
15:29:08,86.2,38.1,92.68754,0
15:29:09,86.3,38.1,92.74699,0
15:29:10,86.3,38.1,92.89132,0
15:29:11,86.4,38.1,92.95991000000001,0
15:29:12,86.5,38.1,93.06044,0
15:29:13,86.6,38.1,93.14154,0
15:29:14,86.7,38.1,93.29267999999999,0
15:29:15,86.7,38.1,93.41775,0
15:29:16,86.8,38.1,93.52709,0
15:29:17,86.9,38.1,93.49401,0
15:29:18,87.1,38.1,93.66269,0
15:29:19,87.1,38.1,93.81021000000001,0
15:29:20,87.2,38.1,93.91852,0
15:29:21,87.3,38.1,94.03598,0
15:29:22,87.4,38.1,94.15759,0
15:29:23,87.5,38.1,94.21354,0
15:29:24,87.6,38.1,94.32002,0
15:29:25,87.7,38.1,94.38155,0
15:29:26,87.8,38.1,94.43456,0
15:29:27,87.9,38.1,94.51548,0
15:29:28,87.9,38.1,94.60513,0
15:29:29,88,38.1,94.68951,0
15:29:30,88,38.1,94.74535,0
15:29:31,88.1,38.1,94.7724,0
15:29:32,88.2,38.1,94.85526,0
15:29:33,88.2,38.1,94.92357,0
15:29:34,88.3,38.1,94.90026,0
15:29:35,88.4,38.1,94.96946000000001,0
15:29:36,88.4,38.1,95.08666,0
15:29:37,88.5,38.1,95.07863,0
15:29:38,88.6,38.1,95.16427,0
15:29:39,88.6,38.1,95.19543,0
15:29:40,88.7,38.2,95.21964,0
15:29:41,88.7,38.2,95.27895,0
15:29:42,88.8,38.2,95.30845,0
15:29:43,88.8,38.2,95.31884000000001,0
15:29:44,88.9,38.2,95.3936,0
15:29:45,88.9,38.2,95.41842,0
15:29:46,88.9,38.2,95.50478,0
15:29:47,89,38.2,95.53594,0
15:29:48,89,38.2,95.65084,0
15:29:49,89,38.2,95.65084,0
15:29:50,89.1,38.2,95.67181000000001,0
15:29:51,89.1,38.2,95.69954,0
15:29:52,89.2,38.2,95.65268,0
15:29:53,89.2,38.2,95.756,0
15:29:54,89.3,38.2,95.79056,0
15:29:55,89.3,38.2,95.78444999999999,0
15:29:56,89.3,38.2,95.77914,0
15:29:57,89.4,38.2,95.78711,0
15:29:58,89.4,38.2,95.78968,0
15:29:59,89.4,38.2,95.75525,0
15:30:00,89.4,38.2,95.78862000000001,0
15:30:01,89.5,38.2,95.74596,0
15:30:02,89.5,38.2,95.8048,0
15:30:03,89.5,38.2,95.80183,0
15:30:04,89.5,38.2,95.73072,0
15:30:05,89.5,38.2,95.73254,0
15:30:06,89.5,38.2,95.73125999999999,0
15:30:07,89.5,38.2,95.65943999999999,0
15:30:08,89.5,38.2,95.67397,0
15:30:09,89.5,38.2,95.61882,0
15:30:10,89.5,38.2,95.67036,0
15:30:11,89.5,38.2,95.70537999999999,0
15:30:12,89.5,38.2,95.64769,0
15:30:13,89.5,38.2,95.62821,0
15:30:14,89.5,38.2,95.58341999999999,0
15:30:15,89.5,38.2,95.53204,0
15:30:16,89.5,38.2,95.47139,0
15:30:17,89.5,38.2,95.41597,0
15:30:18,89.5,38.2,95.41161,0
15:30:19,89.5,38.2,95.3973,0
15:30:20,89.5,38.2,95.35491999999999,0
15:30:21,89.5,38.2,95.3329,0
15:30:22,89.4,38.2,95.30892,0
15:30:23,89.4,38.2,95.30527,0
15:30:24,89.4,38.2,95.27494,0
15:30:25,89.4,38.2,95.27184,0
15:30:26,89.4,38.1,95.22797,0
15:30:27,89.3,38.1,95.25038,0
15:30:28,89.3,38.1,95.22518,0
15:30:29,89.3,38.1,95.13629,0
15:30:30,89.3,38.1,95.09061,0
15:30:31,89.2,38.1,95.08104,0
15:30:32,89.2,38.1,95.02126,0
15:30:33,89.2,38.1,95.02642999999999,0
15:30:34,89.2,38.1,95.02642999999999,0
15:30:35,89.1,38.1,94.98963,0
15:30:36,89.1,38.1,94.97341,0
15:30:37,89.1,38.1,94.99611,0
15:30:38,89.1,38.1,94.9709,0
15:30:39,89,38.1,94.9743,0
15:30:40,89,38.1,94.96696,0
15:30:41,89,38.1,94.96555,0
15:30:42,89,38.1,94.97786,0
15:30:43,89,38.1,94.99505,0
15:30:44,89,38.1,94.92574,0
15:30:45,88.9,38.1,94.96842,0
15:30:46,88.9,38.1,94.94648,0
15:30:47,88.9,38.1,94.88316999999999,0
15:30:48,88.9,38.1,94.8403,0
15:30:49,88.9,38.1,94.79716,0
15:30:50,88.9,38.1,94.80049000000001,0
15:30:51,88.8,38.1,94.7367,0
15:30:52,88.8,38.1,94.74683999999999,0
15:30:53,88.8,38.1,94.78071,0
15:30:54,88.8,38.1,94.74974,0
15:30:55,88.7,38.1,94.71935,0
15:30:56,88.7,38.1,94.72044,0
15:30:57,88.7,38.1,94.74524,0
15:30:58,88.7,38.1,94.71629,0
15:30:59,88.7,38.1,94.73279,0
15:31:00,88.7,38.1,94.73749000000001,0
15:31:01,88.7,38.1,94.69913,0
15:31:02,88.6,38.1,94.7141,0
15:31:03,88.6,38.1,94.6547,0
15:31:04,88.6,38.1,94.55479,0
15:31:05,88.6,38.1,94.54183,0
15:31:06,88.6,38.1,94.51884,0
15:31:07,88.6,38.1,94.48986000000001,0
15:31:08,88.6,38.1,94.46474,0
15:31:09,88.6,38.1,94.44887,0
15:31:10,88.5,38.1,94.45566,0
15:31:11,88.5,38.1,94.49033,0
15:31:12,88.5,38.1,94.46343,0
15:31:13,88.5,38.1,94.49233,0
15:31:14,88.4,38.1,94.48182,0
15:31:15,88.4,38.1,94.51059000000001,0
15:31:16,88.4,38.1,94.5203,0
15:31:17,88.4,38.1,94.5099,0
15:31:18,88.4,38.1,94.51684999999999,0
15:31:19,88.4,38.1,94.51684999999999,0
15:31:20,88.4,38.1,94.5453,0
15:31:21,88.4,38.1,94.55432,0
15:31:22,88.4,38.1,94.56054999999999,0
15:31:23,88.4,38.1,94.57548,0
15:31:24,88.4,38.1,94.60699,0
15:31:25,88.4,38.1,94.56886,0
15:31:26,88.4,38.1,94.59496,0
15:31:27,88.4,38.1,94.62049999999999,0
15:31:28,88.4,38.1,94.66740999999999,0
15:31:29,88.4,38.1,94.71493,0
15:31:30,88.4,38.1,94.71255,0
15:31:31,88.4,38.1,94.74128,0
15:31:32,88.4,38.1,94.77226,0
15:31:33,88.4,38.1,94.79672000000001,0
15:31:34,88.4,38.1,94.82549999999999,0
15:31:35,88.4,38.1,94.81182,0
15:31:36,88.5,38.1,94.85038,0
15:31:37,88.5,38.1,94.87498,0
15:31:38,88.5,38.1,94.82817,0
15:31:39,88.5,38.1,94.88687999999999,0
15:31:40,88.5,38.1,94.91652,0
15:31:41,88.5,38.1,94.93636,0
15:31:42,88.5,38.1,94.96032,0
15:31:43,88.6,38.1,94.97891,0
15:31:44,88.6,38.1,95.02275999999999,0
15:31:45,88.6,38.1,95.08448,0
15:31:46,88.6,38.1,95.13247,0
15:31:47,88.6,38.1,95.16908,0
15:31:48,88.6,38.1,95.19103,0
15:31:49,88.7,38.1,95.22057000000001,0
15:31:50,88.7,38.1,95.22148,0
15:31:51,88.7,38.1,95.24509,0
15:31:52,88.7,38.1,95.22283,0
15:31:53,88.8,38.1,95.29669,0
15:31:54,88.8,38.1,95.31794000000001,0
15:31:55,88.9,38.1,95.32128,0
15:31:56,88.9,38.1,95.33163,0
15:31:57,88.9,38.1,95.36149999999999,0
15:31:58,88.9,38.1,95.36473,0
15:31:59,88.9,38.1,95.3607,0
15:32:00,89,38.1,95.31812,0
15:32:01,89,38.1,95.27776,0
15:32:02,89,38.1,95.36439,0
15:32:03,89,38.1,95.33422999999999,0
15:32:04,89,38.1,95.33449,0
15:32:05,89,38.1,95.33449,0
15:32:06,89,38.1,95.32057,0
15:32:07,89,38.1,95.31006,0
15:32:08,89,38.1,95.32557,0
15:32:09,89,38.1,95.3399,0
15:32:10,89,38.1,95.2836,0
15:32:11,89.1,38.1,95.34899999999999,0
15:32:12,89.1,38.1,95.42861,0
15:32:13,89.1,38.1,95.44491000000001,0
15:32:14,89.1,38.1,95.47137,0
15:32:15,89.1,38.1,95.53237999999999,0
15:32:16,89.1,38.1,95.5876,0
15:32:17,89.1,38.1,95.62950000000001,0
15:32:18,89.1,38.1,95.66521999999999,0
15:32:19,89.2,38.1,95.71618,0
15:32:20,89.2,38.1,95.81508,0
15:32:21,89.2,38.1,95.83579,0
15:32:22,89.3,38.1,95.87997,0
15:32:23,89.3,38.1,95.90642,0
15:32:24,89.3,38.1,95.92417,0
15:32:25,89.4,38.1,95.94612000000001,0
15:32:26,89.4,38.1,95.95577,0
15:32:27,89.4,38.1,95.89518,0
15:32:28,89.4,38.1,95.97269,0
15:32:29,89.5,38.1,95.99246000000001,0
15:32:30,89.5,38.1,95.96172,0
15:32:31,89.5,38.1,95.95224,0
15:32:32,89.5,38.1,95.98132,0
15:32:33,89.5,38.1,95.94764,0
15:32:34,89.5,38.1,95.98285,0
15:32:35,89.6,38.1,95.96114999999999,0
15:32:36,89.6,38.1,95.96107,0
15:32:37,89.6,38.1,95.98995000000001,0
15:32:38,89.6,38.1,95.98319,0
15:32:39,89.6,38.1,95.99782,0
15:32:40,89.6,38.1,95.98284,0
15:32:41,89.6,38.1,96.04718,0
15:32:42,89.6,38.1,96.03861,0
15:32:43,89.6,38.1,96.0654,0
15:32:44,89.6,38.1,96.0054,0
15:32:45,89.6,38.1,96.09409,0
15:32:46,89.7,38.1,96.12773,0
15:32:47,89.7,38.1,96.12963,0
15:32:48,89.7,38.1,96.15429,0
15:32:49,89.7,38.1,96.17815,0
15:32:50,89.7,38.1,96.17815,0
15:32:51,89.7,38.1,96.2061,0
15:32:52,89.7,38.1,96.23964000000001,0
15:32:53,89.8,38.1,96.29613,0
15:32:54,89.8,38.1,96.30611999999999,0
15:32:55,89.8,38.1,96.35316,0
15:32:56,89.8,38.1,96.375,0
15:32:57,89.8,38.1,96.37806,0
15:32:58,89.8,38.1,96.37928,0
15:32:59,89.9,38.1,96.38889,0
15:33:00,89.9,38.1,96.38664,0
15:33:01,89.9,38.1,96.35096,0
15:33:02,89.9,38.1,96.3588,0
15:33:03,89.9,38.1,96.36008000000001,0
15:33:04,89.9,38.1,96.33747,0
15:33:05,89.9,38.1,96.32968,0
15:33:06,89.9,38.1,96.32439000000001,0
15:33:07,89.9,38.1,96.29973,0
15:33:08,89.9,38.1,96.27584,0
15:33:09,89.9,38.1,96.26591,0
15:33:10,90,38.1,96.25471,0
15:33:11,90,38.1,96.24712,0
15:33:12,90,38.1,96.20608,0
15:33:13,90,38.1,96.20983,0
15:33:14,90,38.1,96.18923000000001,0
15:33:15,90,38.1,96.1565,0
15:33:16,89.9,38.1,96.13713,0
15:33:17,89.9,38.1,96.10061,0
15:33:18,89.9,38.1,96.05890000000001,0
15:33:19,89.9,38.1,96.06405,0
15:33:20,89.9,38.1,96.04226,0
15:33:21,89.9,38.1,96.0254,0
15:33:22,89.9,38.1,95.99213,0
15:33:23,89.9,38.1,95.97778,0
15:33:24,89.9,38.1,95.97797,0
15:33:25,89.9,38.1,95.97839,0
15:33:26,89.8,38.1,95.98695000000001,0
15:33:27,89.8,38.1,95.9832,0
15:33:28,89.8,38.1,96.00907,0
15:33:29,89.8,38.1,96.01212,0
15:33:30,89.8,38.1,96.01057,0
15:33:31,89.8,38.1,96.01295,0
15:33:32,89.8,38.1,95.98691000000001,0
15:33:33,89.8,38.1,95.96584,0
15:33:34,89.8,38.1,95.96584,0
15:33:35,89.8,38.1,95.96047,0
15:33:36,89.7,38.1,95.91134,0
15:33:37,89.7,38.1,95.90843,0
15:33:38,89.7,38.1,95.86932999999999,0
15:33:39,89.7,38.1,95.8157,0
15:33:40,89.7,38.1,95.81574,0
15:33:41,89.7,38.1,95.80805,0
15:33:42,89.7,38.1,95.75222,0
15:33:43,89.7,38.1,95.75148,0
15:33:44,89.6,38.1,95.72131,0
15:33:45,89.6,38.1,95.7315,0
15:33:46,89.6,38.1,95.72326,0
15:33:47,89.6,38.1,95.69758,0
15:33:48,89.6,38.1,95.71319,0
15:33:49,89.6,38.1,95.67246,0
15:33:50,89.6,38.1,95.6744,0
15:33:51,89.5,38.1,95.67353,0
15:33:52,89.5,38.1,95.63577,0
15:33:53,89.5,38.1,95.60099,0
15:33:54,89.5,38.1,95.66845,0
15:33:55,89.5,38.1,95.64244,0
15:33:56,89.5,38.1,95.61466,0
15:33:57,89.5,38.1,95.64012,0
15:33:58,89.5,38.1,95.63007,0
15:33:59,89.4,38.1,95.65219,0
15:34:00,89.4,38.1,95.6453,0
15:34:01,89.4,38.1,95.64378,0
15:34:02,89.4,38.1,95.63844999999999,0
15:34:03,89.4,38.1,95.68134,0
15:34:04,89.4,38.1,95.66544999999999,0
15:34:05,89.4,38.1,95.64582,0
15:34:06,89.4,38.1,95.67193,0
15:34:07,89.4,38.1,95.674,0
15:34:08,89.4,38.1,95.70951,0
15:34:09,89.4,38.1,95.72608,0
15:34:10,89.4,38.1,95.68535,0
15:34:11,89.4,38.1,95.81391,0
15:34:12,89.4,38.1,95.87359,0
15:34:13,89.4,38.1,95.88839999999999,0
15:34:14,89.4,38.1,95.96269,0
15:34:15,89.4,38.1,96.01009,0
15:34:16,89.4,38.1,96.07638,0
15:34:17,89.5,38.1,96.11067,0
15:34:18,89.5,38.1,96.18869,0
15:34:19,89.5,38.1,96.1869,0
15:34:20,89.6,38.1,96.1869,0
15:34:21,89.6,38.1,96.26351,0
15:34:22,89.6,38.1,96.36148,0
15:34:23,89.6,38.1,96.38055,0
15:34:24,89.7,38.1,96.44534999999999,0
15:34:25,89.7,38.1,96.43906,0
15:34:26,89.8,38.1,96.46209999999999,0
15:34:27,89.8,38.1,96.47263000000001,0
15:34:28,89.8,38.1,96.42975,0
15:34:29,89.8,38.1,96.49453,0
15:34:30,89.9,38.1,96.51095,0
15:34:31,89.9,38.1,96.49710999999999,0
15:34:32,89.9,38.1,96.49103,0
15:34:33,89.9,38.1,96.50612,0
15:34:34,89.9,38.1,96.47151000000001,0
15:34:35,90,38.1,96.46392,0
15:34:36,90,38.1,96.47314999999999,0
15:34:37,90,38.1,96.497,0
15:34:38,90,38.1,96.47683,0
15:34:39,90,38.1,96.50569,0
15:34:40,90,38.1,96.46342,0
15:34:41,90,38.1,96.45831,0
15:34:42,90.1,38.1,96.44788,0
15:34:43,90.1,38.1,96.42027,0
15:34:44,90.1,38.1,96.36122,0
15:34:45,90.1,38.1,96.41347,0
15:34:46,90.1,38.1,96.39171,0
15:34:47,90.1,38.1,96.32632,0
15:34:48,90.1,38.1,96.30532000000001,0
15:34:49,90.1,38.1,96.2679,0
15:34:50,90.1,38.1,96.29996,0
15:34:51,90.1,38.1,96.27297,0
15:34:52,90.1,38.1,96.29487,0
15:34:53,90.1,38.1,96.27731,0
15:34:54,90,38.1,96.33515,0
15:34:55,90,38.1,96.29459,0
15:34:56,90,38.1,96.33448999999999,0
15:34:57,90,38.1,96.30052,0
15:34:58,90,38.1,96.29119,0
15:34:59,90,38.1,96.27615,0
15:35:00,90,38.1,96.27633,0
15:35:01,90,38.1,96.23056,0
15:35:02,90,38.1,96.25359999999999,0
15:35:03,90,38.1,96.22,0
15:35:04,90,38.1,96.16535999999999,0
15:35:05,90,38.1,96.16535999999999,0
15:35:06,90,38.1,96.09133,0
15:35:07,90,38.1,96.04677000000001,0
15:35:08,90,38.1,96.03746,0
15:35:09,89.9,38.1,96.0409,0
15:35:10,89.9,38.1,96.01155,0
15:35:11,89.9,38.1,96.01208,0
15:35:12,89.9,38.1,95.98066,0
15:35:13,89.9,38.1,95.96905,0
15:35:14,89.9,38.1,95.92458,0
15:35:15,89.8,38.1,95.9318,0
15:35:16,89.8,38.1,95.90005000000001,0
15:35:17,89.8,38.1,95.87532,0
15:35:18,89.8,38.1,95.83773,0
15:35:19,89.8,38.1,95.84032,0
15:35:20,89.7,38.1,95.78622,0
15:35:21,89.7,38.1,95.73492,0
15:35:22,89.7,38.1,95.69857999999999,0
15:35:23,89.7,38.1,95.69961,0
15:35:24,89.7,38.1,95.67227,0
15:35:25,89.6,38.1,95.70393,0
15:35:26,89.6,38.1,95.66699,0
15:35:27,89.6,38.1,95.7383,0
15:35:28,89.6,38.1,95.81298000000001,0
15:35:29,89.6,38.1,95.87235,0
15:35:30,89.6,38.1,95.93018,0
15:35:31,89.6,38.1,95.95182,0
15:35:32,89.6,38.1,95.98019,0
15:35:33,89.6,38.1,96.03599,0
15:35:34,89.6,38.1,96.07064,0
15:35:35,89.6,38.1,96.03930000000001,0
15:35:36,89.6,38.1,96.12298,0
15:35:37,89.6,38.1,96.16531,0
15:35:38,89.6,38.1,96.19098000000001,0
15:35:39,89.6,38.1,96.20632,0
15:35:40,89.6,38.1,96.27618,0
15:35:41,89.6,38.1,96.29948999999999,0
15:35:42,89.7,38.1,96.33992,0
15:35:43,89.7,38.1,96.37302,0
15:35:44,89.7,38.1,96.43097,0
15:35:45,89.8,38.1,96.4753,0
15:35:46,89.8,38.1,96.49411,0
15:35:47,89.8,38.1,96.50147,0
15:35:48,89.8,38.1,96.50903,0
15:35:49,89.9,38.1,96.5249,0
15:35:50,89.9,38.1,96.55431,0
15:35:51,89.9,38.1,96.55431,0
15:35:52,89.9,38.1,96.55825999999999,0
15:35:53,90,38.1,96.56021,0
15:35:54,90,38.1,96.58324,0
15:35:55,90,38.1,96.59086,0
15:35:56,90,38.1,96.58487,0
15:35:57,90,38.1,96.5488,0
15:35:58,90,38.1,96.49240999999999,0
15:35:59,90.1,38.1,96.45622,0
15:36:00,90.1,38.1,96.3891,0
15:36:01,90.1,38.1,96.31819,0
15:36:02,90.1,38.1,96.32296,0
15:36:03,90.1,38.1,96.3077,0
15:36:04,90.1,38.1,96.2655,0
15:36:05,90.1,38.1,96.23472,0
15:36:06,90.1,38.1,96.23502,0
15:36:07,90,38.1,96.22632,0
15:36:08,90,38.1,96.22309,0
15:36:09,90,38.1,96.15814,0
15:36:10,90,38.1,96.24476,0
15:36:11,90,38.1,96.20686,0
15:36:12,90,38.1,96.14802,0
15:36:13,90,38.1,96.13351,0
15:36:14,90,38.1,96.1017,0
15:36:15,90,38.1,96.08862,0
15:36:16,89.9,38.1,96.09105,0
15:36:17,89.9,38.1,96.06575000000001,0
15:36:18,89.9,38.1,96.06059,0
15:36:19,89.9,38.1,96.06908,0
15:36:20,89.9,38.1,96.06857,0
15:36:21,89.9,38.1,96.08853,0
15:36:22,89.9,38.1,96.10302,0
15:36:23,89.9,38.1,96.15731,0
15:36:24,89.9,38.1,96.18808,0
15:36:25,89.9,38.1,96.19655999999999,0
15:36:26,89.9,38.1,96.24321,0
15:36:27,89.9,38.1,96.25988,0
15:36:28,89.9,38.1,96.31438,0
15:36:29,89.9,38.1,96.32608,0
15:36:30,89.9,38.1,96.36014,0
15:36:31,89.9,38.1,96.40052,0
15:36:32,89.9,38.1,96.46972000000001,0
15:36:33,89.9,38.1,96.53110000000001,0
15:36:34,89.9,38.1,96.54587,0
15:36:35,89.9,38.1,96.63286,0
15:36:36,90,38.1,96.66444,0
15:36:37,90,38.1,96.66444,0
15:36:38,90,38.1,96.73755,0
15:36:39,90,38.1,96.74788,0
15:36:40,90.1,38.1,96.78958,0
15:36:41,90.1,38.1,96.80779000000001,0
15:36:42,90.1,38.1,96.8421,0
15:36:43,90.2,38.1,96.79366999999999,0
15:36:44,90.2,38.1,96.82931,0
15:36:45,90.2,38.1,96.85423,0
15:36:46,90.2,38.1,96.79159,0
15:36:47,90.2,38.1,96.71717,0
15:36:48,90.2,38.1,96.67327,0
15:36:49,90.2,38.1,96.60906,0
15:36:50,90.3,38.1,96.59317,0
15:36:51,90.3,38.1,96.56012000000001,0
15:36:52,90.3,38.1,96.47019999999999,0
15:36:53,90.3,38.1,96.4704,0
15:36:54,90.3,38.1,96.40046,0
15:36:55,90.2,38.1,96.39517,0
15:36:56,90.2,38.1,96.29451999999999,0
15:36:57,90.2,38.1,96.29987,0
15:36:58,90.2,38.1,96.24373,0
15:36:59,90.2,38.1,96.22679,0
15:37:00,90.2,38.1,96.17329,0
15:37:01,90.1,38.1,96.15079,0
15:37:02,90.1,38.1,96.11195000000001,0
15:37:03,90.1,38.1,96.03768000000001,0
15:37:04,90.1,38.1,96.01233,0
15:37:05,90,38.1,95.98992,0
15:37:06,90,38.1,95.92405000000001,0
15:37:07,90,38.1,95.89187,0
15:37:08,89.9,38.1,95.86677,0
15:37:09,89.9,38.1,95.89331,0
15:37:10,89.9,38.1,95.87206,0
15:37:11,89.8,38.1,95.86961000000001,0
15:37:12,89.8,38.1,95.84019,0
15:37:13,89.8,38.1,95.83846,0
15:37:14,89.8,38.1,95.81371,0
15:37:15,89.8,38.1,95.83885,0
15:37:16,89.8,38.1,95.79138,0
15:37:17,89.7,38.1,95.84678,0
15:37:18,89.7,38.1,95.81473,0
15:37:19,89.7,38.1,95.81072,0
15:37:20,89.7,38.1,95.78387000000001,0
15:37:21,89.7,38.1,95.80418,0
15:37:22,89.7,38.1,95.80418,0
15:37:23,89.6,38.1,95.82007999999999,0
15:37:24,89.6,38.1,95.83382999999999,0
15:37:25,89.6,38.1,95.83623,0
15:37:26,89.6,38.1,95.81442,0
15:37:27,89.6,38.1,95.87102,0
15:37:28,89.6,38.1,95.88499,0
15:37:29,89.6,38.1,95.90548,0
15:37:30,89.6,38.1,95.89341,0
15:37:31,89.6,38.1,95.89668,0
15:37:32,89.6,38.1,95.88318,0
15:37:33,89.6,38.1,95.92942,0
15:37:34,89.6,38.1,95.88740999999999,0
15:37:35,89.6,38.1,95.95392000000001,0
15:37:36,89.6,38.1,95.92616000000001,0
15:37:37,89.6,38.1,95.92948,0
15:37:38,89.6,38.1,95.95176,0
15:37:39,89.6,38.1,95.94995,0
15:37:40,89.6,38.1,95.98371,0
15:37:41,89.6,38.1,96.01074,0
15:37:42,89.6,38.1,96.04988,0
15:37:43,89.6,38.1,96.05352,0
15:37:44,89.6,38.1,96.12456,0
15:37:45,89.6,38.1,96.12482,0
15:37:46,89.6,38.1,96.12886,0
15:37:47,89.6,38.1,96.16879,0
15:37:48,89.7,38.1,96.18236,0
15:37:49,89.7,38.1,96.18357,0
15:37:50,89.7,38.1,96.19657000000001,0
15:37:51,89.7,38.1,96.17492,0
15:37:52,89.7,38.1,96.24916,0
15:37:53,89.7,38.1,96.28153,0
15:37:54,89.7,38.1,96.26632000000001,0
15:37:55,89.7,38.1,96.33143,0
15:37:56,89.8,38.1,96.34382000000001,0
15:37:57,89.8,38.1,96.38567,0
15:37:58,89.8,38.1,96.40693999999999,0
15:37:59,89.8,38.1,96.49531999999999,0
15:38:00,89.9,38.1,96.55742000000001,0
15:38:01,89.9,38.1,96.61185,0
15:38:02,89.9,38.1,96.67285,0
15:38:03,89.9,38.1,96.68874,0
15:38:04,90,38.1,96.70132,0
15:38:05,90,38.1,96.72744,0
15:38:06,90,38.1,96.69438,0
15:38:07,90.1,38.1,96.65671,0
15:38:08,90.1,38.1,96.65671,0
15:38:09,90.1,38.1,96.73739,0
15:38:10,90.1,38.1,96.76639,0
15:38:11,90.1,38.1,96.69472,0
15:38:12,90.1,38.1,96.68423,0
15:38:13,90.2,38.1,96.67371,0
15:38:14,90.2,38.1,96.66687,0
15:38:15,90.2,38.1,96.60423,0
15:38:16,90.2,38.1,96.59048,0
15:38:17,90.2,38.1,96.56036999999999,0
15:38:18,90.2,38.1,96.59278,0
15:38:19,90.2,38.1,96.56154000000001,0
15:38:20,90.2,38.1,96.52612,0
15:38:21,90.2,38.1,96.46686,0
15:38:22,90.2,38.1,96.47085,0
15:38:23,90.2,38.1,96.41971000000001,0
15:38:24,90.2,38.1,96.39978,0
15:38:25,90.2,38.1,96.39496,0
15:38:26,90.2,38.1,96.36219,0
15:38:27,90.2,38.1,96.34653,0
15:38:28,90.2,38.1,96.33162,0
15:38:29,90.2,38.1,96.26746,0
15:38:30,90.2,38.1,96.26466,0
15:38:31,90.2,38.1,96.27515,0
15:38:32,90.1,38.1,96.2356,0
15:38:33,90.1,38.1,96.22323,0
15:38:34,90.1,38.1,96.25365000000001,0
15:38:35,90.1,38.1,96.2409,0
15:38:36,90.1,38.1,96.25239,0
15:38:37,90.1,38.1,96.21638999999999,0
15:38:38,90.1,38.1,96.17258,0
15:38:39,90,38.1,96.19901,0
15:38:40,90,38.1,96.17961000000001,0
15:38:41,90,38.1,96.14376,0
15:38:42,90,38.1,96.13751,0
15:38:43,90,38.1,96.09653,0
15:38:44,90,38.1,96.04589,0
15:38:45,89.9,38.1,96.00632,0
15:38:46,89.9,38.1,96.01089,0
15:38:47,89.9,38.1,96.02349,0
15:38:48,89.9,38.1,96.00968,0
15:38:49,89.9,38.1,96.01855,0
15:38:50,89.9,38.1,96.01151,0
15:38:51,89.9,38.1,96.06599,0
15:38:52,89.9,38.1,96.10602,0
15:38:53,89.9,38.1,96.10602,0
15:38:54,89.9,38.1,96.13816,0
15:38:55,89.9,38.1,96.15586,0
15:38:56,89.8,38.1,96.18225,0
15:38:57,89.8,38.1,96.20136000000001,0
15:38:58,89.8,38.1,96.24027000000001,0
15:38:59,89.8,38.1,96.20031,0
15:39:00,89.9,38.1,96.26089,0
15:39:01,89.9,38.1,96.29503,0
15:39:02,89.9,38.1,96.26159,0
15:39:03,89.9,38.1,96.2642,0
15:39:04,89.9,38.1,96.27775,0
15:39:05,89.9,38.1,96.29314,0
15:39:06,89.9,38.1,96.29884,0
15:39:07,89.9,38.1,96.26598,0
15:39:08,89.9,38.1,96.31129,0
15:39:09,89.9,38.1,96.29961,0
15:39:10,89.9,38.1,96.30835,0
15:39:11,89.9,38.1,96.26579,0
15:39:12,89.9,38.1,96.23064,0
15:39:13,89.9,38.1,96.24125,0
15:39:14,89.9,38.1,96.23997,0
15:39:15,89.9,38.1,96.251,0
15:39:16,89.9,38.1,96.21842000000001,0
15:39:17,89.9,38.1,96.23277,0
15:39:18,89.9,38.1,96.28099,0
15:39:19,89.9,38.1,96.26244,0
15:39:20,89.9,38.1,96.29638,0
15:39:21,89.9,38.1,96.33051999999999,0
15:39:22,89.9,38.1,96.31353,0
15:39:23,89.9,38.1,96.35858999999999,0
15:39:24,90,38.1,96.34773,0
15:39:25,90,38.1,96.41119,0
15:39:26,90,38.1,96.41635,0
15:39:27,90,38.1,96.39943,0
15:39:28,90,38.1,96.41152,0
15:39:29,90,38.1,96.44811,0
15:39:30,90,38.1,96.44958,0
15:39:31,90,38.1,96.45291999999999,0
15:39:32,90,38.1,96.44985,0
15:39:33,90,38.1,96.49892,0
15:39:34,90,38.1,96.56025,0
15:39:35,90,38.1,96.58716000000001,0
15:39:36,90,38.1,96.66888999999999,0
15:39:37,90,38.1,96.76044999999999,0
15:39:38,90.1,38.1,96.78470999999999,0
15:39:39,90.1,38.1,96.78470999999999,0
15:39:40,90.1,38.1,96.82019,0
15:39:41,90.1,38.1,96.87443999999999,0
15:39:42,90.2,38.1,96.8792,0
15:39:43,90.2,38.1,96.9037,0
15:39:44,90.2,38.1,96.93612,0
15:39:45,90.3,38.1,96.92444,0
15:39:46,90.3,38.1,96.95855,0
15:39:47,90.3,38.1,96.99488000000001,0
15:39:48,90.3,38.1,96.98687,0
15:39:49,90.3,38.1,96.93902,0
15:39:50,90.4,38.1,97.02771999999999,0
15:39:51,90.4,38.1,96.99455,0
15:39:52,90.4,38.1,96.98567,0
15:39:53,90.4,38.1,96.95793,0
15:39:54,90.4,38.1,96.93294,0
15:39:55,90.4,38.1,96.96128,0
15:39:56,90.5,38.1,96.95852000000001,0
15:39:57,90.5,38.1,96.91534,0
15:39:58,90.5,38.1,96.951,0
15:39:59,90.5,38.1,96.93521000000001,0
15:40:00,90.5,38.1,96.93215,0
15:40:01,90.5,38.1,96.92988,0
15:40:02,90.5,38.1,96.88381,0
15:40:03,90.5,38.1,96.87826000000001,0
15:40:04,90.5,38.1,96.82208,0
15:40:05,90.5,38.1,96.79008999999999,0
15:40:06,90.5,38.1,96.73866,0
15:40:07,90.5,38.1,96.77637999999999,0
15:40:08,90.5,38.1,96.75344,0
15:40:09,90.5,38.1,96.70044,0
15:40:10,90.5,38.1,96.68641,0
15:40:11,90.5,38.1,96.69772,0
15:40:12,90.5,38.1,96.69782000000001,0
15:40:13,90.5,38.1,96.68933,0
15:40:14,90.5,38.1,96.69855000000001,0
15:40:15,90.4,38.1,96.70096000000001,0
15:40:16,90.4,38.1,96.76486,0
15:40:17,90.4,38.1,96.73251,0
15:40:18,90.4,38.1,96.76761,0
15:40:19,90.4,38.1,96.7296,0
15:40:20,90.4,38.1,96.69619,0
15:40:21,90.4,38.1,96.62841,0
15:40:22,90.4,38.1,96.62677,0
15:40:23,90.4,38.1,96.56538,0
15:40:24,90.4,38.1,96.59371,0
15:40:25,90.4,38.1,96.59371,0
15:40:26,90.4,38.1,96.56194,0
15:40:27,90.4,38.1,96.49305,0
15:40:28,90.4,38.1,96.43684999999999,0
15:40:29,90.3,38.1,96.44828,0
15:40:30,90.3,38.1,96.39922,0
15:40:31,90.3,38.1,96.38565,0
15:40:32,90.3,38.1,96.35654,0
15:40:33,90.2,38.1,96.36179,0
15:40:34,90.2,38.1,96.35493000000001,0
15:40:35,90.2,38.1,96.34758,0
15:40:36,90.2,38.1,96.38149,0
15:40:37,90.2,38.1,96.35534,0
15:40:38,90.2,38.1,96.33479,0
15:40:39,90.2,38.1,96.27546,0
15:40:40,90.1,38.1,96.22087,0
15:40:41,90.1,38.1,96.23984,0
15:40:42,90.1,38.1,96.19151000000001,0
15:40:43,90.1,38.1,96.1579,0
15:40:44,90.1,38.1,96.11107,0
15:40:45,90,38.1,96.09639,0
15:40:46,90,38.1,96.09374000000001,0
15:40:47,90,38.1,96.1226,0
15:40:48,90,38.1,96.15495,0
15:40:49,90,38.1,96.18860000000001,0
15:40:50,90,38.1,96.27226,0
15:40:51,90,38.1,96.2923,0
15:40:52,90,38.1,96.37583,0
15:40:53,89.9,38.1,96.4127,0
15:40:54,89.9,38.1,96.47081,0
15:40:55,89.9,38.1,96.49383999999999,0
15:40:56,89.9,38.1,96.5267,0
15:40:57,90,38.1,96.46691,0
15:40:58,90,38.1,96.56525,0
15:40:59,90,38.1,96.61840000000001,0
15:41:00,90,38.1,96.60280999999999,0
15:41:01,90,38.1,96.64811,0
15:41:02,90,38.1,96.66686,0
15:41:03,90,38.1,96.70656,0
15:41:04,90.1,38.1,96.73198,0
15:41:05,90.1,38.1,96.76289,0
15:41:06,90.1,38.1,96.78528,0
15:41:07,90.1,38.1,96.8435,0
15:41:08,90.2,38.1,96.8895,0
15:41:09,90.2,38.1,96.90706999999999,0
15:41:10,90.2,38.1,96.93762,0
15:41:11,90.2,38.1,96.93762,0
15:41:12,90.3,38.1,96.96424,0
15:41:13,90.3,38.1,96.95509,0
15:41:14,90.3,38.1,96.98505,0
15:41:15,90.3,38.1,96.93795,0
15:41:16,90.3,38.1,97.01647,0
15:41:17,90.4,38.1,97.05778000000001,0
15:41:18,90.4,38.1,96.97952,0
15:41:19,90.4,38.1,97.01572,0
15:41:20,90.4,38.1,97.03500000000001,0
15:41:21,90.4,38.1,97.01746,0
15:41:22,90.5,38.1,97.01554,0
15:41:23,90.5,38.1,96.98491,0
15:41:24,90.5,38.1,96.99051,0
15:41:25,90.5,38.1,96.96388999999999,0
15:41:26,90.5,38.1,96.9891,0
15:41:27,90.5,38.1,96.92956000000001,0
15:41:28,90.5,38.1,96.93171000000001,0
15:41:29,90.5,38.1,96.9367,0
15:41:30,90.5,38.1,96.92112,0
15:41:31,90.5,38.1,96.91336,0
15:41:32,90.5,38.1,96.92196,0
15:41:33,90.5,38.1,96.90541999999999,0
15:41:34,90.5,38.1,96.88795,0
15:41:35,90.5,38.1,96.86811,0
15:41:36,90.5,38.1,96.90571,0
15:41:37,90.5,38.1,96.92824,0
15:41:38,90.5,38.1,96.95794,0
15:41:39,90.5,38.1,96.92913,0
15:41:40,90.5,38.1,96.95781,0
15:41:41,90.5,38.1,96.93038,0
15:41:42,90.5,38.1,96.9181,0
15:41:43,90.5,38.1,96.87773,0
15:41:44,90.5,38.1,96.87265000000001,0
15:41:45,90.5,38.1,96.78132000000001,0
15:41:46,90.5,38.1,96.75332,0
15:41:47,90.5,38.1,96.69053,0
15:41:48,90.5,38.1,96.65551,0
15:41:49,90.5,38.1,96.69296,0
15:41:50,90.5,38.1,96.63271,0
15:41:51,90.5,38.1,96.56836,0
15:41:52,90.5,38.1,96.54943,0
15:41:53,90.5,38.1,96.52529,0
15:41:54,90.4,38.1,96.50084,0
15:41:55,90.4,38.1,96.48411999999999,0
15:41:56,90.4,38.1,96.48411999999999,0
15:41:57,90.4,38.1,96.47308,0
15:41:58,90.4,38.1,96.42488,0
15:41:59,90.3,38.1,96.47691,0
15:42:00,90.3,38.1,96.44035,0
15:42:01,90.3,38.1,96.41494,0
15:42:02,90.3,38.1,96.44514,0
15:42:03,90.3,38.1,96.37274000000001,0
15:42:04,90.3,38.1,96.39898,0
15:42:05,90.2,38.1,96.37141,0
15:42:06,90.2,38.1,96.35816,0
15:42:07,90.2,38.1,96.36358,0
15:42:08,90.2,38.1,96.31599,0
15:42:09,90.2,38.1,96.26033000000001,0
15:42:10,90.2,38.1,96.30250000000001,0
15:42:11,90.2,38.1,96.26808,0
15:42:12,90.1,38.1,96.29938,0
15:42:13,90.1,38.1,96.29138,0
15:42:14,90.1,38.1,96.26544,0
15:42:15,90.1,38.1,96.35378,0
15:42:16,90.1,38.1,96.38168,0
15:42:17,90.1,38.1,96.38341,0
15:42:18,90.1,38.1,96.41332,0
15:42:19,90.1,38.1,96.40426,0
15:42:20,90.1,38.1,96.39198,0
15:42:21,90.1,38.1,96.37548,0
15:42:22,90.1,38.1,96.37143,0
15:42:23,90.1,38.1,96.41781999999999,0
15:42:24,90.1,38.1,96.3786,0
15:42:25,90.1,38.1,96.41275999999999,0
15:42:26,90.1,38.1,96.44566,0
15:42:27,90.1,38.1,96.50366,0
15:42:28,90.1,38.1,96.49519,0
15:42:29,90.1,38.1,96.55462,0
15:42:30,90.1,38.1,96.53604,0
15:42:31,90.1,38.1,96.65218,0
15:42:32,90.1,38.1,96.64487000000001,0
15:42:33,90.1,38.1,96.66793,0
15:42:34,90.1,38.1,96.69508,0
15:42:35,90.1,38.1,96.73779,0
15:42:36,90.2,38.1,96.72622,0
15:42:37,90.2,38.1,96.72606,0
15:42:38,90.2,38.1,96.67169,0
15:42:39,90.2,38.1,96.72401,0
15:42:40,90.2,38.1,96.7371,0
15:42:41,90.2,38.1,96.72684000000001,0
15:42:42,90.2,38.1,96.72684000000001,0
15:42:43,90.2,38.1,96.68764,0
15:42:44,90.2,38.1,96.76347,0
15:42:45,90.3,38.1,96.76534,0
15:42:46,90.3,38.1,96.78946,0
15:42:47,90.3,38.1,96.78434,0
15:42:48,90.3,38.1,96.80085000000001,0
15:42:49,90.3,38.1,96.81035999999999,0
15:42:50,90.3,38.1,96.82324,0
15:42:51,90.3,38.1,96.79257,0
15:42:52,90.3,38.1,96.79095,0
15:42:53,90.3,38.1,96.8099,0
15:42:54,90.3,38.1,96.77576,0
15:42:55,90.3,38.1,96.8205,0
15:42:56,90.4,38.1,96.8071,0
15:42:57,90.4,38.1,96.8505,0
15:42:58,90.4,38.1,96.8509,0
15:42:59,90.4,38.1,96.79768,0
15:43:00,90.4,38.1,96.81444,0
15:43:01,90.4,38.1,96.7904,0
15:43:02,90.4,38.1,96.79006,0
15:43:03,90.4,38.1,96.7584,0
15:43:04,90.4,38.1,96.74875,0
15:43:05,90.4,38.1,96.74873000000001,0
15:43:06,90.4,38.1,96.72706,0
15:43:07,90.4,38.1,96.76389,0
15:43:08,90.4,38.1,96.73421,0
15:43:09,90.4,38.1,96.76599,0
15:43:10,90.4,38.1,96.73429999999999,0
15:43:11,90.4,38.1,96.73337,0
15:43:12,90.4,38.1,96.70908,0
15:43:13,90.4,38.1,96.75709,0
15:43:14,90.4,38.1,96.73802,0
15:43:15,90.4,38.1,96.73872999999999,0
15:43:16,90.4,38.1,96.69997000000001,0
15:43:17,90.4,38.1,96.71876999999999,0
15:43:18,90.4,38.1,96.71988999999999,0
15:43:19,90.4,38.1,96.73543,0
15:43:20,90.4,38.1,96.76323,0
15:43:21,90.4,38.1,96.75465,0
15:43:22,90.4,38.1,96.78470999999999,0
15:43:23,90.4,38.1,96.81629000000001,0
15:43:24,90.4,38.1,96.77396,0
15:43:25,90.4,38.1,96.85278000000001,0
15:43:26,90.4,38.1,96.83935,0
15:43:27,90.4,38.1,96.83935,0
15:43:28,90.4,38.1,96.89589,0
15:43:29,90.4,38.1,96.95,0
15:43:30,90.4,38.1,96.9122,0
15:43:31,90.4,38.1,97.01303,0
15:43:32,90.4,38.1,97.01928,0
15:43:33,90.4,38.1,97.02399,0
15:43:34,90.4,38.1,97.0981,0
15:43:35,90.5,38.1,97.15567,0
15:43:36,90.5,38.1,97.18171,0
15:43:37,90.6,38.1,97.27138,0
15:43:38,90.6,38.1,97.2979,0
15:43:39,90.6,38.1,97.3,0
15:43:40,90.6,38.1,97.38279,0
15:43:41,90.6,38.1,97.42937,0
15:43:42,90.6,38.1,97.42352,0
15:43:43,90.7,38.1,97.43672,0
15:43:44,90.7,38.1,97.43881,0
15:43:45,90.7,38.1,97.41953,0
15:43:46,90.8,38.1,97.38978,0
15:43:47,90.8,38.1,97.45504,0
15:43:48,90.8,38.1,97.46612,0
15:43:49,90.8,38.1,97.44966000000001,0
15:43:50,90.8,38.1,97.45396,0
15:43:51,90.8,38.1,97.47584,0
15:43:52,90.9,38.1,97.51233,0
15:43:53,90.9,38.1,97.47011,0
15:43:54,90.9,38.1,97.4731,0
15:43:55,90.9,38.1,97.49710999999999,0
15:43:56,90.9,38.1,97.49867,0
15:43:57,90.9,38.1,97.48404000000001,0
15:43:58,90.9,38.1,97.45582999999999,0
15:43:59,90.9,38.1,97.41232,0
15:44:00,90.9,38.1,97.36308,0
15:44:01,91,38.1,97.3297,0
15:44:02,91,38.1,97.28944,0
15:44:03,91,38.1,97.27268,0
15:44:04,91,38.1,97.27816,0
15:44:05,91,38.1,97.19291,0
15:44:06,90.9,38.1,97.16614,0
15:44:07,90.9,38.1,97.13126,0
15:44:08,90.9,38.1,97.10035,0
15:44:09,90.9,38.1,97.12736,0
15:44:10,90.9,38.1,97.10834,0
15:44:11,90.9,38.1,97.07606,0
15:44:12,90.9,38.1,97.07606,0
15:44:13,90.9,38.1,97.12728,0
15:44:14,90.9,38.1,97.13345,0
15:44:15,90.8,38.1,97.10294,0
15:44:16,90.8,38.1,97.10084,0
15:44:17,90.8,38.1,97.07619,0
15:44:18,90.8,38.1,97.04083999999999,0
15:44:19,90.8,38.1,96.9901,0
15:44:20,90.8,38.1,96.90485,0
15:44:21,90.8,38.1,96.92880000000001,0
15:44:22,90.7,38.1,96.88879,0
15:44:23,90.7,38.1,96.80539,0
15:44:24,90.7,38.1,96.78415,0
15:44:25,90.7,38.1,96.78953,0
15:44:26,90.6,38.1,96.79373,0
15:44:27,90.6,38.1,96.75932,0
15:44:28,90.6,38.1,96.7697,0
15:44:29,90.6,38.1,96.78509,0
15:44:30,90.6,38.1,96.82581,0
15:44:31,90.6,38.1,96.81799,0
15:44:32,90.6,38.1,96.81692,0
15:44:33,90.5,38.1,96.80931000000001,0
15:44:34,90.5,38.1,96.79238,0
15:44:35,90.5,38.1,96.76217,0
15:44:36,90.5,38.1,96.72349,0
15:44:37,90.5,38.1,96.69671,0
15:44:38,90.5,38.1,96.64753999999999,0
15:44:39,90.5,38.1,96.58515,0
15:44:40,90.4,38.1,96.49545,0
15:44:41,90.4,38.1,96.3834,0
15:44:42,90.4,38.1,96.30821,0
15:44:43,90.4,38.1,96.14551999999999,0
15:44:44,90.3,38.1,95.9931,0
15:44:45,90.3,38.1,95.81345999999999,0
15:44:46,90.2,38.1,95.67741,0
15:44:47,90.2,38.1,95.41964,0
15:44:48,90,38.1,95.226,0
15:44:49,89.9,38,94.98823,0
15:44:50,89.8,38,94.77727999999999,0
15:44:51,89.7,38,94.51572999999999,0
15:44:52,89.5,38,94.30315999999999,0
15:44:53,89.5,38,94.23991000000001,0
15:44:54,89.1,38,94.01142999999999,0
15:44:55,89,38,93.71426000000001,0
15:44:56,88.8,38,93.44983,0
15:44:57,88.7,38,93.17368,0
15:44:58,88.5,38,93.17368,0
15:44:59,88.3,38,92.87531999999999,0
15:45:00,87.9,38,92.59193,0
15:45:01,87.9,38,92.30867,0
15:45:02,87.5,38,92.01472000000001,0
15:45:03,87.2,38,91.77644000000001,0
15:45:04,87,37.9,91.53137,0
15:45:05,86.8,37.9,91.24856,0
15:45:06,86.6,37.9,91.00266,0
15:45:07,86.4,37.9,90.73772,0
15:45:08,86.1,37.9,90.47714,0
15:45:09,85.9,37.9,90.21759,0
15:45:10,85.5,37.9,89.98102,0
15:45:11,85,37.9,89.91711,0
15:45:12,85,37.9,89.7167,0
15:45:13,84.8,37.9,89.4474,0
15:45:14,84.6,37.9,89.23056,0
15:45:15,84.2,37.9,88.99772999999999,0
15:45:16,84,37.9,88.73791,0
15:45:17,83.8,37.9,88.50654999999999,0
15:45:18,83.6,37.9,88.29854,0
15:45:19,83.4,37.9,88.06964,0
15:45:20,83.2,37.9,87.89874,0
15:45:21,83,37.9,87.76466,0
15:45:22,82.8,37.9,87.64815,0
15:45:23,82.6,37.8,87.46562,0
15:45:24,82.5,37.8,87.29278000000001,0
15:45:25,82.1,37.8,87.18595,0
15:45:26,82,37.8,87.00717999999999,0
15:45:27,81.7,37.8,86.82763,0
15:45:28,81.5,37.8,86.68527999999999,0
15:45:29,81.5,37.8,86.61412,0
15:45:30,81.4,37.8,86.52647,0
15:45:31,81.3,37.8,86.38662000000001,0
15:45:32,81.1,37.8,86.18090000000001,0
15:45:33,81,37.8,85.9935,0
15:45:34,80.8,37.8,85.82596,0
15:45:35,80.6,37.8,85.63362,0
15:45:36,80.3,37.8,85.46306,0
15:45:37,80.3,37.8,85.31891,0
15:45:38,80,37.8,85.2093,0
15:45:39,80,37.8,85.0945,0
15:45:40,79.8,37.8,84.98454,0
15:45:41,79.5,37.8,84.83345,0
15:45:42,79.5,37.8,84.72588,0
15:45:43,79.4,37.8,84.61948,0
15:45:44,79.3,37.8,84.61948,0
15:45:45,79.2,37.8,84.49822999999999,0
15:45:46,79.1,37.8,84.3682,0
15:45:47,79,37.8,84.28092000000001,0
15:45:48,78.8,37.8,84.21176,0
15:45:49,78.7,37.8,84.17053,0
15:45:50,78.7,37.8,84.0955,0
15:45:51,78.4,37.8,83.93247000000001,0
15:45:52,78.3,37.8,83.86276000000001,0
15:45:53,78.3,37.8,83.76575000000001,0
15:45:54,78.2,37.7,83.65666,0
15:45:55,78.2,37.7,83.57408,0
15:45:56,78,37.7,83.49068,0
15:45:57,78,37.7,83.42596,0
15:45:58,77.9,37.7,83.39823,0
15:45:59,77.7,37.7,83.29075999999999,0
15:46:00,77.7,37.7,83.17056000000001,0
15:46:01,77.7,37.7,83.03433,0
15:46:02,77.6,37.7,82.90965,0
15:46:03,77.5,37.7,82.79617,0
15:46:04,77.5,37.7,82.62636,0
15:46:05,77.4,37.7,82.54145000000001,0
15:46:06,77.2,37.7,82.49710999999999,0
15:46:07,77.1,37.7,82.44164,0
15:46:08,77,37.7,82.33812999999999,0
15:46:09,77,37.7,82.21212,0
15:46:10,76.8,37.7,82.07709,0
15:46:11,76.7,37.7,82.01177,0
15:46:12,76.6,37.7,81.90194,0
15:46:13,76.6,37.7,81.79296000000001,0
15:46:14,76.5,37.7,81.70055,0
15:46:15,76.5,37.7,81.61792,0
15:46:16,76.4,37.7,81.53058,0
15:46:17,76.3,37.7,81.47694,0
15:46:18,76.2,37.7,81.41245,0
15:46:19,76.1,37.7,81.36667,0
15:46:20,76,37.7,81.23605,0
15:46:21,76,37.7,81.18378,0
15:46:22,75.9,37.7,81.07427,0
15:46:23,75.9,37.7,80.93901,0
15:46:24,75.8,37.7,80.89377,0
15:46:25,75.7,37.7,80.85464,0
15:46:26,75.6,37.7,80.81283,0
15:46:27,75.5,37.7,80.74999000000001,0
15:46:28,75.5,37.7,80.62961,0
15:46:29,75.5,37.7,80.62961,0
15:46:30,75.4,37.7,80.57676000000001,0
15:46:31,75.3,37.7,80.52281,0
15:46:32,75.2,37.7,80.47073999999999,0
15:46:33,75.2,37.7,80.40935,0
15:46:34,75.2,37.7,80.34094,0
15:46:35,75.1,37.7,80.23488,0
15:46:36,75,37.7,80.17967,0
15:46:37,74.9,37.6,80.08834999999999,0
15:46:38,74.9,37.6,80.02106,0
15:46:39,74.9,37.6,79.95936,0
15:46:40,74.9,37.6,79.90527,0
15:46:41,74.8,37.6,79.84581,0
15:46:42,74.8,37.6,79.79245,0
15:46:43,74.6,37.6,79.72699,0
15:46:44,74.6,37.6,79.70989,0
15:46:45,74.6,37.6,79.64009,0
15:46:46,74.6,37.6,79.64622,0
15:46:47,74.5,37.6,79.58912000000001,0
15:46:48,74.5,37.6,79.52883,0
15:46:49,74.4,37.6,79.45415,0
15:46:50,74.4,37.6,79.41771,0
15:46:51,74.3,37.6,79.34993,0
15:46:52,74.3,37.6,79.31584000000001,0
15:46:53,74.3,37.6,79.25932,0
15:46:54,74.2,37.6,79.19329,0
15:46:55,74.2,37.6,79.1895,0
15:46:56,74.1,37.6,79.1324,0
15:46:57,74.1,37.6,79.10793000000001,0
15:46:58,74.1,37.6,79.04058,0
15:46:59,74.1,37.6,79.01458,0
15:47:00,74,37.6,78.95841999999999,0
15:47:01,74,37.6,78.95555,0
15:47:02,74,37.6,78.9278,0
15:47:03,73.9,37.6,78.90816000000001,0
15:47:04,73.9,37.6,78.92892,0
15:47:05,73.9,37.6,78.93383,0
15:47:06,73.9,37.6,78.92502,0
15:47:07,73.8,37.6,78.81633000000001,0
15:47:08,73.8,37.6,78.82006,0
15:47:09,73.8,37.6,78.75509000000001,0
15:47:10,73.8,37.6,78.76359000000001,0
15:47:11,73.8,37.6,78.71171,0
15:47:12,73.7,37.6,78.69749999999999,0
15:47:13,73.7,37.6,78.64558000000001,0
15:47:14,73.7,37.6,78.64558000000001,0
15:47:15,73.7,37.6,78.66118,0
15:47:16,73.7,37.6,78.67372999999999,0
15:47:17,73.7,37.6,78.61885,0
15:47:18,73.7,37.6,78.61148999999999,0
15:47:19,73.7,37.6,78.58562,0
15:47:20,73.6,37.6,78.55263000000001,0
15:47:21,73.6,37.6,78.55548,0
15:47:22,73.6,37.6,78.5719,0
15:47:23,73.6,37.6,78.5578,0
15:47:24,73.6,37.6,78.60996999999999,0
15:47:25,73.6,37.6,78.61227,0
15:47:26,73.6,37.6,78.6828,0
15:47:27,73.6,37.6,78.64196,0
15:47:28,73.6,37.6,78.67587999999999,0
15:47:29,73.6,37.6,78.70215999999999,0
15:47:30,73.6,37.6,78.69859,0
15:47:31,73.6,37.6,78.70138,0
15:47:32,73.6,37.6,78.70902,0
15:47:33,73.6,37.6,78.68562999999999,0
15:47:34,73.6,37.6,78.67023,0
15:47:35,73.7,37.6,78.69594,0
15:47:36,73.7,37.6,78.72939,0
15:47:37,73.7,37.6,78.7293,0
15:47:38,73.7,37.6,78.79364,0
15:47:39,73.7,37.6,78.81332,0
15:47:40,73.7,37.6,78.84518,0
15:47:41,73.7,37.6,78.88064,0
15:47:42,73.8,37.6,78.88357,0
15:47:43,73.8,37.6,78.84598,0
15:47:44,73.8,37.6,78.89212,0
15:47:45,73.8,37.6,78.91888,0
15:47:46,73.8,37.6,78.87920000000001,0
15:47:47,73.9,37.6,78.90826,0
15:47:48,73.9,37.6,78.91296,0
15:47:49,73.9,37.6,78.89688,0
15:47:50,73.9,37.6,78.91013,0
15:47:51,74,37.6,78.94116,0
15:47:52,74,37.6,78.93446,0
15:47:53,74,37.6,78.96231,0
15:47:54,74,37.6,79.01459,0
15:47:55,74,37.6,79.08778,0
15:47:56,74.1,37.6,79.11656,0
15:47:57,74.1,37.6,79.14428,0
15:47:58,74.1,37.6,79.17021,0
15:47:59,74.1,37.6,79.17021,0
15:48:00,74.1,37.6,79.22022,0
15:48:01,74.2,37.6,79.28460000000001,0
15:48:02,74.2,37.6,79.32917,0
15:48:03,74.2,37.6,79.28558,0
15:48:04,74.3,37.6,79.40708,0
15:48:05,74.4,37.6,79.45924,0
15:48:06,74.4,37.6,79.50013,0
15:48:07,74.4,37.6,79.52884999999999,0
15:48:08,74.5,37.6,79.58026000000001,0
15:48:09,74.5,37.6,79.58342999999999,0
15:48:10,74.6,37.6,79.61872,0
15:48:11,74.7,37.6,79.63888,0
15:48:12,74.7,37.6,79.6354,0
15:48:13,74.7,37.6,79.73402,0
15:48:14,74.7,37.6,79.76362,0
15:48:15,74.8,37.6,79.79069,0
15:48:16,74.8,37.6,79.81698,0
15:48:17,74.8,37.6,79.80541,0
15:48:18,74.9,37.6,79.79227,0
15:48:19,74.9,37.6,79.77866999999999,0
15:48:20,74.9,37.6,79.78573,0
15:48:21,74.9,37.6,79.75598000000001,0
15:48:22,75,37.6,79.80815,0
15:48:23,75,37.6,79.79379,0
15:48:24,75,37.6,79.79993,0
15:48:25,75,37.6,79.70327999999999,0
15:48:26,75,37.6,79.70907,0
15:48:27,75,37.6,79.71158,0
15:48:28,75,37.6,79.67899,0
15:48:29,75.1,37.6,79.65164999999999,0
15:48:30,75.1,37.6,79.61762999999999,0
15:48:31,75.1,37.6,79.57251,0
15:48:32,75.1,37.6,79.62618,0
15:48:33,75.1,37.6,79.59381,0
15:48:34,75.1,37.6,79.5891,0
15:48:35,75.1,37.6,79.54687,0
15:48:36,75.1,37.6,79.55593,0
15:48:37,75.1,37.6,79.56857000000001,0
15:48:38,75.1,37.6,79.54926,0
15:48:39,75.1,37.6,79.51958,0
15:48:40,75.1,37.6,79.49268000000001,0
15:48:41,75.1,37.6,79.49716,0
15:48:42,75,37.6,79.44953,0
15:48:43,75,37.6,79.41819,0
15:48:44,75,37.6,79.41819,0
15:48:45,75,37.6,79.34431,0
15:48:46,75,37.6,79.35607,0
15:48:47,75,37.6,79.28938,0
15:48:48,75,37.6,79.26743,0
15:48:49,75,37.6,79.23114,0
15:48:50,75,37.6,79.20428000000001,0
15:48:51,74.9,37.6,79.2002,0
15:48:52,74.9,37.6,79.16914,0
15:48:53,74.9,37.6,79.14073,0
15:48:54,74.9,37.6,79.07839,0
15:48:55,74.9,37.6,79.01443,0
15:48:56,74.9,37.6,78.97112,0
15:48:57,74.8,37.6,78.95083000000001,0
15:48:58,74.8,37.6,78.94483,0
15:48:59,74.8,37.6,78.89112,0
15:49:00,74.7,37.6,78.9037,0
15:49:01,74.7,37.6,78.84117,0
15:49:02,74.7,37.7,78.77714999999999,0
15:49:03,74.6,37.7,78.70587,0
15:49:04,74.6,37.7,78.65353999999999,0
15:49:05,74.5,37.7,78.58418999999999,0
15:49:06,74.5,37.7,78.52787,0
15:49:07,74.5,37.7,78.53019,0
15:49:08,74.4,37.7,78.47317000000001,0
15:49:09,74.4,37.7,78.38297,0
15:49:10,74.4,37.7,78.36453,0
15:49:11,74.3,37.7,78.32913,0
15:49:12,74.3,37.7,78.23014,0
15:49:13,74.2,37.7,78.18286,0
15:49:14,74.2,37.7,78.08827000000001,0
15:49:15,74.2,37.7,78.02072,0
15:49:16,74.1,37.7,77.93719999999999,0
15:49:17,74.1,37.7,77.87917,0
15:49:18,74,37.7,77.78311,0
15:49:19,73.9,37.7,77.7897,0
15:49:20,73.9,37.7,77.73301000000001,0
15:49:21,73.8,37.7,77.65144000000001,0
15:49:22,73.8,37.7,77.6131,0
15:49:23,73.7,37.7,77.55057,0
15:49:24,73.7,37.7,77.46931000000001,0
15:49:25,73.6,37.7,77.40010000000001,0
15:49:26,73.5,37.7,77.33652,0
15:49:27,73.5,37.7,77.29605000000001,0
15:49:28,73.5,37.7,77.18652,0
15:49:29,73.4,37.7,77.17465,0
15:49:30,73.4,37.7,77.17465,0
15:49:31,73.3,37.7,77.07238,0
15:49:32,73.2,37.7,77.01635,0
15:49:33,73.1,37.7,76.93222,0
15:49:34,73.1,37.7,76.87269,0
15:49:35,73,37.7,76.77844999999999,0
15:49:36,73,37.7,76.72077,0
15:49:37,73,37.7,76.65574000000001,0
15:49:38,72.9,37.7,76.57416,0
15:49:39,72.8,37.7,76.54529,0
15:49:40,72.7,37.7,76.48610000000001,0
15:49:41,72.7,37.7,76.39861,0
15:49:42,72.6,37.7,76.34155,0
15:49:43,72.6,37.7,76.26912,0
15:49:44,72.5,37.7,76.22588999999999,0
15:49:45,72.4,37.7,76.163,0
15:49:46,72.3,37.7,76.108,0
15:49:47,72.3,37.7,76.04186,0
15:49:48,72.3,37.7,75.97515,0
15:49:49,72.2,37.7,75.9857,0
15:49:50,72.2,37.7,75.94761,0
15:49:51,72.1,37.7,75.89045,0
15:49:52,72.1,37.7,75.83643,0
15:49:53,72.1,37.7,75.76426000000001,0
15:49:54,72,37.7,75.75045,0
15:49:55,72,37.7,75.70755,0
15:49:56,71.9,37.7,75.65346,0
15:49:57,71.8,37.7,75.61274999999999,0
15:49:58,71.8,37.7,75.66867,0
15:49:59,71.8,37.7,75.65429999999999,0
15:50:00,71.8,37.7,75.66622,0
15:50:01,71.7,37.7,75.57633,0
15:50:02,71.7,37.7,75.51054,0
15:50:03,71.7,37.7,75.42402,0
15:50:04,71.7,37.7,75.36629,0
15:50:05,71.6,37.7,75.27485,0
15:50:06,71.6,37.7,75.25134999999999,0
15:50:07,71.5,37.7,75.15988,0
15:50:08,71.5,37.7,75.13019,0
15:50:09,71.4,37.7,75.04664,0
15:50:10,71.4,37.7,74.94477,0
15:50:11,71.3,37.7,74.85882000000001,0
15:50:12,71.3,37.7,74.77395,0
15:50:13,71.2,37.7,74.71778,0
15:50:14,71.1,37.7,74.58677,0
15:50:15,71,37.7,74.58677,0
15:50:16,70.9,37.7,74.50032,0
15:50:17,70.9,37.7,74.46484,0
15:50:18,70.8,37.7,74.38138,0
15:50:19,70.8,37.7,74.29976,0
15:50:20,70.7,37.7,74.24085000000001,0
15:50:21,70.6,37.7,74.1475,0
15:50:22,70.5,37.7,74.15323000000001,0
15:50:23,70.5,37.7,74.16302999999999,0
15:50:24,70.5,37.7,74.15715,0
15:50:25,70.4,37.7,74.15357,0
15:50:26,70.4,37.7,74.14498999999999,0
15:50:27,70.4,37.7,74.16044000000001,0
15:50:28,70.3,37.7,74.06573,0
15:50:29,70.3,37.7,74.11826,0
15:50:30,70.3,37.7,74.09487,0
15:50:31,70.3,37.7,74.02752,0
15:50:32,70.3,37.7,74.00281,0
15:50:33,70.3,37.7,73.94663,0
15:50:34,70.2,37.7,73.85054,0
15:50:35,70.2,37.7,73.76306,0
15:50:36,70.2,37.7,73.64291,0
15:50:37,70.1,37.7,73.61780999999999,0
15:50:38,70.1,37.7,73.53978,0
15:50:39,70,37.7,73.44024,0
15:50:40,69.9,37.7,73.37033,0
15:50:41,69.9,37.7,73.20531,0
15:50:42,69.7,37.7,73.13712,0
15:50:43,69.6,37.7,73.01722000000001,0
15:50:44,69.6,37.7,72.88695,0
15:50:45,69.6,37.7,72.80467,0
15:50:46,69.5,37.7,72.7059,0
15:50:47,69.3,37.7,72.61048,0
15:50:48,69.3,37.7,72.47464000000001,0
15:50:49,69.1,37.7,72.38165,0
15:50:50,69,37.7,72.28927,0
15:50:51,69,37.7,72.16886,0
15:50:52,69,37.7,72.09952,0
15:50:53,68.9,37.7,71.96878,0
15:50:54,68.7,37.7,71.88858,0
15:50:55,68.6,37.7,71.77601,0
15:50:56,68.5,37.7,71.73613,0
15:50:57,68.5,37.7,71.69211,0
15:50:58,68.4,37.7,71.67746000000001,0
15:50:59,68.3,37.7,71.62026,0
15:51:00,68.2,37.7,71.62026,0
15:51:01,68.2,37.7,71.57312,0
15:51:02,68.1,37.7,71.47148,0
15:51:03,68.1,37.7,71.42309999999999,0
15:51:04,68,37.7,71.37665,0
15:51:05,67.9,37.7,71.30529,0
15:51:06,67.9,37.7,71.24457,0
15:51:07,67.8,37.7,71.19023,0
15:51:08,67.7,37.7,71.14034000000001,0
15:51:09,67.7,37.7,71.10124,0
15:51:10,67.7,37.7,71.0324,0
15:51:11,67.7,37.7,70.97445,0
15:51:12,67.6,37.7,70.92439,0
15:51:13,67.5,37.7,70.83418999999999,0
15:51:14,67.5,37.7,70.76602,0
15:51:15,67.5,37.7,70.73941,0
15:51:16,67.3,37.7,70.67428,0
15:51:17,67.3,37.7,70.65325999999999,0
15:51:18,67.3,37.7,70.61355999999999,0
15:51:19,67.3,37.7,70.62212,0
15:51:20,67.2,37.7,70.55263000000001,0
15:51:21,67.2,37.7,70.54928000000001,0
15:51:22,67.1,37.7,70.47369,0
15:51:23,67.1,37.7,70.42138999999999,0
15:51:24,67,37.7,70.3561,0
15:51:25,67,37.7,70.31539,0
15:51:26,67,37.7,70.32157,0
15:51:27,66.9,37.7,70.32317,0
15:51:28,66.9,37.7,70.29837,0
15:51:29,66.9,37.7,70.32399000000001,0
15:51:30,66.8,37.7,70.26652,0
15:51:31,66.8,37.7,70.20196,0
15:51:32,66.8,37.7,70.17945,0
15:51:33,66.8,37.7,70.07771000000001,0
15:51:34,66.8,37.7,70.039,0
15:51:35,66.7,37.7,69.97225,0
15:51:36,66.7,37.7,69.9023,0
15:51:37,66.7,37.7,69.87084,0
15:51:38,66.6,37.7,69.81906,0
15:51:39,66.6,37.7,69.80037999999999,0
15:51:40,66.6,37.7,69.67692,0
15:51:41,66.4,37.7,69.62524,0
15:51:42,66.4,37.7,69.54381,0
15:51:43,66.3,37.7,69.53949,0
15:51:44,66.3,37.7,69.48638,0
15:51:45,66.2,37.7,69.48638,0
15:51:46,66.2,37.7,69.4959,0
15:51:47,66.2,37.7,69.43196,0
15:51:48,66.2,37.7,69.42742,0
15:51:49,66.1,37.7,69.42299,0
15:51:50,66.1,37.7,69.41775,0
15:51:51,66.1,37.7,69.44987,0
15:51:52,66.1,37.7,69.40101,0
15:51:53,66,37.7,69.36908000000001,0
15:51:54,66,37.7,69.33784,0
15:51:55,66,37.7,69.28303,0
15:51:56,66,37.7,69.25267000000001,0
15:51:57,65.9,37.7,69.21743000000001,0
15:51:58,65.9,37.7,69.15357,0
15:51:59,65.9,37.7,69.14341,0
15:52:00,65.9,37.7,69.13555,0
15:52:01,65.8,37.7,69.1103,0
15:52:02,65.8,37.7,69.08720000000001,0
15:52:03,65.8,37.7,69.02697,0
15:52:04,65.8,37.7,68.96953,0
15:52:05,65.7,37.7,68.90974,0
15:52:06,65.7,37.7,68.85477,0
15:52:07,65.6,37.7,68.84416,0
15:52:08,65.6,37.7,68.80263,0
15:52:09,65.6,37.7,68.78864999999999,0
15:52:10,65.6,37.7,68.73508000000001,0
15:52:11,65.5,37.7,68.77235999999999,0
15:52:12,65.5,37.7,68.69611,0
15:52:13,65.5,37.7,68.69485,0
15:52:14,65.4,37.7,68.59769999999999,0
15:52:15,65.4,37.7,68.55699,0
15:52:16,65.4,37.7,68.52683,0
15:52:17,65.3,37.7,68.47370000000001,0
15:52:18,65.3,37.7,68.45725999999999,0
15:52:19,65.3,37.7,68.41758,0
15:52:20,65.2,37.7,68.37844,0
15:52:21,65.2,37.7,68.35508,0
15:52:22,65.2,37.7,68.28853000000001,0
15:52:23,65.2,37.7,68.25132,0
15:52:24,65.1,37.7,68.19269,0
15:52:25,65.1,37.7,68.12925,0
15:52:26,65,37.7,68.03856999999999,0
15:52:27,65,37.7,67.96065,0
15:52:28,65,37.7,67.86143,0
15:52:29,64.9,37.7,67.7601,0
15:52:30,64.9,37.7,67.7601,0
15:52:31,64.8,37.7,67.66393000000001,0
15:52:32,64.6,37.7,67.55381,0
15:52:33,64.6,37.7,67.48893,0
15:52:34,64.5,37.7,67.40086,0
15:52:35,64.5,37.7,67.29507,0
15:52:36,64.4,37.7,67.21961,0
15:52:37,64.4,37.7,67.14658999999999,0
15:52:38,64.2,37.7,67.02192,0
15:52:39,64.1,37.7,66.94478000000001,0
15:52:40,64,37.7,66.87257,0
15:52:41,64,37.7,66.79672,0
15:52:42,64,37.7,66.7694,0
15:52:43,63.9,37.7,66.72876,0
15:52:44,63.8,37.7,66.65349,0
15:52:45,63.7,37.7,66.59815,0
15:52:46,63.6,37.7,66.48258,0
15:52:47,63.6,37.7,66.42084,0
15:52:48,63.5,37.7,66.39573,0
15:52:49,63.5,37.7,66.33862,0
15:52:50,63.4,37.7,66.31388,0
15:52:51,63.4,37.7,66.22015999999999,0
15:52:52,63.3,37.7,66.15607,0
15:52:53,63.3,37.7,66.11409,0
15:52:54,63.3,37.7,66.06739,0
15:52:55,63.2,37.7,65.99158,0
15:52:56,63.1,37.7,65.9682,0
15:52:57,63.1,37.7,65.89715000000001,0
15:52:58,63,37.7,65.87653,0
15:52:59,63,37.7,65.82165,0
15:53:00,62.9,37.7,65.78564,0
15:53:01,62.9,37.7,65.72365,0
15:53:02,62.8,37.7,65.69603000000001,0
15:53:03,62.8,37.7,65.70231,0
15:53:04,62.7,37.7,65.61111,0
15:53:05,62.7,37.7,65.61224,0
15:53:06,62.7,37.7,65.55798,0
15:53:07,62.7,37.7,65.50256,0
15:53:08,62.6,37.7,65.47312,0
15:53:09,62.5,37.7,65.44443,0
15:53:10,62.5,37.7,65.42129,0
15:53:11,62.5,37.7,65.38801,0
15:53:12,62.5,37.7,65.38013000000001,0
15:53:13,62.4,37.7,65.36311,0
15:53:14,62.4,37.7,65.33487,0
15:53:15,62.4,37.7,65.33487,0
15:53:16,62.4,37.7,65.31825,0
15:53:17,62.4,37.7,65.30212,0
15:53:18,62.3,37.7,65.26208,0
15:53:19,62.3,37.7,65.26349,0
15:53:20,62.3,37.7,65.24683999999999,0
15:53:21,62.3,37.7,65.21994,0
15:53:22,62.3,37.7,65.21878,0
15:53:23,62.2,37.7,65.1541,0
15:53:24,62.2,37.7,65.1322,0
15:53:25,62.2,37.7,65.09419,0
15:53:26,62.2,37.7,65.02173,0
15:53:27,62.1,37.7,65.03278999999999,0
15:53:28,62.1,37.7,65.01757,0
15:53:29,62.1,37.7,64.94919999999999,0
15:53:30,62.1,37.7,64.92761,0
15:53:31,62.1,37.7,64.86568,0
15:53:32,62,37.7,64.85400999999999,0
15:53:33,62,37.7,64.78490000000001,0
15:53:34,62,37.7,64.72835,0
15:53:35,62,37.7,64.71719999999999,0
15:53:36,61.9,37.7,64.63918,0
15:53:37,61.9,37.7,64.61536,0
15:53:38,61.8,37.7,64.57757,0
15:53:39,61.8,37.7,64.52812,0
15:53:40,61.7,37.7,64.49163,0
15:53:41,61.7,37.7,64.46918000000001,0
15:53:42,61.7,37.7,64.43611,0
15:53:43,61.6,37.7,64.3734,0
15:53:44,61.6,37.7,64.37595,0
15:53:45,61.6,37.7,64.36511,0
15:53:46,61.5,37.7,64.37664,0
15:53:47,61.5,37.7,64.33489,0
15:53:48,61.5,37.7,64.37686000000001,0
15:53:49,61.5,37.7,64.40418,0
15:53:50,61.5,37.7,64.45984,0
15:53:51,61.5,37.7,64.48057,0
15:53:52,61.5,37.7,64.46827,0
15:53:53,61.5,37.7,64.49491,0
15:53:54,61.5,37.7,64.49827,0
15:53:55,61.5,37.7,64.46655,0
15:53:56,61.5,37.7,64.48585,0
15:53:57,61.5,37.7,64.46777,0
15:53:58,61.5,37.7,64.46600000000001,0
15:53:59,61.5,37.7,64.49496,0
15:54:00,61.5,37.7,64.49496,0
15:54:01,61.5,37.7,64.46405,0
15:54:02,61.5,37.7,64.46397,0
15:54:03,61.5,37.7,64.43853,0
15:54:04,61.5,37.7,64.43833,0
15:54:05,61.5,37.7,64.43451,0
15:54:06,61.5,37.7,64.46962,0
15:54:07,61.5,37.7,64.42728,0
15:54:08,61.5,37.7,64.4339,0
15:54:09,61.5,37.7,64.4124,0
15:54:10,61.5,37.7,64.40263,0
15:54:11,61.5,37.7,64.40626999999999,0
15:54:12,61.5,37.7,64.38871,0
15:54:13,61.5,37.7,64.31679,0
15:54:14,61.5,37.7,64.32691,0
15:54:15,61.5,37.7,64.33474,0
15:54:16,61.5,37.7,64.30137,0
15:54:17,61.5,37.7,64.30536000000001,0
15:54:18,61.5,37.7,64.25803,0
15:54:19,61.4,37.7,64.24441,0
15:54:20,61.4,37.7,64.19015,0
15:54:21,61.4,37.7,64.17873,0
15:54:22,61.4,37.7,64.1745,0
15:54:23,61.4,37.7,64.19108,0
15:54:24,61.4,37.7,64.21088999999999,0
15:54:25,61.4,37.7,64.15529,0
15:54:26,61.4,37.7,64.15250999999999,0
15:54:27,61.4,37.7,64.12218,0
15:54:28,61.4,37.7,64.07469999999999,0
15:54:29,61.3,37.7,64.04207,0
15:54:30,61.3,37.7,64.03196,0
15:54:31,61.3,37.7,63.968709999999994,0
15:54:32,61.3,37.7,63.98057,0
15:54:33,61.3,37.7,63.969,0
15:54:34,61.3,37.7,63.93997,0
15:54:35,61.2,37.7,63.92168,0
15:54:36,61.2,37.7,63.88453,0
15:54:37,61.2,37.7,63.86596,0
15:54:38,61.2,37.7,63.83474999999999,0
15:54:39,61.2,37.7,63.83591,0
15:54:40,61.2,37.7,63.822179999999996,0
15:54:41,61.1,37.7,63.785729999999994,0
15:54:42,61.1,37.7,63.753170000000004,0
15:54:43,61.1,37.7,63.66967999999999,0
15:54:44,61.1,37.7,63.67660000000001,0
15:54:45,61.1,37.7,63.62631,0
15:54:46,61,37.7,63.62631,0
15:54:47,61,37.7,63.57692,0
15:54:48,61,37.7,63.5409,0
15:54:49,61,37.7,63.451460000000004,0
15:54:50,60.9,37.7,63.441590000000005,0
15:54:51,60.9,37.7,63.37495,0
15:54:52,60.8,37.7,63.36543999999999,0
15:54:53,60.8,37.7,63.35231,0
15:54:54,60.8,37.7,63.29363,0
15:54:55,60.8,37.7,63.253789999999995,0
15:54:56,60.7,37.7,63.22692,0
15:54:57,60.6,37.7,63.120580000000004,0
15:54:58,60.6,37.7,63.06595,0
15:54:59,60.5,37.7,63.00508,0
15:55:00,60.5,37.7,62.954840000000004,0
15:55:01,60.5,37.7,62.839650000000006,0
15:55:02,60.4,37.7,62.77999,0
15:55:03,60.3,37.7,62.72419,0
15:55:04,60.3,37.7,62.68034,0
15:55:05,60.3,37.7,62.65889,0
15:55:06,60.2,37.7,62.604260000000004,0
15:55:07,60.2,37.7,62.590579999999996,0
15:55:08,60.2,37.7,62.57137,0
15:55:09,60.1,37.7,62.538090000000004,0
15:55:10,60.1,37.7,62.502480000000006,0
15:55:11,60,37.7,62.50291,0
15:55:12,60,37.7,62.47028,0
15:55:13,60,37.7,62.41628,0
15:55:14,60,37.7,62.390820000000005,0
15:55:15,60,37.7,62.405809999999995,0
15:55:16,59.9,37.7,62.376039999999996,0
15:55:17,59.9,37.7,62.3709,0
15:55:18,59.9,37.7,62.33585,0
15:55:19,59.8,37.7,62.309099999999994,0
15:55:20,59.8,37.7,62.28268,0
15:55:21,59.8,37.7,62.26609,0
15:55:22,59.8,37.7,62.25406,0
15:55:23,59.7,37.7,62.201969999999996,0
15:55:24,59.7,37.7,62.16798,0
15:55:25,59.7,37.7,62.20143,0
15:55:26,59.7,37.7,62.200120000000005,0
15:55:27,59.6,37.7,62.192170000000004,0
15:55:28,59.6,37.7,62.24957,0
15:55:29,59.6,37.7,62.27344,0
15:55:30,59.6,37.7,62.30775,0
15:55:31,59.6,37.7,62.30775,0
15:55:32,59.6,37.7,62.36993,0
15:55:33,59.6,37.7,62.41007,0
15:55:34,59.6,37.7,62.41649,0
15:55:35,59.6,37.7,62.44628,0
15:55:36,59.6,37.7,62.443439999999995,0
15:55:37,59.6,37.7,62.482260000000004,0
15:55:38,59.6,37.7,62.4379,0
15:55:39,59.6,37.7,62.47197,0
15:55:40,59.7,37.7,62.512049999999995,0
15:55:41,59.7,37.7,62.55359,0
15:55:42,59.7,37.7,62.511700000000005,0
15:55:43,59.7,37.7,62.477360000000004,0
15:55:44,59.7,37.7,62.483920000000005,0
15:55:45,59.7,37.7,62.485710000000005,0
15:55:46,59.7,37.7,62.49226,0
15:55:47,59.7,37.7,62.48876,0
15:55:48,59.8,37.7,62.47918,0
15:55:49,59.8,37.7,62.468939999999996,0
15:55:50,59.8,37.7,62.50414,0
15:55:51,59.8,37.7,62.54101,0
15:55:52,59.8,37.7,62.53817,0
15:55:53,59.8,37.7,62.55847,0
15:55:54,59.8,37.7,62.56058,0
15:55:55,59.8,37.7,62.531780000000005,0
15:55:56,59.8,37.7,62.56861,0
15:55:57,59.8,37.7,62.58866,0
15:55:58,59.8,37.7,62.560289999999995,0
15:55:59,59.8,37.7,62.51773000000001,0
15:56:00,59.8,37.7,62.560539999999996,0
15:56:01,59.8,37.7,62.56663999999999,0
15:56:02,59.8,37.7,62.54151,0
15:56:03,59.8,37.7,62.5096,0
15:56:04,59.8,37.7,62.509280000000004,0
15:56:05,59.8,37.7,62.508010000000006,0
15:56:06,59.9,37.7,62.48657,0
15:56:07,59.9,37.7,62.5254,0
15:56:08,59.9,37.7,62.515730000000005,0
15:56:09,59.9,37.7,62.506609999999995,0
15:56:10,59.9,37.7,62.51857,0
15:56:11,59.9,37.7,62.528819999999996,0
15:56:12,59.9,37.7,62.516020000000005,0
15:56:13,59.9,37.7,62.514829999999996,0
15:56:14,59.9,37.7,62.47363,0
15:56:15,59.9,37.7,62.46287,0
15:56:16,59.9,37.7,62.46287,0
15:56:17,59.9,37.7,62.45605,0
15:56:18,59.9,37.7,62.45413,0
15:56:19,59.8,37.7,62.41337,0
15:56:20,59.8,37.7,62.4406,0
15:56:21,59.8,37.7,62.43673,0
15:56:22,59.8,37.7,62.40424,0
15:56:23,59.8,37.7,62.41991,0
15:56:24,59.8,37.7,62.44767,0
15:56:25,59.8,37.7,62.392360000000004,0
15:56:26,59.8,37.7,62.406349999999996,0
15:56:27,59.8,37.7,62.440799999999996,0
15:56:28,59.8,37.7,62.42054,0
15:56:29,59.8,37.7,62.39791,0
15:56:30,59.8,37.7,62.367799999999995,0
15:56:31,59.8,37.7,62.37764,0
15:56:32,59.8,37.7,62.34166,0
15:56:33,59.8,37.7,62.29957,0
15:56:34,59.8,37.7,62.24967,0
15:56:35,59.8,37.7,62.158829999999995,0
15:56:36,59.8,37.7,62.10403,0
15:56:37,59.7,37.7,62.03589,0
15:56:38,59.7,37.7,61.99806,0
15:56:39,59.7,37.7,61.96641,0
15:56:40,59.7,37.7,61.90255,0
15:56:41,59.6,37.7,61.88110999999999,0
15:56:42,59.5,37.7,61.83304,0
15:56:43,59.5,37.7,61.78597,0
15:56:44,59.4,37.7,61.75696000000001,0
15:56:45,59.4,37.7,61.752680000000005,0
15:56:46,59.4,37.7,61.73963,0
15:56:47,59.4,37.7,61.73788999999999,0
15:56:48,59.3,37.7,61.709610000000005,0
15:56:49,59.3,37.7,61.74732,0
15:56:50,59.3,37.7,61.68207999999999,0
15:56:51,59.3,37.7,61.683809999999994,0
15:56:52,59.3,37.7,61.66081,0
15:56:53,59.2,37.7,61.660470000000004,0
15:56:54,59.2,37.7,61.61763,0
15:56:55,59.2,37.7,61.62542,0
15:56:56,59.2,37.7,61.601209999999995,0
15:56:57,59.2,37.7,61.64187,0
15:56:58,59.2,37.7,61.65257,0
15:56:59,59.2,37.7,61.64046,0
15:57:00,59.2,37.7,61.647710000000004,0
15:57:01,59.2,37.7,61.647710000000004,0
15:57:02,59.1,37.7,61.65262,0
15:57:03,59.1,37.7,61.64944,0
15:57:04,59.1,37.7,61.64792,0
15:57:05,59.1,37.7,61.64174,0
15:57:06,59.1,37.7,61.64166,0
15:57:07,59.1,37.7,61.65889,0
15:57:08,59.1,37.7,61.59539000000001,0
15:57:09,59.1,37.7,61.62041000000001,0
15:57:10,59.1,37.7,61.64125,0
15:57:11,59.1,37.7,61.65429,0
15:57:12,59.1,37.7,61.600429999999996,0
15:57:13,59.1,37.7,61.571830000000006,0
15:57:14,59.1,37.7,61.592020000000005,0
15:57:15,59.1,37.7,61.615640000000006,0
15:57:16,59.1,37.7,61.650079999999996,0
15:57:17,59.1,37.7,61.68176,0
15:57:18,59.1,37.7,61.679030000000004,0
15:57:19,59.1,37.7,61.744299999999996,0
15:57:20,59.1,37.7,61.73993,0
15:57:22,59.1,37.7,61.787349999999996,0
15:57:23,59.1,37.7,61.82407,0
15:57:24,59.1,37.7,61.78389,0
15:57:25,59.1,37.7,61.82402999999999,0
15:57:26,59.1,37.7,61.787009999999995,0
15:57:27,59.1,37.7,61.81389000000001,0
15:57:28,59.1,37.7,61.82154,0
15:57:29,59.2,37.7,61.84504,0
15:57:30,59.2,37.7,61.86421,0
15:57:31,59.2,37.7,61.90601,0
15:57:32,59.2,37.7,61.92094,0
15:57:33,59.2,37.7,61.91944,0
15:57:34,59.2,37.7,61.925580000000004,0
15:57:35,59.2,37.7,61.930890000000005,0
15:57:36,59.2,37.7,61.92293,0
15:57:37,59.2,37.7,61.94587,0
15:57:38,59.2,37.7,61.94663,0
15:57:39,59.3,37.7,61.96755,0
15:57:40,59.3,37.7,61.99829,0
15:57:41,59.3,37.7,61.971050000000005,0
15:57:42,59.3,37.7,61.97659,0
15:57:43,59.3,37.7,61.97395,0
15:57:44,59.3,37.7,61.96414,0
15:57:45,59.3,37.7,61.904199999999996,0
15:57:46,59.3,37.7,61.962779999999995,0
15:57:47,59.3,37.7,61.962779999999995,0
15:57:48,59.3,37.7,61.94473000000001,0
15:57:49,59.3,37.7,61.96914999999999,0
15:57:50,59.3,37.7,61.938950000000006,0
15:57:51,59.3,37.7,61.97964,0
15:57:52,59.3,37.7,62.025960000000005,0
15:57:53,59.3,37.7,62.07555,0
15:57:54,59.4,37.7,62.132600000000004,0
15:57:55,59.4,37.7,62.19433,0
15:57:56,59.4,37.7,62.18131999999999,0
15:57:57,59.4,37.7,62.26815,0
15:57:58,59.4,37.7,62.33556,0
15:57:59,59.5,37.7,62.42295,0
15:58:00,59.6,37.7,62.4602,0
15:58:01,59.6,37.7,62.52151,0
15:58:02,59.6,37.7,62.555369999999996,0
15:58:03,59.7,37.7,62.62467,0
15:58:04,59.7,37.7,62.65179,0
15:58:05,59.8,37.7,62.72195000000001,0
15:58:06,59.8,37.7,62.783339999999995,0
15:58:07,59.9,37.7,62.83005000000001,0
15:58:08,59.9,37.7,62.90777,0
15:58:09,60,37.7,62.99578,0
15:58:10,60,37.7,63.04838,0
15:58:11,60.1,37.7,63.12489,0
15:58:12,60.2,37.7,63.11662,0
15:58:13,60.2,37.7,63.14187999999999,0
15:58:14,60.2,37.7,63.160799999999995,0
15:58:15,60.3,37.7,63.15992,0
15:58:16,60.3,37.7,63.18974000000001,0
15:58:17,60.3,37.7,63.201339999999995,0
15:58:18,60.4,37.7,63.161179999999995,0
15:58:19,60.4,37.7,63.20547,0
15:58:20,60.4,37.7,63.18818,0
15:58:21,60.4,37.7,63.20826,0
15:58:22,60.4,37.7,63.151500000000006,0
15:58:23,60.4,37.7,63.12362,0
15:58:24,60.4,37.7,63.120129999999996,0
15:58:25,60.5,37.7,63.079339999999995,0
15:58:26,60.5,37.7,63.062189999999994,0
15:58:27,60.5,37.7,63.06868,0
15:58:28,60.5,37.7,63.068349999999995,0
15:58:29,60.5,37.7,63.04769999999999,0
15:58:30,60.5,37.7,63.071239999999996,0
15:58:31,60.5,37.7,63.046029999999995,0
15:58:32,60.5,37.7,63.046029999999995,0
15:58:33,60.5,37.7,63.0556,0
15:58:34,60.5,37.7,63.0173,0
15:58:35,60.5,37.7,63.054010000000005,0
15:58:36,60.5,37.7,63.05925,0
15:58:37,60.5,37.7,63.047430000000006,0
15:58:38,60.5,37.7,63.02382,0
15:58:39,60.5,37.7,63.04974,0
15:58:40,60.4,37.7,63.05066,0
15:58:41,60.4,37.7,63.015069999999994,0
15:58:42,60.4,37.8,63.019420000000004,0
15:58:43,60.4,37.8,63.03609,0
15:58:44,60.4,37.8,62.97461,0
15:58:45,60.4,37.8,62.962669999999996,0
15:58:46,60.4,37.8,62.952189999999995,0
15:58:47,60.4,37.8,62.94074,0
15:58:48,60.4,37.8,62.95077,0
15:58:49,60.4,37.8,62.94987,0
15:58:50,60.4,37.8,62.938289999999995,0
15:58:51,60.4,37.8,62.975950000000005,0
15:58:52,60.4,37.8,62.94223,0
15:58:53,60.4,37.8,62.92706999999999,0
15:58:54,60.4,37.8,62.97087,0
15:58:55,60.4,37.8,62.938419999999994,0
15:58:56,60.4,37.8,62.91069,0
15:58:57,60.4,37.8,62.888549999999995,0
15:58:58,60.4,37.8,62.85370999999999,0
15:58:59,60.4,37.8,62.85705,0
15:59:00,60.4,37.8,62.85809,0
15:59:01,60.3,37.8,62.850139999999996,0
15:59:02,60.3,37.8,62.85783000000001,0
15:59:03,60.3,37.8,62.83355,0
15:59:04,60.3,37.8,62.77229,0
15:59:05,60.3,37.8,62.81841,0
15:59:06,60.3,37.8,62.84862,0
15:59:07,60.3,37.8,62.836510000000004,0
15:59:08,60.3,37.8,62.76839,0
15:59:09,60.3,37.8,62.776810000000005,0
15:59:10,60.3,37.8,62.76939,0
15:59:11,60.3,37.8,62.71937,0
15:59:12,60.3,37.8,62.71658,0
15:59:13,60.2,37.8,62.687490000000004,0
15:59:14,60.2,37.8,62.671200000000006,0
15:59:15,60.2,37.8,62.653510000000004,0
15:59:16,60.2,37.8,62.65562,0
15:59:17,60.2,37.8,62.65562,0
15:59:18,60.2,37.8,62.66315,0
15:59:19,60.2,37.8,62.67302,0
15:59:20,60.2,37.8,62.6841,0
15:59:21,60.1,37.8,62.67547999999999,0
15:59:22,60.1,37.8,62.6495,0
15:59:23,60.1,37.8,62.664750000000005,0
15:59:24,60.1,37.8,62.62514,0
15:59:25,60.1,37.8,62.621669999999995,0
15:59:26,60.1,37.8,62.61546,0
15:59:27,60.1,37.8,62.62984,0
15:59:28,60.1,37.8,62.60411,0
15:59:29,60.1,37.8,62.62548999999999,0
15:59:30,60.1,37.8,62.619279999999996,0
15:59:31,60.1,37.8,62.57937999999999,0
15:59:32,60.1,37.8,62.56923,0
15:59:33,60,37.8,62.5802,0
15:59:34,60,37.8,62.54433,0
15:59:35,60,37.8,62.54335,0
15:59:36,60,37.8,62.58304999999999,0
15:59:37,60,37.8,62.539460000000005,0
15:59:38,60,37.8,62.53828,0
15:59:39,60,37.8,62.511430000000004,0
15:59:40,60,37.8,62.53454000000001,0
15:59:41,60,37.8,62.54252,0
15:59:42,60,37.8,62.53413,0
15:59:43,60,37.8,62.49909,0
15:59:44,60,37.8,62.506660000000004,0
15:59:45,60,37.8,62.44332,0
15:59:46,60,37.8,62.45303,0
15:59:47,60,37.8,62.44499,0
15:59:48,60,37.8,62.42772,0
15:59:49,60,37.8,62.366279999999996,0
15:59:50,59.9,37.8,62.3958,0
15:59:51,59.9,37.8,62.45265,0
15:59:52,59.9,37.8,62.45643,0
15:59:53,59.9,37.8,62.46564,0
15:59:54,59.9,37.8,62.48563,0
15:59:55,59.9,37.8,62.45527,0
15:59:56,59.9,37.8,62.428360000000005,0
15:59:57,59.9,37.8,62.42826,0
15:59:58,59.9,37.8,62.36906,0
15:59:59,59.9,37.8,62.31643999999999,0
16:00:00,59.9,37.8,62.246590000000005,0
16:00:01,59.9,37.8,62.22305,0
16:00:02,59.9,37.8,62.18752,0
16:00:03,59.9,37.8,62.18752,0
16:00:04,59.8,37.8,62.15311,0
16:00:05,59.8,37.8,62.113910000000004,0
16:00:06,59.7,37.8,62.043820000000004,0
16:00:07,59.7,37.8,62.01659000000001,0
16:00:08,59.7,37.8,61.99392,0
16:00:09,59.6,37.8,61.96223,0
16:00:10,59.6,37.8,61.93159,0
16:00:11,59.6,37.8,61.92196,0
16:00:12,59.5,37.8,61.86196,0
16:00:13,59.5,37.8,61.88348,0
16:00:14,59.5,37.8,61.84674999999999,0
16:00:15,59.4,37.8,61.822109999999995,0
16:00:16,59.4,37.8,61.77409,0
16:00:17,59.4,37.8,61.73328,0
16:00:18,59.4,37.8,61.707440000000005,0
16:00:19,59.3,37.8,61.679919999999996,0
16:00:20,59.3,37.8,61.64571,0
16:00:21,59.3,37.8,61.62262,0
16:00:22,59.2,37.8,61.627050000000004,0
16:00:23,59.2,37.8,61.59532,0
16:00:24,59.2,37.8,61.531650000000006,0
16:00:25,59.2,37.8,61.601589999999995,0
16:00:26,59.1,37.8,61.58228999999999,0
16:00:27,59.1,37.8,61.532149999999994,0
16:00:28,59.1,37.8,61.538470000000004,0
16:00:29,59.1,37.8,61.52123,0
16:00:30,59.1,37.8,61.51921,0
16:00:31,59.1,37.8,61.52424,0
16:00:32,59.1,37.8,61.577459999999995,0
16:00:33,59.1,37.8,61.62176,0
16:00:34,59.1,37.8,61.64551,0
16:00:35,59.1,37.8,61.67554,0
16:00:36,59,37.8,61.73919,0
16:00:37,59.1,37.8,61.79987,0
16:00:38,59.1,37.8,61.83942999999999,0
16:00:39,59.1,37.8,61.849,0
16:00:40,59.1,37.8,61.894510000000004,0
16:00:41,59.1,37.8,61.94947,0
16:00:42,59.1,37.8,61.99835,0
16:00:43,59.1,37.8,62.032650000000004,0
16:00:44,59.2,37.8,62.08705,0
16:00:45,59.2,37.8,62.15093,0
16:00:46,59.3,37.8,62.178960000000004,0
16:00:47,59.3,37.8,62.24662,0
16:00:48,59.4,37.8,62.24662,0
16:00:49,59.4,37.8,62.33628,0
16:00:50,59.4,37.8,62.369479999999996,0
16:00:51,59.5,37.8,62.39319,0
16:00:52,59.5,37.8,62.421530000000004,0
16:00:53,59.5,37.8,62.44499999999999,0
16:00:54,59.6,37.8,62.47935999999999,0
16:00:55,59.6,37.8,62.47055,0
16:00:56,59.6,37.8,62.477340000000005,0
16:00:57,59.6,37.8,62.47585,0
16:00:58,59.6,37.8,62.50462,0
16:00:59,59.7,37.8,62.50983,0
16:01:00,59.7,37.8,62.54146,0
16:01:01,59.7,37.8,62.51164,0
16:01:02,59.7,37.8,62.545289999999994,0
16:01:03,59.7,37.8,62.60011,0
16:01:04,59.8,37.8,62.630010000000006,0
16:01:05,59.8,37.8,62.631150000000005,0
16:01:06,59.8,37.8,62.61139,0
16:01:07,59.8,37.8,62.60432,0
16:01:08,59.8,37.8,62.53821000000001,0
16:01:09,59.8,37.8,62.51731,0
16:01:10,59.8,37.8,62.511919999999996,0
16:01:11,59.8,37.8,62.480349999999994,0
16:01:12,59.8,37.8,62.45021,0
16:01:13,59.9,37.8,62.368460000000006,0
16:01:14,59.8,37.8,62.334140000000005,0
16:01:15,59.8,37.8,62.3382,0
16:01:16,59.8,37.8,62.34048,0
16:01:17,59.8,37.8,62.3036,0
16:01:18,59.8,37.8,62.31197,0
16:01:19,59.8,37.8,62.24513,0
16:01:20,59.8,37.8,62.226060000000004,0
16:01:21,59.8,37.8,62.23236,0
16:01:22,59.7,37.8,62.17644,0
16:01:23,59.7,37.8,62.13702,0
16:01:24,59.7,37.8,62.07125,0
16:01:25,59.7,37.8,62.08642,0
16:01:26,59.7,37.8,62.0904,0
16:01:27,59.6,37.8,62.05133000000001,0
16:01:28,59.6,37.8,62.08487,0
16:01:29,59.6,37.8,62.10688,0
16:01:30,59.6,37.8,62.14347,0
16:01:31,59.6,37.8,62.197250000000004,0
16:01:32,59.6,37.8,62.25626,0
16:01:33,59.6,37.8,62.25626,0
16:01:34,59.6,37.8,62.30314,0
16:01:35,59.6,37.8,62.339909999999996,0
16:01:36,59.6,37.8,62.366569999999996,0
16:01:37,59.6,37.8,62.42158,0
16:01:38,59.6,37.8,62.44908,0
16:01:39,59.6,37.8,62.470130000000005,0
16:01:40,59.6,37.8,62.50491,0
16:01:41,59.7,37.8,62.47566,0
16:01:42,59.7,37.8,62.53577,0
16:01:43,59.7,37.8,62.56336,0
16:01:44,59.7,37.8,62.59562,0
16:01:45,59.8,37.8,62.57226,0
16:01:46,59.8,37.8,62.62436,0
16:01:47,59.8,37.8,62.65307,0
16:01:48,59.8,37.8,62.66225,0
16:01:49,59.9,37.8,62.671960000000006,0
16:01:50,59.9,37.8,62.690650000000005,0
16:01:51,59.9,37.8,62.658950000000004,0
16:01:52,59.9,37.8,62.66045999999999,0
16:01:53,59.9,37.8,62.62822,0
16:01:54,59.9,37.8,62.74853,0
16:01:55,60,37.8,62.73721,0
16:01:56,60,37.8,62.731809999999996,0
16:01:57,60,37.8,62.73436,0
16:01:58,60,37.8,62.707800000000006,0
16:01:59,60,37.8,62.692040000000006,0
16:02:00,60,37.8,62.68334,0
16:02:01,60,37.8,62.67442,0
16:02:02,60,37.8,62.70137999999999,0
16:02:03,60,37.8,62.70588,0
16:02:04,60,37.8,62.66328,0
16:02:05,60,37.8,62.74638,0
16:02:06,60,37.8,62.70692,0
16:02:07,60,37.8,62.73809,0
16:02:08,60,37.8,62.73969,0
16:02:09,60,37.8,62.74148,0
16:02:10,60,37.8,62.75475,0
16:02:11,60,37.8,62.7815,0
16:02:12,60.1,37.8,62.73904,0
16:02:13,60.1,37.8,62.712900000000005,0
16:02:14,60.1,37.8,62.687110000000004,0
16:02:15,60.1,37.8,62.66598,0
16:02:16,60.1,37.8,62.56924,0
16:02:17,60.1,37.8,62.572689999999994,0
16:02:18,60.1,37.8,62.506660000000004,0
16:02:19,60.1,37.8,62.506660000000004,0
16:02:20,60,37.8,62.4572,0
16:02:21,60,37.8,62.421530000000004,0
16:02:22,60,37.8,62.393699999999995,0
16:02:23,59.9,37.8,62.33592,0
16:02:24,59.9,37.8,62.29643,0
16:02:25,59.9,37.8,62.24513,0
16:02:26,59.9,37.8,62.22605,0
16:02:27,59.8,37.8,62.209289999999996,0
16:02:28,59.8,37.8,62.217940000000006,0
16:02:29,59.8,37.8,62.15824,0
16:02:30,59.8,37.8,62.143899999999995,0
16:02:31,59.7,37.8,62.091499999999996,0
16:02:32,59.7,37.8,62.04331,0
16:02:33,59.6,37.8,62.08666,0
16:02:34,59.6,37.8,62.079510000000006,0
16:02:35,59.6,37.8,62.115849999999995,0
16:02:36,59.6,37.8,62.141270000000006,0
16:02:37,59.6,37.8,62.20321,0
16:02:38,59.6,37.8,62.229279999999996,0
16:02:39,59.6,37.8,62.218320000000006,0
16:02:40,59.6,37.8,62.28593,0
16:02:41,59.6,37.8,62.27525000000001,0
16:02:42,59.6,37.8,62.28225,0
16:02:43,59.6,37.8,62.25612,0
16:02:44,59.6,37.8,62.223150000000004,0
16:02:45,59.6,37.8,62.212900000000005,0
16:02:46,59.6,37.8,62.244949999999996,0
16:02:47,59.6,37.8,62.248079999999995,0
16:02:48,59.6,37.8,62.27684,0
16:02:49,59.6,37.8,62.23174,0
16:02:50,59.6,37.8,62.281330000000004,0
16:02:51,59.6,37.8,62.26635,0
16:02:52,59.6,37.8,62.292289999999994,0
16:02:53,59.6,37.8,62.25796999999999,0
16:02:54,59.6,37.8,62.25695,0
16:02:55,59.6,37.8,62.25905,0
16:02:56,59.6,37.8,62.28688,0
16:02:57,59.6,37.8,62.255930000000006,0
16:02:58,59.6,37.8,62.26366,0
16:02:59,59.6,37.8,62.2555,0
16:03:00,59.6,37.8,62.204190000000004,0
16:03:01,59.6,37.8,62.227900000000005,0
16:03:02,59.6,37.8,62.16004,0
16:03:03,59.6,37.8,62.11213,0
16:03:04,59.6,37.8,62.11213,0
16:03:05,59.6,37.8,62.03951,0
16:03:06,59.6,37.8,61.99606,0
16:03:07,59.5,37.8,61.97236,0
16:03:08,59.5,37.8,61.929959999999994,0
16:03:09,59.5,37.8,61.87423,0
16:03:10,59.5,37.8,61.85081,0
16:03:11,59.4,37.8,61.83683,0
16:03:12,59.4,37.8,61.7508,0
16:03:13,59.4,37.8,61.77319,0
16:03:14,59.3,37.8,61.72723,0
16:03:15,59.3,37.8,61.71351000000001,0
16:03:16,59.3,37.8,61.68975,0
16:03:17,59.2,37.8,61.64079,0
16:03:18,59.2,37.8,61.619139999999994,0
16:03:19,59.2,37.8,61.561569999999996,0
16:03:20,59.2,37.8,61.56049,0
16:03:21,59.1,37.8,61.507009999999994,0
16:03:22,59.1,37.8,61.504780000000004,0
16:03:23,59.1,37.8,61.516999999999996,0
16:03:24,59.1,37.8,61.48884,0
16:03:25,59.1,37.8,61.587990000000005,0
16:03:26,59,37.8,61.597539999999995,0
16:03:27,59,37.8,61.653349999999996,0
16:03:28,59,37.8,61.66127,0
16:03:29,59,37.8,61.69635999999999,0
16:03:30,59,37.8,61.6684,0
16:03:31,59,37.8,61.70912,0
16:03:32,59,37.8,61.71172,0
16:03:33,59,37.8,61.72952000000001,0
16:03:34,59,37.8,61.769189999999995,0
16:03:35,59,37.8,61.74416,0
16:03:36,59,37.8,61.818200000000004,0
16:03:37,59,37.8,61.853939999999994,0
16:03:38,59.1,37.8,61.92223,0
16:03:39,59.1,37.8,61.909890000000004,0
16:03:40,59.1,37.8,61.96334999999999,0
16:03:41,59.1,37.8,61.974050000000005,0
16:03:42,59.1,37.8,61.989329999999995,0
16:03:43,59.2,37.8,62.02682000000001,0
16:03:44,59.2,37.8,62.02499,0
16:03:45,59.2,37.8,62.03484,0
16:03:46,59.2,37.8,62.02684000000001,0
16:03:47,59.3,37.8,61.99459,0
16:03:48,59.3,37.8,61.99441,0
16:03:49,59.3,37.8,61.99441,0
16:03:50,59.3,37.8,61.93746,0
16:03:51,59.3,37.8,61.87034,0
16:03:52,59.3,37.8,61.815810000000006,0
16:03:53,59.3,37.8,61.761880000000005,0
16:03:54,59.3,37.8,61.76657,0
16:03:55,59.3,37.8,61.69791,0
16:03:56,59.3,37.8,61.70177999999999,0
16:03:57,59.2,37.8,61.652359999999994,0
16:03:58,59.2,37.8,61.629650000000005,0
16:03:59,59.2,37.8,61.56296999999999,0
16:04:00,59.2,37.8,61.58629,0
16:04:01,59.2,37.8,61.64036000000001,0
16:04:02,59.1,37.8,61.6418,0
16:04:03,59.1,37.8,61.64652,0
16:04:04,59.1,37.8,61.688900000000004,0
16:04:05,59.1,37.8,61.73945,0
16:04:06,59.1,37.8,61.770210000000006,0
16:04:07,59.1,37.8,61.82826,0
16:04:08,59.1,37.8,61.85897,0
16:04:09,59.1,37.8,61.93649,0
16:04:10,59.1,37.8,61.96616,0
16:04:11,59.1,37.8,61.9669,0
16:04:12,59.1,37.8,62.08296,0
16:04:13,59.2,37.8,62.108410000000006,0
16:04:14,59.2,37.8,62.145700000000005,0
16:04:15,59.2,37.8,62.13925999999999,0
16:04:16,59.2,37.8,62.11124,0
16:04:17,59.3,37.8,62.160709999999995,0
16:04:18,59.3,37.8,62.18929,0
16:04:19,59.3,37.8,62.19301,0
16:04:20,59.3,37.8,62.245850000000004,0
16:04:21,59.4,37.8,62.20831999999999,0
16:04:22,59.4,37.8,62.311280000000004,0
16:04:23,59.4,37.8,62.31345,0
16:04:24,59.4,37.8,62.37695,0
16:04:25,59.4,37.8,62.368089999999995,0
16:04:26,59.5,37.8,62.34211,0
16:04:27,59.5,37.8,62.348749999999995,0
16:04:28,59.5,37.8,62.31648,0
16:04:29,59.5,37.8,62.310849999999995,0
16:04:30,59.5,37.8,62.31549,0
16:04:31,59.5,37.8,62.28863,0
16:04:32,59.6,37.8,62.246469999999995,0
16:04:33,59.6,37.8,62.285900000000005,0
16:04:34,59.6,37.8,62.2432,0
16:04:35,59.6,37.8,62.2432,0
16:04:36,59.6,37.8,62.25602,0
16:04:37,59.6,37.8,62.28521,0
16:04:38,59.6,37.8,62.27711,0
16:04:39,59.6,37.8,62.282349999999994,0
16:04:40,59.6,37.8,62.267430000000004,0
16:04:41,59.6,37.8,62.273959999999995,0
16:04:42,59.6,37.8,62.277899999999995,0
16:04:43,59.6,37.8,62.253389999999996,0
16:04:44,59.6,37.8,62.25178999999999,0
16:04:45,59.6,37.8,62.21236999999999,0
16:04:46,59.6,37.8,62.22954000000001,0
16:04:47,59.6,37.8,62.20215999999999,0
16:04:48,59.6,37.8,62.20334,0
16:04:49,59.6,37.8,62.19679,0
16:04:50,59.6,37.8,62.18729,0
16:04:51,59.6,37.8,62.166869999999996,0
16:04:52,59.5,37.8,62.14563,0
16:04:53,59.5,37.8,62.14773,0
16:04:54,59.5,37.8,62.14149,0
16:04:55,59.5,37.8,62.14332,0
16:04:56,59.5,37.8,62.15594,0
16:04:57,59.5,37.8,62.19267000000001,0
16:04:58,59.5,37.8,62.19527,0
16:04:59,59.5,37.8,62.22092,0
16:05:00,59.5,37.8,62.216649999999994,0
16:05:01,59.5,37.8,62.208070000000006,0
16:05:02,59.5,37.8,62.23003,0
16:05:03,59.5,37.8,62.25181,0
16:05:04,59.5,37.8,62.28629,0
16:05:05,59.5,37.8,62.235600000000005,0
16:05:06,59.5,37.8,62.28384,0
16:05:07,59.5,37.8,62.24743,0
16:05:08,59.5,37.8,62.20117,0
16:05:09,59.5,37.8,62.19943,0
16:05:10,59.5,37.8,62.17106,0
16:05:11,59.5,37.8,62.13651,0
16:05:12,59.5,37.8,62.13438,0
16:05:13,59.5,37.8,62.177400000000006,0
16:05:14,59.5,37.8,62.15022,0
16:05:15,59.5,37.8,62.142269999999996,0
16:05:16,59.5,37.8,62.08743,0
16:05:17,59.5,37.8,62.10056,0
16:05:18,59.5,37.8,62.05383,0
16:05:19,59.5,37.8,62.04455,0
16:05:20,59.5,37.8,62.04455,0
16:05:21,59.5,37.8,62.015339999999995,0
16:05:22,59.5,37.8,62.00194,0
16:05:23,59.5,37.8,62.02796000000001,0
16:05:24,59.4,37.8,61.999210000000005,0
16:05:25,59.4,37.8,61.980109999999996,0
16:05:26,59.4,37.8,61.98233,0
16:05:27,59.4,37.8,61.98629,0
16:05:28,59.4,37.8,61.980990000000006,0
16:05:29,59.4,37.8,61.9881,0
16:05:30,59.4,37.8,62.02688,0
16:05:31,59.4,37.8,61.98624,0
16:05:32,59.4,37.8,61.973009999999995,0
16:05:33,59.4,37.8,61.979620000000004,0
16:05:34,59.4,37.8,62.03473,0
16:05:35,59.4,37.8,62.005109999999995,0
16:05:36,59.4,37.8,61.965689999999995,0
16:05:37,59.4,37.8,61.90946,0
16:05:38,59.4,37.8,61.85952999999999,0
16:05:39,59.3,37.8,61.803050000000006,0
16:05:40,59.3,37.8,61.755230000000005,0
16:05:41,59.3,37.8,61.67749,0
16:05:42,59.3,37.8,61.65548,0
16:05:43,59.3,37.8,61.536829999999995,0
16:05:44,59.2,37.8,61.514469999999996,0
16:05:45,59.2,37.8,61.47501,0
16:05:46,59.1,37.8,61.438269999999996,0
16:05:47,59.1,37.8,61.418459999999996,0
16:05:48,59,37.8,61.35616,0
16:05:49,59,37.8,61.353840000000005,0
16:05:50,59,37.8,61.29791,0
16:05:51,58.9,37.8,61.30121,0
16:05:52,58.9,37.8,61.249739999999996,0
16:05:53,58.9,37.8,61.21931000000001,0
16:05:54,58.8,37.8,61.15864,0
16:05:55,58.8,37.8,61.15439000000001,0
16:05:56,58.8,37.8,61.139410000000005,0
16:05:57,58.8,37.8,61.113910000000004,0
16:05:58,58.7,37.8,61.078829999999996,0
16:05:59,58.7,37.8,61.05037,0
16:06:00,58.7,37.8,61.00967000000001,0
16:06:01,58.7,37.8,60.967020000000005,0
16:06:02,58.6,37.8,61.08372,0
16:06:03,58.6,37.8,61.04636,0
16:06:04,58.6,37.8,61.07779,0
16:06:05,58.6,37.8,61.06621,0
16:06:06,58.6,37.8,61.06621,0
16:06:07,58.5,37.8,61.068780000000004,0
16:06:08,58.5,37.8,61.06857,0
16:06:09,58.5,37.8,61.072959999999995,0
16:06:10,58.5,37.8,61.014199999999995,0
16:06:11,58.5,37.8,61.012049999999995,0
16:06:12,58.5,37.8,60.96947,0
16:06:13,58.5,37.8,60.959700000000005,0
16:06:14,58.5,37.8,60.95083999999999,0
16:06:15,58.5,37.8,60.973,0
16:06:16,58.4,37.8,60.93035,0
16:06:17,58.4,37.8,60.97186,0
16:06:18,58.4,37.8,60.993109999999994,0
16:06:19,58.4,37.8,60.99901,0
16:06:20,58.4,37.8,60.932109999999994,0
16:06:21,58.4,37.8,60.93501,0
16:06:22,58.4,37.8,60.941179999999996,0
16:06:23,58.4,37.8,60.94326,0
16:06:24,58.4,37.8,60.91171,0
16:06:25,58.4,37.8,60.958400000000005,0
16:06:26,58.4,37.8,60.96423,0
16:06:27,58.4,37.8,60.91273,0
16:06:28,58.4,37.8,60.90029,0
16:06:29,58.4,37.8,60.90003000000001,0
16:06:30,58.4,37.8,60.89756,0
16:06:31,58.3,37.8,60.90101,0
16:06:32,58.3,37.8,60.91211,0
16:06:33,58.3,37.8,60.888600000000004,0
16:06:34,58.3,37.8,60.92662,0
16:06:35,58.3,37.8,60.88879,0
16:06:36,58.3,37.8,60.9582,0
16:06:37,58.3,37.8,60.97992,0
16:06:38,58.3,37.8,61.01997,0
16:06:39,58.3,37.8,61.02729,0
16:06:40,58.3,37.8,61.0797,0
16:06:41,58.3,37.8,61.16318,0
16:06:42,58.3,37.8,61.253930000000004,0
16:06:43,58.4,37.8,61.32795,0
16:06:44,58.4,37.8,61.39395,0
16:06:45,58.5,37.8,61.42132,0
16:06:46,58.5,37.8,61.44075,0
16:06:47,58.6,37.8,61.514880000000005,0
16:06:48,58.6,37.8,61.52866,0
16:06:49,58.6,37.8,61.53017,0
16:06:50,58.7,37.8,61.590509999999995,0
16:06:51,58.7,37.8,61.59046,0
16:06:52,58.7,37.8,61.59046,0
16:06:53,58.8,37.8,61.584050000000005,0
16:06:54,58.8,37.8,61.599360000000004,0
16:06:55,58.8,37.8,61.61459,0
16:06:56,58.8,37.8,61.63176,0
16:06:57,58.8,37.8,61.67504,0
16:06:58,58.8,37.8,61.67586000000001,0
16:06:59,58.9,37.8,61.69033,0
16:07:00,58.9,37.8,61.708929999999995,0
16:07:01,58.9,37.8,61.735490000000006,0
16:07:02,58.9,37.8,61.75715,0
16:07:03,58.9,37.8,61.76785,0
16:07:04,59,37.8,61.79407,0
16:07:05,59,37.8,61.846489999999996,0
16:07:06,59,37.8,61.89168000000001,0
16:07:07,59,37.8,61.9116,0
16:07:08,59,37.8,61.912639999999996,0
16:07:09,59.1,37.8,61.971520000000005,0
16:07:10,59.1,37.8,61.94756,0
16:07:11,59.1,37.8,61.93284,0
16:07:12,59.2,37.8,61.992360000000005,0
16:07:13,59.2,37.8,61.990860000000005,0
16:07:14,59.2,37.8,61.996340000000004,0
16:07:15,59.2,37.8,61.96112,0
16:07:16,59.2,37.8,61.92949,0
16:07:17,59.2,37.8,61.88245,0
16:07:18,59.2,37.8,61.898070000000004,0
16:07:19,59.2,37.8,61.94206,0
16:07:20,59.2,37.8,61.87682,0
16:07:21,59.2,37.8,61.87236,0
16:07:22,59.2,37.8,61.83208,0
16:07:23,59.2,37.8,61.87072,0
16:07:24,59.2,37.8,61.88016,0
16:07:25,59.2,37.8,61.88778000000001,0
16:07:26,59.2,37.8,61.845879999999994,0
16:07:27,59.2,37.8,61.85180999999999,0
16:07:28,59.2,37.8,61.79383000000001,0
16:07:29,59.2,37.8,61.74499,0
16:07:30,59.2,37.8,61.67909,0
16:07:31,59.2,37.8,61.61958,0
16:07:32,59.2,37.8,61.59509,0
16:07:33,59.2,37.8,61.50434,0
16:07:34,59.2,37.8,61.51592,0
16:07:35,59.1,37.8,61.44594,0
16:07:36,59.1,37.8,61.357910000000004,0
16:07:37,59,37.8,61.357910000000004,0
16:07:38,59,37.8,61.30085,0
16:07:39,59,37.8,61.21854,0
16:07:40,58.9,37.8,61.18685000000001,0
16:07:41,58.9,37.8,61.126749999999994,0
16:07:42,58.8,37.8,61.068659999999994,0
16:07:43,58.7,37.8,60.99671,0
16:07:44,58.7,37.8,60.963730000000005,0
16:07:45,58.7,37.8,60.93852,0
16:07:46,58.6,37.8,60.880230000000005,0
16:07:47,58.6,37.8,60.877,0
16:07:48,58.5,37.8,60.839240000000004,0
16:07:49,58.5,37.8,60.80083,0
16:07:50,58.5,37.8,60.76572,0
16:07:51,58.4,37.8,60.703790000000005,0
16:07:52,58.4,37.8,60.713640000000005,0
16:07:53,58.3,37.8,60.611979999999996,0
16:07:54,58.3,37.8,60.62094999999999,0
16:07:55,58.3,37.8,60.61586,0
16:07:56,58.3,37.8,60.59788,0
16:07:57,58.2,37.8,60.58751,0
16:07:58,58.2,37.8,60.55587,0
16:07:59,58.2,37.8,60.60167,0
16:08:00,58.2,37.8,60.6117,0
16:08:01,58.2,37.8,60.6147,0
16:08:02,58.2,37.8,60.61223,0
16:08:03,58.2,37.8,60.609449999999995,0
16:08:04,58.2,37.8,60.6189,0
16:08:05,58.1,37.8,60.60114,0
16:08:06,58.1,37.8,60.612089999999995,0
16:08:07,58.1,37.8,60.61542,0
16:08:08,58.1,37.8,60.56155,0
16:08:09,58.1,37.8,60.51758,0
16:08:10,58.1,37.8,60.57878,0
16:08:11,58.1,37.8,60.55783,0
16:08:12,58.1,37.8,60.571830000000006,0
16:08:13,58.1,37.8,60.55708,0
16:08:14,58.1,37.8,60.536460000000005,0
16:08:15,58.1,37.8,60.55721,0
16:08:16,58.1,37.8,60.52882,0
16:08:17,58.1,37.8,60.541579999999996,0
16:08:18,58.1,37.8,60.535819999999994,0
16:08:19,58.1,37.8,60.4731,0
16:08:20,58.1,37.8,60.468630000000005,0
16:08:21,58,37.8,60.47539,0
16:08:22,58,37.8,60.47539,0
16:08:23,58,37.8,60.52008,0
16:08:24,58,37.8,60.58519,0
16:08:25,58,37.8,60.60021,0
16:08:26,58,37.8,60.631330000000005,0
16:08:27,58,37.8,60.688660000000006,0
16:08:28,58,37.8,60.72371,0
16:08:29,58,37.8,60.77186999999999,0
16:08:30,58.1,37.8,60.852070000000005,0
16:08:31,58.1,37.8,60.89459,0
16:08:32,58.1,37.8,60.97357,0
16:08:33,58.1,37.8,60.989760000000004,0
16:08:34,58.2,37.8,61.04371,0
16:08:35,58.2,37.8,61.104139999999994,0
16:08:36,58.3,37.8,61.1272,0
16:08:37,58.3,37.8,61.14905,0
16:08:38,58.3,37.8,61.16198000000001,0
16:08:39,58.4,37.8,61.16722,0
16:08:40,58.4,37.8,61.158789999999996,0
16:08:41,58.4,37.8,61.16673,0
16:08:42,58.5,37.8,61.14627,0
16:08:43,58.5,37.8,61.19173,0
16:08:44,58.5,37.8,61.18964,0
16:08:45,58.5,37.8,61.211040000000004,0
16:08:46,58.5,37.8,61.24568,0
16:08:47,58.5,37.8,61.22511000000001,0
16:08:48,58.5,37.8,61.32771,0
16:08:49,58.6,37.8,61.358140000000006,0
16:08:50,58.6,37.8,61.41761999999999,0
16:08:51,58.6,37.8,61.47322,0
16:08:52,58.6,37.8,61.47117,0
16:08:53,58.7,37.8,61.536199999999994,0
16:08:54,58.7,37.8,61.543530000000004,0
16:08:55,58.7,37.8,61.50657,0
16:08:56,58.8,37.8,61.58706000000001,0
16:08:57,58.8,37.8,61.63929,0
16:08:58,58.8,37.8,61.719069999999995,0
16:08:59,58.8,37.8,61.6748,0
16:09:00,58.9,37.8,61.741299999999995,0
16:09:01,58.9,37.8,61.748610000000006,0
16:09:02,58.9,37.8,61.75636,0
16:09:03,59,37.8,61.806470000000004,0
16:09:04,59,37.8,61.85917,0
16:09:05,59,37.8,61.85864,0
16:09:06,59,37.8,61.84712,0
16:09:07,59.1,37.8,61.77849,0
16:09:08,59.1,37.8,61.77849,0
16:09:09,59.1,37.8,61.79202,0
16:09:10,59.1,37.8,61.764019999999995,0
16:09:11,59.1,37.8,61.7551,0
16:09:12,59.1,37.8,61.7439,0
16:09:13,59.1,37.8,61.754129999999996,0
16:09:14,59.1,37.8,61.763749999999995,0
16:09:15,59.1,37.8,61.76764,0
16:09:16,59.1,37.8,61.75459,0
16:09:17,59.1,37.8,61.758970000000005,0
16:09:18,59.1,37.8,61.75876,0
16:09:19,59.1,37.8,61.73207000000001,0
16:09:20,59.1,37.8,61.69549,0
16:09:21,59.1,37.8,61.72924,0
16:09:22,59.1,37.8,61.739219999999996,0
16:09:23,59.1,37.8,61.71304,0
16:09:24,59.1,37.8,61.76006,0
16:09:25,59.1,37.8,61.77318,0
16:09:26,59.1,37.8,61.79551,0
16:09:27,59.1,37.8,61.82294,0
16:09:28,59.1,37.8,61.85064,0
16:09:29,59.1,37.8,61.85918,0
16:09:30,59.2,37.8,61.893969999999996,0
16:09:31,59.2,37.8,61.84827000000001,0
16:09:32,59.2,37.8,61.7923,0
16:09:33,59.2,37.8,61.85198,0
16:09:34,59.2,37.8,61.8217,0
16:09:35,59.2,37.8,61.81864,0
16:09:36,59.2,37.8,61.8557,0
16:09:37,59.2,37.8,61.82109,0
16:09:38,59.2,37.8,61.821870000000004,0
16:09:39,59.2,37.8,61.82116,0
16:09:40,59.2,37.8,61.819880000000005,0
16:09:41,59.2,37.8,61.84988,0
16:09:42,59.2,37.8,61.84632,0
16:09:43,59.2,37.8,61.79532,0
16:09:44,59.2,37.8,61.848879999999994,0
16:09:45,59.2,37.8,61.88323,0
16:09:46,59.2,37.8,61.8831,0
16:09:47,59.2,37.8,61.84899,0
16:09:48,59.2,37.8,61.81607999999999,0
16:09:49,59.2,37.8,61.84343,0
16:09:50,59.2,37.8,61.856750000000005,0
16:09:51,59.2,37.8,61.88189,0
16:09:52,59.2,37.8,61.90356,0
16:09:53,59.2,37.8,61.90356,0
16:09:54,59.2,37.8,61.913549999999994,0
16:09:55,59.2,37.8,61.903439999999996,0
16:09:56,59.3,37.8,61.91413,0
16:09:57,59.3,37.8,61.89797,0
16:09:58,59.3,37.8,61.8707,0
16:09:59,59.3,37.8,61.81529999999999,0
16:10:00,59.3,37.8,61.73489,0
16:10:01,59.3,37.8,61.703300000000006,0
16:10:02,59.2,37.8,61.633190000000006,0
16:10:03,59.2,37.8,61.55378,0
16:10:04,59.2,37.8,61.50366,0
16:10:05,59.2,37.8,61.43941,0
16:10:06,59.2,37.8,61.36972000000001,0
16:10:07,59.1,37.8,61.311260000000004,0
16:10:08,59.1,37.8,61.35861,0
16:10:09,59,37.8,61.24512,0
16:10:10,59,37.8,61.19945,0
16:10:11,58.9,37.8,61.109939999999995,0
16:10:12,58.9,37.8,61.041619999999995,0
16:10:13,58.8,37.8,60.98684,0
16:10:14,58.8,37.8,60.941120000000005,0
16:10:15,58.7,37.8,60.88319,0
16:10:16,58.6,37.8,60.81704,0
16:10:17,58.6,37.8,60.76836,0
16:10:18,58.5,37.8,60.69485,0
16:10:19,58.5,37.8,60.62063,0
16:10:20,58.4,37.8,60.64591,0
16:10:21,58.4,37.8,60.61544,0
16:10:22,58.3,37.8,60.55713,0
16:10:23,58.3,37.8,60.542660000000005,0
16:10:24,58.3,37.8,60.54575,0
16:10:25,58.3,37.8,60.5757,0
16:10:26,58.2,37.8,60.60447,0
16:10:27,58.2,37.8,60.67882,0
16:10:28,58.2,37.8,60.69095,0
16:10:29,58.2,37.8,60.72343,0
16:10:30,58.2,37.8,60.681560000000005,0
16:10:31,58.2,37.8,60.71857000000001,0
16:10:32,58.2,37.8,60.78574,0
16:10:33,58.2,37.8,60.848690000000005,0
16:10:34,58.2,37.8,60.88421,0
16:10:35,58.2,37.8,60.891980000000004,0
16:10:36,58.2,37.8,60.989439999999995,0
16:10:37,58.2,37.8,61.05085999999999,0
16:10:38,58.2,37.8,61.111329999999995,0
16:10:39,58.3,37.8,61.111329999999995,0
16:10:40,58.3,37.8,61.140280000000004,0
16:10:41,58.3,37.8,61.16524,0
16:10:42,58.4,37.8,61.22505,0
16:10:43,58.4,37.8,61.24062,0
16:10:44,58.4,37.8,61.27281,0
16:10:45,58.5,37.8,61.32473,0
16:10:46,58.5,37.8,61.32776,0
16:10:47,58.5,37.8,61.355689999999996,0
16:10:48,58.5,37.8,61.29827,0
16:10:49,58.6,37.8,61.297140000000006,0
16:10:50,58.6,37.8,61.242430000000006,0
16:10:51,58.6,37.8,61.20156,0
16:10:52,58.6,37.8,61.18749999999999,0
16:10:53,58.6,37.8,61.1392,0
16:10:54,58.6,37.8,61.15851,0
16:10:55,58.6,37.8,61.13094,0
16:10:56,58.6,37.8,61.104060000000004,0
16:10:57,58.6,37.8,61.06323999999999,0
16:10:58,58.6,37.8,61.10307,0
16:10:59,58.6,37.8,61.08316000000001,0
16:11:00,58.6,37.8,61.10745,0
16:11:01,58.6,37.8,61.10922,0
16:11:02,58.6,37.8,61.06822,0
16:11:03,58.6,37.8,61.1004,0
16:11:04,58.6,37.8,61.043760000000006,0
16:11:05,58.6,37.8,61.10185,0
16:11:06,58.6,37.8,61.06522,0
16:11:07,58.6,37.8,61.030260000000006,0
16:11:08,58.6,37.8,61.00117,0
16:11:09,58.5,37.8,60.982800000000005,0
16:11:10,58.5,37.8,60.94155,0
16:11:11,58.5,37.8,60.947430000000004,0
16:11:12,58.5,37.8,60.94936,0
16:11:13,58.5,37.8,60.885160000000006,0
16:11:14,58.5,37.8,60.913439999999994,0
16:11:15,58.5,37.8,60.85819,0
16:11:16,58.5,37.8,60.88901,0
16:11:17,58.5,37.8,60.87307,0
16:11:18,58.4,37.8,60.863730000000004,0
16:11:19,58.4,37.8,60.81283,0
16:11:20,58.4,37.8,60.81425,0
16:11:21,58.4,37.8,60.813300000000005,0
16:11:22,58.4,37.8,60.76454,0
16:11:23,58.4,37.8,60.752019999999995,0
16:11:24,58.3,37.8,60.705560000000006,0
16:11:25,58.3,37.8,60.705560000000006,0
16:11:26,58.3,37.8,60.70233,0
16:11:27,58.3,37.8,60.710339999999995,0
16:11:28,58.3,37.8,60.68272999999999,0
16:11:29,58.3,37.8,60.684839999999994,0
16:11:30,58.3,37.8,60.66852,0
16:11:31,58.3,37.8,60.66682,0
16:11:32,58.3,37.8,60.67366,0
16:11:33,58.2,37.8,60.66638,0
16:11:34,58.2,37.8,60.68668,0
16:11:35,58.2,37.8,60.70799,0
16:11:36,58.2,37.8,60.6945,0
16:11:37,58.2,37.8,60.724979999999995,0
16:11:38,58.2,37.8,60.721979999999995,0
16:11:39,58.2,37.8,60.68179,0
16:11:40,58.2,37.8,60.71901,0
16:11:41,58.2,37.8,60.72469,0
16:11:42,58.2,37.8,60.67211999999999,0
16:11:43,58.2,37.8,60.65204,0
16:11:44,58.2,37.8,60.57650999999999,0
16:11:45,58.2,37.8,60.60432,0
16:11:46,58.1,37.8,60.582060000000006,0
16:11:47,58.1,37.8,60.588280000000005,0
16:11:48,58.1,37.8,60.599610000000006,0
16:11:49,58.1,37.8,60.53366,0
16:11:50,58.1,37.8,60.52238,0
16:11:51,58.1,37.8,60.54905,0
16:11:52,58.1,37.8,60.54092,0
16:11:53,58.1,37.8,60.563520000000004,0
16:11:54,58.1,37.8,60.55056,0
16:11:55,58.1,37.8,60.514520000000005,0
16:11:56,58.1,37.8,60.562839999999994,0
16:11:57,58.1,37.8,60.577380000000005,0
16:11:58,58.1,37.8,60.612429999999996,0
16:11:59,58.1,37.8,60.639430000000004,0
16:12:00,58,37.8,60.680800000000005,0
16:12:01,58,37.8,60.798680000000004,0
16:12:02,58.1,37.8,60.88294,0
16:12:03,58.1,37.8,60.89644,0
16:12:04,58.1,37.8,60.9919,0
16:12:05,58.1,37.8,61.04725,0
16:12:06,58.2,37.8,61.111720000000005,0
16:12:07,58.2,37.8,61.191359999999996,0
16:12:08,58.3,37.8,61.250530000000005,0
16:12:09,58.3,37.8,61.30622,0
16:12:10,58.4,37.8,61.362300000000005,0
16:12:11,58.4,37.8,61.362300000000005,0
16:12:12,58.5,37.8,61.40158,0
16:12:13,58.5,37.8,61.46096,0
16:12:14,58.6,37.8,61.47522,0
16:12:15,58.6,37.8,61.48804,0
16:12:16,58.6,37.8,61.58898000000001,0
16:12:17,58.7,37.8,61.61345,0
16:12:18,58.7,37.8,61.66855999999999,0
16:12:19,58.8,37.8,61.69981,0
16:12:20,58.8,37.8,61.759679999999996,0
16:12:21,58.9,37.8,61.766160000000006,0
16:12:22,58.9,37.8,61.758250000000004,0
16:12:23,58.9,37.8,61.767720000000004,0
16:12:24,59,37.8,61.74505,0
16:12:25,59,37.8,61.780440000000006,0
16:12:26,59,37.8,61.745309999999996,0
16:12:27,59,37.8,61.80736999999999,0
16:12:28,59,37.8,61.78657,0
16:12:29,59,37.8,61.845479999999995,0
16:12:30,59,37.8,61.85614,0
16:12:31,59.1,37.8,61.87292,0
16:12:32,59.1,37.8,61.914829999999995,0
16:12:33,59.1,37.8,61.93913,0
16:12:34,59.1,37.8,61.95798,0
16:12:35,59.1,37.8,61.942370000000004,0
16:12:36,59.2,37.8,61.965579999999996,0
16:12:37,59.2,37.8,61.969739999999994,0
16:12:38,59.2,37.8,61.97094,0
16:12:39,59.2,37.8,62.0089,0
16:12:40,59.2,37.8,62.02171,0
16:12:41,59.2,37.8,62.046279999999996,0
16:12:42,59.3,37.8,62.04151,0
16:12:43,59.3,37.8,62.025580000000005,0
16:12:44,59.3,37.8,61.983650000000004,0
16:12:45,59.3,37.8,61.937960000000004,0
16:12:46,59.3,37.8,61.87924,0
16:12:47,59.3,37.8,61.85056,0
16:12:48,59.3,37.8,61.82656,0
16:12:49,59.3,37.8,61.7502,0
16:12:50,59.3,37.8,61.767570000000006,0
16:12:51,59.3,37.8,61.72668,0
16:12:52,59.3,37.8,61.72582,0
16:12:53,59.3,37.8,61.621939999999995,0
16:12:54,59.2,37.8,61.55794999999999,0
16:12:55,59.2,37.8,61.51672,0
16:12:56,59.2,37.8,61.503870000000006,0
16:12:57,59.2,37.8,61.503870000000006,0
16:12:58,59.1,37.8,61.47651,0
16:12:59,59.1,37.8,61.45156000000001,0
16:13:00,59.1,37.8,61.50555,0
16:13:01,59.1,37.8,61.49258,0
16:13:02,59,37.8,61.45081,0
16:13:03,59,37.8,61.529469999999996,0
16:13:04,59,37.8,61.49912,0
16:13:05,59,37.8,61.52746,0
16:13:06,59,37.8,61.56354,0
16:13:07,59,37.8,61.56658,0
16:13:08,59,37.8,61.61668,0
16:13:09,59,37.8,61.66017,0
16:13:10,59,37.8,61.69857,0
16:13:11,59,37.8,61.668440000000004,0
16:13:12,59,37.8,61.63409,0
16:13:13,59,37.8,61.702369999999995,0
16:13:14,59,37.8,61.70712,0
16:13:15,59,37.8,61.71107,0
16:13:16,59,37.8,61.678180000000005,0
16:13:17,59,37.8,61.666790000000006,0
16:13:18,59,37.8,61.67247999999999,0
16:13:19,59,37.8,61.62509000000001,0
16:13:20,59,37.8,61.65421,0
16:13:21,59,37.8,61.67583,0
16:13:22,59,37.8,61.672990000000006,0
16:13:23,59,37.8,61.683949999999996,0
16:13:24,59,37.8,61.69122,0
16:13:25,59,37.8,61.69578,0
16:13:26,59,37.8,61.63862,0
16:13:27,59,37.8,61.61088,0
16:13:28,59,37.8,61.58278000000001,0
16:13:29,59,37.8,61.5485,0
16:13:30,59,37.8,61.52578,0
16:13:31,59,37.8,61.52323,0
16:13:32,59,37.8,61.53588,0
16:13:33,59,37.8,61.524480000000004,0
16:13:34,59,37.8,61.537169999999996,0
16:13:35,59,37.8,61.472590000000004,0
16:13:36,59,37.8,61.502860000000005,0
16:13:37,59,37.8,61.46772,0
16:13:38,59,37.8,61.41757,0
16:13:39,59,37.8,61.35950999999999,0
16:13:40,59,37.8,61.33352,0
16:13:41,58.9,37.8,61.360760000000006,0
16:13:42,58.9,37.8,61.360760000000006,0
16:13:43,58.9,37.8,61.37259,0
16:13:44,58.9,37.8,61.364059999999995,0
16:13:45,58.9,37.8,61.390710000000006,0
16:13:46,58.9,37.8,61.361520000000006,0
16:13:47,58.8,37.8,61.38206,0
16:13:48,58.8,37.8,61.41803,0
16:13:49,58.8,37.8,61.442609999999995,0
16:13:50,58.8,37.8,61.407619999999994,0
16:13:51,58.8,37.8,61.46733,0
16:13:52,58.8,37.8,61.466480000000004,0
16:13:53,58.8,37.8,61.467020000000005,0
16:13:54,58.8,37.8,61.50352,0
16:13:55,58.8,37.8,61.53695999999999,0
16:13:56,58.8,37.8,61.55435,0
16:13:57,58.8,37.8,61.53414,0
16:13:58,58.9,37.8,61.593160000000005,0
16:13:59,58.9,37.8,61.60722,0
16:14:00,58.9,37.8,61.64249,0
16:14:01,58.9,37.8,61.61909,0
16:14:02,58.9,37.8,61.59198,0
16:14:03,58.9,37.8,61.597449999999995,0
16:14:04,58.9,37.8,61.58515,0
16:14:05,58.9,37.8,61.55697,0
16:14:06,58.9,37.8,61.56213,0
16:14:07,58.9,37.8,61.59481,0
16:14:08,58.9,37.8,61.57819,0
16:14:09,58.9,37.8,61.56774,0
16:14:10,59,37.8,61.525459999999995,0
16:14:11,59,37.8,61.58296,0
16:14:12,59,37.8,61.58240000000001,0
16:14:13,59,37.8,61.597500000000004,0
16:14:14,59,37.8,61.58382,0
16:14:15,59,37.8,61.524080000000005,0
16:14:16,59,37.8,61.508759999999995,0
16:14:17,58.9,37.8,61.41575,0
16:14:18,58.9,37.8,61.34591,0
16:14:19,58.9,37.8,61.254940000000005,0
16:14:20,58.9,37.8,61.19961000000001,0
16:14:21,58.9,37.8,61.16171,0
16:14:22,58.9,37.8,61.13185,0
16:14:23,58.8,37.8,61.084439999999994,0
16:14:24,58.8,37.8,60.994150000000005,0
16:14:25,58.7,37.8,60.95821,0
16:14:26,58.7,37.8,60.940079999999995,0
16:14:27,58.6,37.8,60.866220000000006,0
16:14:28,58.6,37.8,60.866220000000006,0
16:14:29,58.6,37.8,60.85013,0
16:14:30,58.5,37.8,60.80392,0
16:14:31,58.5,37.8,60.75935,0
16:14:32,58.5,37.8,60.697540000000004,0
16:14:33,58.4,37.8,60.700109999999995,0
16:14:34,58.4,37.8,60.690160000000006,0
16:14:35,58.4,37.8,60.67431,0
16:14:36,58.4,37.8,60.66677,0
16:14:37,58.3,37.8,60.66298,0
16:14:38,58.3,37.8,60.65815,0
16:14:39,58.3,37.8,60.63026,0
16:14:40,58.3,37.8,60.637719999999995,0
16:14:41,58.2,37.8,60.64763,0
16:14:42,58.2,37.8,60.6148,0
16:14:43,58.2,37.8,60.64872999999999,0
16:14:44,58.2,37.8,60.64613,0
16:14:45,58.2,37.8,60.66675,0
16:14:46,58.2,37.8,60.67644,0
16:14:47,58.2,37.8,60.66863,0
16:14:48,58.2,37.8,60.63817,0
16:14:49,58.2,37.8,60.678200000000004,0
16:14:50,58.2,37.8,60.67025,0
16:14:51,58.2,37.8,60.707460000000005,0
16:14:52,58.2,37.8,60.70103999999999,0
16:14:53,58.2,37.8,60.698479999999996,0
16:14:54,58.2,37.8,60.729820000000004,0
16:14:55,58.2,37.8,60.72476,0
16:14:56,58.2,37.8,60.75638,0
16:14:57,58.2,37.8,60.685750000000006,0
16:14:58,58.2,37.8,60.72104,0
16:14:59,58.2,37.8,60.67751,0
16:15:00,58.2,37.8,60.63298,0
16:15:01,58.2,37.8,60.61079,0
16:15:02,58.2,37.8,60.56187,0
16:15:03,58.2,37.8,60.55201,0
16:15:04,58.1,37.8,60.491260000000004,0
16:15:05,58.1,37.8,60.49109,0
16:15:06,58.1,37.8,60.49171,0
16:15:07,58.1,37.8,60.507889999999996,0
16:15:08,58.1,37.8,60.44381,0
16:15:09,58.1,37.8,60.48717,0
16:15:10,58,37.8,60.48955,0
16:15:11,58,37.8,60.56508,0
16:15:12,58,37.8,60.50672,0
16:15:13,58,37.8,60.534189999999995,0
16:15:14,58,37.8,60.534189999999995,0
16:15:15,58,37.8,60.49465000000001,0
16:15:16,58,37.8,60.5258,0
16:15:17,58,37.8,60.52581,0
16:15:18,58,37.8,60.56294,0
16:15:19,58,37.8,60.53744,0
16:15:20,58,37.8,60.57998,0
16:15:21,58,37.8,60.62152,0
16:15:22,58,37.8,60.69632,0
16:15:23,58,37.8,60.78037,0
16:15:24,58,37.8,60.77707,0
16:15:25,58,37.8,60.84599000000001,0
16:15:26,58.1,37.8,60.837540000000004,0
16:15:27,58.1,37.8,60.876050000000006,0
16:15:28,58.1,37.8,60.899429999999995,0
16:15:29,58.1,37.8,60.91722000000001,0
16:15:30,58.2,37.8,60.94225,0
16:15:31,58.2,37.8,60.97671,0
16:15:32,58.2,37.8,60.93564,0
16:15:33,58.3,37.8,61.017010000000006,0
16:15:34,58.3,37.8,61.01644,0
16:15:35,58.3,37.8,61.05769,0
16:15:36,58.3,37.8,61.10177,0
16:15:37,58.3,37.8,61.17104,0
16:15:38,58.4,37.8,61.1935,0
16:15:39,58.4,37.8,61.277029999999996,0
16:15:40,58.5,37.8,61.32957999999999,0
16:15:41,58.5,37.8,61.3885,0
16:15:42,58.5,37.8,61.40388,0
16:15:43,58.6,37.8,61.39634,0
16:15:44,58.6,37.8,61.46843,0
16:15:45,58.6,37.8,61.50011,0
16:15:46,58.7,37.8,61.52999,0
16:15:47,58.7,37.8,61.582269999999994,0
16:15:48,58.7,37.8,61.58162,0
16:15:49,58.7,37.8,61.61297,0
16:15:50,58.8,37.8,61.623439999999995,0
16:15:51,58.8,37.8,61.64702,0
16:15:52,58.8,37.8,61.63221,0
16:15:53,58.9,37.8,61.63189,0
16:15:54,58.9,37.8,61.58401,0
16:15:55,58.9,37.8,61.58551,0
16:15:56,58.9,37.8,61.596819999999994,0
16:15:57,58.9,37.8,61.585350000000005,0
16:15:58,58.9,37.8,61.57428,0
16:15:59,58.9,37.8,61.57428,0
16:16:00,58.9,37.8,61.56114,0
16:16:01,58.9,37.8,61.56254,0
16:16:02,58.9,37.8,61.528079999999996,0
16:16:03,58.9,37.8,61.500690000000006,0
16:16:04,58.9,37.8,61.51025,0
16:16:05,58.9,37.8,61.545989999999996,0
16:16:06,58.9,37.8,61.49798,0
16:16:07,58.9,37.8,61.46142999999999,0
16:16:08,58.9,37.8,61.52705,0
16:16:09,58.9,37.8,61.46709,0
16:16:10,58.9,37.8,61.483790000000006,0
16:16:11,58.9,37.8,61.43815,0
16:16:12,58.9,37.8,61.41358,0
16:16:13,58.9,37.8,61.35153,0
16:16:14,58.9,37.8,61.35517,0
16:16:15,58.9,37.8,61.296969999999995,0
16:16:16,58.9,37.8,61.24382000000001,0
16:16:17,58.8,37.8,61.19704,0
16:16:18,58.8,37.8,61.24195,0
16:16:19,58.7,37.8,61.242470000000004,0
16:16:20,58.7,37.8,61.2512,0
16:16:21,58.5,37.8,61.22065,0
16:16:22,58.5,37.8,61.18710000000001,0
16:16:23,58.5,37.8,61.194970000000005,0
16:16:24,58.5,37.8,61.22337,0
16:16:25,58.4,37.8,61.19265,0
16:16:26,58.3,37.8,61.16153,0
16:16:27,58.2,37.8,61.159110000000005,0
16:16:28,58.2,37.8,61.16046000000001,0
16:16:29,58.2,37.8,61.18344,0
16:16:30,58.2,37.8,61.19849000000001,0
16:16:31,58.1,37.8,61.21488000000001,0
16:16:32,58,37.8,61.18494,0
16:16:33,58,37.8,61.18604,0
16:16:34,57.9,37.7,61.18279,0
16:16:35,57.9,37.7,61.22676,0
16:16:36,57.8,37.7,61.22807,0
16:16:37,57.8,37.7,61.24411,0
16:16:38,57.8,37.7,61.215529999999994,0
16:16:39,57.7,37.7,61.21266,0
16:16:40,57.7,37.7,61.22379,0
16:16:41,57.6,37.7,61.24773,0
16:16:42,57.6,37.7,61.20175,0
16:16:43,57.5,37.7,61.28211,0
16:16:44,57.5,37.7,61.28211,0
16:16:45,57.5,37.7,61.296459999999996,0
16:16:46,57.5,37.7,61.30704,0
16:16:47,57.5,37.7,61.331579999999995,0
16:16:48,57.4,37.6,61.30685999999999,0
16:16:49,57.4,37.6,61.31198,0
16:16:50,57.4,37.6,61.34605,0
16:16:51,57.4,37.6,61.348020000000005,0
16:16:52,57.4,37.6,61.35177,0
16:16:53,57.4,37.6,61.37104,0
16:16:54,57.3,37.6,61.330839999999995,0
16:16:55,57.3,37.6,61.31386,0
16:16:56,57.3,37.6,61.310050000000004,0
16:16:57,57.2,37.6,61.2405,0
16:16:58,57.2,37.6,61.262660000000004,0
16:16:59,57.2,37.5,61.19086,0
16:17:00,57.2,37.5,61.20595,0
16:17:01,57.1,37.5,61.163380000000004,0
16:17:02,57.1,37.5,61.123439999999995,0
16:17:03,57,37.5,61.1339,0
16:17:04,57,37.5,61.116150000000005,0
16:17:05,57,37.5,61.08306,0
16:17:06,56.9,37.5,61.06373000000001,0
16:17:07,56.9,37.5,61.04954,0
16:17:08,56.8,37.5,61.04915,0
16:17:09,56.8,37.4,61.06288,0
16:17:10,56.8,37.4,61.05604,0
16:17:11,56.7,37.4,61.06507,0
16:17:12,56.7,37.4,61.02008,0
16:17:13,56.7,37.4,61.08044,0
16:17:14,56.7,37.4,61.06924,0
16:17:15,56.6,37.4,61.07638,0
16:17:16,56.6,37.4,61.06066,0
16:17:17,56.5,37.4,61.02171,0
16:17:18,56.5,37.3,61.07438,0
16:17:19,56.5,37.3,61.05863,0
16:17:20,56.5,37.3,61.072269999999996,0
16:17:21,56.5,37.3,61.047019999999996,0
16:17:22,56.5,37.3,60.97119,0
16:17:23,56.4,37.3,60.95477,0
16:17:24,56.4,37.3,60.92153999999999,0
16:17:25,56.4,37.3,60.80414,0
16:17:26,56.3,37.3,60.720470000000006,0
16:17:27,56.3,37.3,60.62392,0
16:17:28,56.3,37.3,60.541959999999996,0
16:17:29,56.2,37.2,60.49964,0
16:17:30,56.1,37.2,60.49964,0
16:17:31,56,37.2,60.423899999999996,0
16:17:32,56,37.2,60.37044,0
16:17:33,55.9,37.2,60.31455,0
16:17:34,55.8,37.2,60.20069,0
16:17:35,55.8,37.2,60.121460000000006,0
16:17:36,55.7,37.2,60.10192,0
16:17:37,55.6,37.2,60.04461,0
16:17:38,55.6,37.1,59.95156,0
16:17:39,55.5,37.1,59.90696,0
16:17:40,55.5,37.1,59.88598,0
16:17:41,55.4,37.1,59.79961,0
16:17:42,55.3,37.1,59.76437,0
16:17:43,55.3,37.1,59.69336,0
16:17:44,55.2,37.1,59.64954,0
16:17:45,55.1,37.1,59.671640000000004,0
16:17:46,55,37,59.6199,0
16:17:47,55,37,59.57203,0
16:17:48,55,37,59.53486,0
16:17:49,55,37,59.48438,0
16:17:50,54.9,37,59.44072,0
16:17:51,54.8,37,59.46494,0
16:17:52,54.8,37,59.40516,0
16:17:53,54.7,37,59.39725,0
16:17:54,54.7,37,59.39923,0
16:17:55,54.7,36.9,59.40368,0
16:17:56,54.7,36.9,59.39565999999999,0
16:17:57,54.7,36.9,59.40662,0
16:17:58,54.6,36.9,59.398430000000005,0
16:17:59,54.6,36.9,59.46114,0
16:18:00,54.6,36.9,59.40301,0
16:18:01,54.6,36.9,59.427220000000005,0
16:18:02,54.6,36.9,59.39646,0
16:18:03,54.6,36.9,59.3723,0
16:18:04,54.5,36.8,59.37999000000001,0
16:18:05,54.5,36.8,59.34198000000001,0
16:18:06,54.5,36.8,59.34931,0
16:18:07,54.5,36.8,59.277840000000005,0
16:18:08,54.5,36.8,59.29294,0
16:18:09,54.5,36.8,59.23986,0
16:18:10,54.4,36.8,59.2257,0
16:18:11,54.4,36.7,59.23541,0
16:18:12,54.4,36.7,59.16383,0
16:18:13,54.4,36.7,59.123729999999995,0
16:18:14,54.3,36.7,59.15196,0
16:18:15,54.3,36.7,59.15196,0
16:18:16,54.3,36.7,59.12934,0
16:18:17,54.3,36.7,59.10008,0
16:18:18,54.2,36.7,59.09972,0
16:18:19,54.2,36.7,59.070690000000006,0
16:18:20,54.2,36.7,59.03959,0
16:18:21,54.2,36.7,59.037099999999995,0
16:18:22,54.2,36.6,59.063250000000004,0
16:18:23,54.1,36.6,59.063849999999995,0
16:18:24,54.1,36.6,59.03117,0
16:18:25,54.1,36.6,59.006400000000006,0
16:18:26,54.1,36.6,59.003989999999995,0
16:18:27,54.1,36.6,58.97665,0
16:18:28,54.1,36.6,58.97786000000001,0
16:18:29,54,36.5,58.97614,0
16:18:30,54,36.5,58.976090000000006,0
16:18:31,54,36.5,58.963719999999995,0
16:18:32,54,36.5,58.898419999999994,0
16:18:33,54,36.5,58.91566,0
16:18:34,54,36.5,58.924220000000005,0
16:18:35,53.9,36.5,58.89727,0
16:18:36,53.9,36.5,58.84735,0
16:18:37,53.9,36.5,58.840970000000006,0
16:18:38,53.9,36.5,58.809650000000005,0
16:18:39,53.9,36.4,58.81358,0
16:18:40,53.9,36.4,58.819829999999996,0
16:18:41,53.8,36.4,58.783339999999995,0
16:18:42,53.8,36.4,58.79410000000001,0
16:18:43,53.8,36.4,58.753029999999995,0
16:18:44,53.8,36.4,58.79504,0
16:18:45,53.8,36.4,58.775259999999996,0
16:18:46,53.8,36.4,58.77892,0
16:18:47,53.7,36.3,58.78006,0
16:18:48,53.7,36.3,58.75022,0
16:18:49,53.7,36.3,58.72399,0
16:18:50,53.7,36.3,58.72417,0
16:18:51,53.7,36.3,58.6662,0
16:18:52,53.7,36.3,58.641,0
16:18:53,53.7,36.3,58.59603,0
16:18:54,53.6,36.3,58.55094,0
16:18:55,53.6,36.3,58.56333,0
16:18:56,53.6,36.2,58.52838,0
16:18:57,53.5,36.2,58.49247,0
16:18:58,53.5,36.2,58.492279999999994,0
16:18:59,53.5,36.2,58.439339999999994,0
16:19:00,53.5,36.2,58.439339999999994,0
16:19:01,53.4,36.2,58.384420000000006,0
16:19:02,53.4,36.2,58.35982,0
16:19:03,53.4,36.2,58.30618,0
16:19:04,53.4,36.1,58.3001,0
16:19:05,53.3,36.1,58.300399999999996,0
16:19:06,53.3,36.1,58.24631,0
16:19:07,53.3,36.1,58.2208,0
16:19:08,53.3,36.1,58.193720000000006,0
16:19:09,53.2,36.1,58.16833999999999,0
16:19:10,53.2,36.1,58.22419,0
16:19:11,53.2,36.1,58.15278000000001,0
16:19:12,53.1,36,58.154320000000006,0
16:19:13,53.1,36,58.12445,0
16:19:14,53.1,36,58.09573,0
16:19:15,53,36,58.09577,0
16:19:16,53,36,58.042249999999996,0
16:19:17,53,36,58.03756,0
16:19:18,53,36,58.0469,0
16:19:19,53,36,57.990750000000006,0
16:19:20,53,35.9,57.98791,0
16:19:21,52.9,35.9,57.98689,0
16:19:22,52.9,35.9,57.93925,0
16:19:23,52.9,35.9,57.9058,0
16:19:24,52.8,35.9,57.852079999999994,0
16:19:25,52.8,35.9,57.8211,0
16:19:26,52.8,35.9,57.79582,0
16:19:27,52.8,35.9,57.73496,0
16:19:28,52.8,35.9,57.73695,0
16:19:29,52.8,35.8,57.695620000000005,0
16:19:30,52.7,35.8,57.68354,0
16:19:31,52.7,35.8,57.68381,0
16:19:32,52.6,35.8,57.700070000000004,0
16:19:33,52.6,35.8,57.69847,0
16:19:34,52.6,35.8,57.696369999999995,0
16:19:35,52.6,35.8,57.67331,0
16:19:36,52.6,35.8,57.64439,0
16:19:37,52.6,35.7,57.61813,0
16:19:38,52.5,35.7,57.558659999999996,0
16:19:39,52.5,35.7,57.53163,0
16:19:40,52.5,35.7,57.40685,0
16:19:41,52.5,35.7,57.41248,0
16:19:42,52.4,35.7,57.408300000000004,0
16:19:43,52.4,35.7,57.3321,0
16:19:44,52.4,35.6,57.346,0
16:19:45,52.3,35.6,57.346,0
16:19:46,52.3,35.6,57.30798,0
16:19:47,52.3,35.6,57.249159999999996,0
16:19:48,52.2,35.6,57.220130000000005,0
16:19:49,52.2,35.6,57.226980000000005,0
16:19:50,52.2,35.6,57.15311,0
16:19:51,52.1,35.6,57.139450000000004,0
16:19:52,52.1,35.6,57.109719999999996,0
16:19:53,52.1,35.5,57.08801999999999,0
16:19:54,52,35.5,57.0581,0
16:19:55,52,35.5,56.98626,0
16:19:56,52,35.5,57.00685,0
16:19:57,51.9,35.5,56.998709999999996,0
16:19:58,51.9,35.5,56.96638000000001,0
16:19:59,51.9,35.4,56.939240000000005,0
16:20:00,51.9,35.4,56.912620000000004,0
16:20:01,51.8,35.4,56.8533,0
16:20:02,51.8,35.4,56.84802,0
16:20:03,51.8,35.4,56.79655,0
16:20:04,51.8,35.4,56.75706,0
16:20:05,51.7,35.4,56.71427,0
16:20:06,51.7,35.4,56.70583,0
16:20:07,51.7,35.4,56.64465,0
16:20:08,51.6,35.3,56.628389999999996,0
16:20:09,51.6,35.3,56.63955000000001,0
16:20:10,51.6,35.3,56.606449999999995,0
16:20:11,51.5,35.3,56.604940000000006,0
16:20:12,51.5,35.3,56.58035,0
16:20:13,51.5,35.3,56.60592,0
16:20:14,51.4,35.3,56.64353,0
16:20:15,51.4,35.3,56.66247,0
16:20:16,51.4,35.2,56.66471,0
16:20:17,51.4,35.2,56.68921,0
16:20:18,51.4,35.2,56.7246,0
16:20:19,51.4,35.2,56.70071,0
16:20:20,51.4,35.2,56.76721,0
16:20:21,51.4,35.2,56.797920000000005,0
16:20:22,51.4,35.2,56.777460000000005,0
16:20:23,51.4,35.2,56.77642,0
16:20:24,51.4,35.1,56.774860000000004,0
16:20:25,51.4,35.1,56.765370000000004,0
16:20:26,51.4,35.1,56.769239999999996,0
16:20:27,51.4,35.1,56.74936,0
16:20:28,51.4,35.1,56.733599999999996,0
16:20:29,51.4,35.1,56.777120000000004,0
16:20:30,51.4,35,56.731880000000004,0
16:20:31,51.4,35,56.731880000000004,0
16:20:32,51.4,35,56.74218,0
16:20:33,51.4,35,56.778510000000004,0
16:20:34,51.4,35,56.774539999999995,0
16:20:35,51.4,35,56.72676,0
16:20:36,51.4,35,56.71474,0
16:20:37,51.4,35,56.69641,0
16:20:38,51.4,34.9,56.69223,0
16:20:39,51.4,34.9,56.6699,0
16:20:40,51.4,34.9,56.65932,0
16:20:41,51.4,34.9,56.644349999999996,0
16:20:42,51.4,34.9,56.66276,0
16:20:43,51.4,34.9,56.64165,0
16:20:44,51.3,34.9,56.649950000000004,0
16:20:45,51.3,34.8,56.70277,0
16:20:46,51.3,34.8,56.72315,0
16:20:47,51.3,34.8,56.6836,0
16:20:48,51.3,34.8,56.694250000000004,0
16:20:49,51.3,34.8,56.68547,0
16:20:50,51.3,34.8,56.696349999999995,0
16:20:51,51.3,34.8,56.72357,0
16:20:52,51.3,34.8,56.72315999999999,0
16:20:53,51.3,34.8,56.717470000000006,0
16:20:54,51.3,34.7,56.73507,0
16:20:55,51.3,34.7,56.66696,0
16:20:56,51.3,34.7,56.74983,0
16:20:57,51.3,34.7,56.723639999999996,0
16:20:58,51.3,34.7,56.76186,0
16:20:59,51.3,34.7,56.728469999999994,0
16:21:00,51.3,34.7,56.754380000000005,0
16:21:01,51.3,34.7,56.75314,0
16:21:02,51.3,34.6,56.75717,0
16:21:03,51.3,34.6,56.777319999999996,0
16:21:04,51.3,34.6,56.80056,0
16:21:05,51.3,34.6,56.782270000000004,0
16:21:06,51.3,34.6,56.78744999999999,0
16:21:07,51.3,34.6,56.77983,0
16:21:08,51.3,34.6,56.777809999999995,0
16:21:09,51.3,34.6,56.77896,0
16:21:10,51.3,34.5,56.75154,0
16:21:11,51.3,34.5,56.72298,0
16:21:12,51.3,34.5,56.717620000000004,0
16:21:13,51.2,34.5,56.66891,0
16:21:14,51.2,34.5,56.674420000000005,0
16:21:15,51.2,34.5,56.64262,0
16:21:16,51.2,34.5,56.64262,0
16:21:17,51.2,34.4,56.601040000000005,0
16:21:18,51.2,34.4,56.58033999999999,0
16:21:19,51.2,34.4,56.57029,0
16:21:20,51.2,34.4,56.54764,0
16:21:21,51.1,34.4,56.493930000000006,0
16:21:22,51.1,34.4,56.47341,0
16:21:23,51.1,34.3,56.41524999999999,0
16:21:24,51.1,34.3,56.331739999999996,0
16:21:25,51,34.3,56.313880000000005,0
16:21:26,51,34.3,56.29319,0
16:21:27,51,34.3,56.25845,0
16:21:28,50.9,34.3,56.22056,0
16:21:29,50.9,34.3,56.19971,0
16:21:30,50.9,34.3,56.170869999999994,0
16:21:31,50.8,34.2,56.12335,0
16:21:32,50.8,34.2,56.09912,0
16:21:33,50.8,34.2,56.07398,0
16:21:34,50.8,34.2,56.05527,0
16:21:35,50.7,34.2,56.056,0
16:21:36,50.7,34.2,56.031549999999996,0
16:21:37,50.6,34.2,55.99489,0
16:21:38,50.6,34.2,55.92863,0
16:21:39,50.6,34.1,55.93873000000001,0
16:21:40,50.6,34.1,55.87666,0
16:21:41,50.6,34.1,55.859970000000004,0
16:21:42,50.5,34.1,55.83456999999999,0
16:21:43,50.5,34.1,55.818009999999994,0
16:21:44,50.4,34.1,55.79407,0
16:21:45,50.4,34.1,55.78337,0
16:21:46,50.4,34,55.717459999999996,0
16:21:47,50.4,34,55.72943,0
16:21:48,50.4,34,55.71441,0
16:21:49,50.4,34,55.69494,0
16:21:50,50.3,34,55.26668,0
16:21:51,50.2,34,54.78528,0
16:21:52,50.1,34,54.22964999999999,0
16:21:53,49.9,33.9,53.44446000000001,0
16:21:54,49.9,33.9,52.4622,0
16:21:55,49.1,33.9,51.25689,0
16:21:56,48.7,33.9,50.264450000000004,0
16:21:57,48.1,33.9,49.21239,0
16:21:58,47.1,33.9,48.00166,0
16:21:59,46.5,33.9,46.91861,0
16:22:00,46,33.9,45.76205,0
16:22:01,45.4,33.8,45.76205,0
16:22:02,44.9,33.8,44.23261,0
16:22:03,44,33.8,42.36801,0
16:22:04,43,33.8,40.91356,0
16:22:05,42,33.8,40.033210000000004,0
16:22:06,40.3,33.8,39.73722,0
16:22:07,39.3,33.8,38.6681,0
16:22:08,38.6,33.8,37.76166,0
16:22:09,38.2,33.8,36.73321,0
16:22:10,36.8,33.7,35.96741,0
16:22:11,36.8,33.7,35.5102,0
16:22:12,35.7,33.7,34.97627,0
16:22:13,34.7,33.7,34.33398,0
16:22:14,34.7,33.7,33.85395,0
16:22:15,34.2,33.7,33.63348,0
16:22:16,33.3,33.7,33.74701,0
16:22:17,32.9,33.7,33.901379999999996,0
16:22:18,32.8,33.7,33.70385,0
16:22:19,32.8,33.7,33.58341,0
16:22:20,32.2,33.7,33.35666,0
16:22:21,32.2,33.7,32.89371,0
16:22:22,32,33.7,32.38902,0
16:22:23,31.5,33.7,32.00695,0
16:22:24,31.5,33.7,31.830560000000002,0
16:22:25,31.4,33.7,31.87497,0
16:22:26,31.2,33.7,31.84344,0
16:22:27,31.2,33.7,31.98668,0
16:22:28,30.8,33.6,31.8363,0
16:22:29,30.5,33.6,31.229699999999998,0
16:22:30,30.4,33.6,30.564639999999997,0
16:22:31,30.2,33.6,29.965809999999998,0
16:22:32,29.8,33.6,29.5196,0
16:22:33,29.6,33.6,29.21831,0
16:22:34,29.4,33.6,29.01441,0
16:22:35,29.3,33.6,28.872940000000003,0
16:22:36,29,33.6,28.790680000000002,0
16:22:37,28.9,33.6,28.81363,0
16:22:38,28.9,33.6,28.868139999999997,0
16:22:39,28.9,33.6,28.94816,0
16:22:40,28.9,33.6,29.02326,0
16:22:41,28.7,33.6,28.96914,0
16:22:42,28.7,33.6,29.02634,0
16:22:43,28.5,33.6,29.164060000000003,0
16:22:44,28.5,33.6,29.364410000000003,0
16:22:45,28.4,33.6,29.467100000000002,0
16:22:46,28.2,33.6,29.587000000000003,0
16:22:47,28.2,33.6,29.587000000000003,0
16:22:48,28.2,33.6,29.705900000000003,0
16:22:49,28,33.6,29.78121,0
16:22:50,28,33.6,29.71066,0
16:22:51,28,33.6,29.64603,0
16:22:52,28,33.6,29.595670000000002,0
16:22:53,28,33.6,29.411959999999997,0
16:22:54,28,33.6,29.31853,0
16:22:55,27.9,33.6,29.093140000000002,0
16:22:56,27.9,33.6,28.747410000000002,0
16:22:57,27.8,33.6,28.407559999999997,0
16:22:58,27.5,33.6,28.26032,0
16:22:59,27.5,33.6,28.15372,0
16:23:00,27.4,33.6,27.9394,0
16:23:01,27.3,33.6,27.73381,0
16:23:02,27.1,33.6,27.650370000000002,0
16:23:03,26.9,33.6,27.66429,0
16:23:04,26.8,33.6,27.61554,0
16:23:05,26.8,33.6,27.576600000000003,0
16:23:06,26.5,33.6,27.557280000000002,0
16:23:07,26.5,33.6,27.502959999999998,0
16:23:08,26.4,33.6,27.314539999999997,0
16:23:09,26.2,33.6,27.2449,0
16:23:10,26.2,33.6,27.19871,0
16:23:11,26.2,33.6,27.17787,0
16:23:12,26.1,33.6,27.150990000000004,0
16:23:13,26.1,33.6,26.96416,0
16:23:14,26,33.6,26.734560000000002,0
16:23:15,25.9,33.6,26.51887,0
16:23:16,25.9,33.6,26.310319999999997,0
16:23:17,25.9,33.6,26.20208,0
16:23:18,25.8,33.6,26.22502,0
16:23:19,25.8,33.6,26.19447,0
16:23:20,25.6,33.6,26.170009999999998,0
16:23:21,25.6,33.6,26.229190000000003,0
16:23:22,25.6,33.6,26.2034,0
16:23:23,25.6,33.6,26.1645,0
16:23:24,25.6,33.6,26.115270000000002,0
16:23:25,25.6,33.6,26.09293,0
16:23:26,25.6,33.6,26.055139999999998,0
16:23:27,25.6,33.6,26.057750000000002,0
16:23:28,25.6,33.6,26.00638,0
16:23:29,25.6,33.6,26.07157,0
16:23:30,25.6,33.6,26.01704,0
16:23:31,25.5,33.6,25.95666,0
16:23:32,25.5,33.6,25.95666,0
16:23:33,25.5,33.6,25.91121,0
16:23:34,25.5,33.6,25.901819999999997,0
16:23:35,25.5,33.6,25.91171,0
16:23:36,25.5,33.6,25.84414,0
16:23:37,25.5,33.6,25.75113,0
16:23:38,25.5,33.6,25.683719999999997,0
16:23:39,25.6,33.6,25.677660000000003,0
16:23:40,25.6,33.6,25.754890000000003,0
16:23:41,25.6,33.6,25.75788,0
16:23:42,25.6,33.6,25.789230000000003,0
16:23:43,25.6,33.6,25.830029999999997,0
16:23:44,25.6,33.6,25.745829999999998,0
16:23:45,25.6,33.6,25.72322,0
16:23:46,25.7,33.6,25.730819999999998,0
16:23:47,25.7,33.6,25.773760000000003,0
16:23:48,25.6,33.6,25.78756,0
16:23:49,25.6,33.6,25.785770000000003,0
16:23:50,25.6,33.6,25.859389999999998,0
16:23:51,25.6,33.6,25.80901,0
16:23:52,25.6,33.6,25.65418,0
16:23:53,25.5,33.6,25.50611,0
16:23:54,25.5,33.6,25.374049999999997,0
16:23:55,25.3,33.6,25.20016,0
16:23:56,25.1,33.6,25.02388,0
16:23:57,25.1,33.6,24.90065,0
16:23:58,25,33.6,24.82217,0
16:23:59,24.9,33.6,24.79879,0
16:24:00,24.8,33.6,24.99931,0
16:24:01,24.7,33.6,25.3211,0
16:24:02,24.7,33.6,25.5456,0
16:24:03,24.7,33.6,25.70434,0
16:24:04,24.8,33.6,25.8015,0
16:24:05,24.8,33.6,25.85729,0
16:24:06,24.8,33.6,25.84615,0
16:24:07,24.9,33.6,25.718980000000002,0
16:24:08,25.1,33.6,25.616699999999998,0
16:24:09,25.1,33.6,25.49829,0
16:24:10,25.1,33.6,25.34244,0
16:24:11,25.1,33.6,25.13602,0
16:24:12,25.1,33.6,24.881410000000002,0
16:24:13,25.1,33.6,24.72289,0
16:24:14,24.9,33.6,24.5788,0
16:24:15,24.9,33.6,24.421599999999998,0
16:24:16,24.7,33.6,24.421599999999998,0
16:24:17,24.5,33.6,24.329,0
16:24:18,24.5,33.6,24.34686,0
16:24:19,24.3,33.6,24.35482,0
16:24:20,24.3,33.6,24.30549,0
16:24:21,24.2,33.6,24.262610000000002,0
16:24:22,24.2,33.6,24.208740000000002,0
16:24:23,24.2,33.6,24.17373,0
16:24:24,24.1,33.6,24.11596,0
16:24:25,24.1,33.6,23.99264,0
16:24:26,24,33.6,23.931749999999997,0
16:24:27,24,33.6,23.88797,0
16:24:28,23.9,33.6,23.88217,0
16:24:29,23.8,33.6,23.90128,0
16:24:30,23.8,33.6,23.83588,0
16:24:31,23.7,33.6,23.904310000000002,0
16:24:32,23.7,33.6,23.92255,0
16:24:33,23.7,33.6,23.997989999999998,0
16:24:34,23.7,33.6,24.12723,0
16:24:35,23.7,33.6,24.23811,0
16:24:36,23.7,33.6,24.42739,0
16:24:37,23.7,33.6,24.553910000000002,0
16:24:38,23.7,33.6,24.52458,0
16:24:39,23.7,33.6,24.46436,0
16:24:40,23.7,33.5,24.31944,0
16:24:41,23.7,33.5,24.2045,0
16:24:42,23.7,33.5,24.06517,0
16:24:43,23.7,33.5,23.91102,0
16:24:44,23.7,33.5,23.810190000000002,0
16:24:45,23.6,33.5,23.706940000000003,0
16:24:46,23.6,33.5,23.637520000000002,0
16:24:47,23.5,33.5,23.57424,0
16:24:48,23.5,33.5,23.54673,0
16:24:49,23.4,33.5,23.53245,0
16:24:50,23.4,33.5,23.53648,0
16:24:51,23.4,33.5,23.47908,0
16:24:52,23.4,33.5,23.51981,0
16:24:53,23.3,33.5,23.49436,0
16:24:54,23.3,33.5,23.48809,0
16:24:55,23.3,33.5,23.49065,0
16:24:56,23.3,33.5,23.43276,0
16:24:57,23.3,33.5,23.439989999999998,0
16:24:58,23.2,33.5,23.464,0
16:24:59,23.2,33.5,23.49431,0
16:25:00,23.2,33.5,23.572319999999998,0
16:25:01,23.2,33.5,23.623160000000002,0
16:25:02,23.2,33.5,23.623160000000002,0
16:25:03,23.2,33.5,23.6389,0
16:25:04,23.2,33.5,23.65768,0
16:25:05,23.2,33.5,23.60873,0
16:25:06,23.3,33.5,23.572879999999998,0
16:25:07,23.3,33.5,23.55436,0
16:25:08,23.3,33.5,23.59302,0
16:25:09,23.3,33.5,23.64041,0
16:25:10,23.3,33.5,23.660700000000002,0
16:25:11,23.4,33.5,23.782120000000003,0
16:25:12,23.6,33.5,23.91204,0
16:25:13,23.7,33.5,24.04418,0
16:25:14,23.9,33.5,24.22357,0
16:25:15,23.9,33.5,24.43627,0
16:25:16,24,33.5,24.57658,0
16:25:17,24.1,33.5,24.64692,0
16:25:18,24.3,33.5,24.651600000000002,0
16:25:19,24.3,33.5,24.591630000000002,0
16:25:20,24.4,33.5,24.62422,0
16:25:21,24.4,33.5,24.72125,0
16:25:22,24.4,33.5,24.76475,0
16:25:23,24.4,33.5,25.7726,0
16:25:24,25.3,33.5,28.178769999999997,0
16:25:25,26.2,33.5,30.94324,0
16:25:26,26.2,33.5,33.85347,0
16:25:27,28.8,33.5,36.59286,0
16:25:28,32.2,33.5,38.98178,0
16:25:29,34.1,33.5,39.33956,0
16:25:30,36,33.5,41.52744,0
16:25:31,37.8,33.5,43.66331,0
16:25:32,39.1,33.5,45.54209,0
16:25:33,41.9,33.5,47.22213,0
16:25:34,41.9,33.5,48.707,0
16:25:35,43.3,33.5,50.07541,0
16:25:36,45.2,33.5,51.306960000000004,0
16:25:37,47.3,33.5,52.39613,0
16:25:38,47.9,33.5,53.37529,0
16:25:39,48.9,33.5,54.30557,0
16:25:40,49.8,33.5,55.17351,0
16:25:41,50.6,33.5,55.94011,0
16:25:42,51.8,33.4,56.69832,0
16:25:43,51.8,33.4,57.40435,0
16:25:44,52.8,33.4,58.02758,0
16:25:45,52.8,33.4,58.68633,0
16:25:46,53.7,33.4,59.26243,0
16:25:47,54.7,33.4,59.26243,0
16:25:48,55.1,33.4,59.792339999999996,0
16:25:49,55.5,33.4,60.326040000000006,0
16:25:50,55.5,33.4,60.81317000000001,0
16:25:51,56.2,33.4,61.28903,0
16:25:52,56.6,33.4,61.663959999999996,0
16:25:53,56.6,33.4,61.747640000000004,0
16:25:54,56.9,33.4,62.22328,0
16:25:55,57.5,33.3,62.665729999999996,0
16:25:56,57.7,33.3,63.09939,0
16:25:57,58,33.3,63.49393,0
16:25:58,58,33.3,63.91442000000001,0
16:25:59,58.7,33.3,64.31909999999999,0
16:26:00,58.9,33.3,64.72395,0
16:26:01,59.2,33.2,65.09838,0
16:26:02,59.4,33.2,65.46115999999999,0
16:26:03,59.5,33.2,65.84113,0
16:26:04,59.5,33.2,66.14544,0
16:26:05,60,33.2,66.58406,0
16:26:06,60,33.2,66.95685999999999,0
16:26:07,60.4,33.2,67.26254,0
16:26:08,60.4,33.2,67.5794,0
16:26:09,60.9,33.1,67.89695,0
16:26:10,61,33.1,68.21109,0
16:26:11,61,33.1,68.45078,0
16:26:12,61.2,33.1,68.66881000000001,0
16:26:13,61.5,33.1,68.79416,0
16:26:14,61.6,33.1,68.83342999999999,0
16:26:15,61.8,33,69.01747,0
16:26:16,61.9,33,69.14188,0
16:26:17,62,33,69.1667,0
16:26:18,62,33,69.19708,0
16:26:19,62,33,69.14308,0
16:26:20,62.1,32.9,69.02296,0
16:26:21,62.2,32.9,68.88227,0
16:26:22,62.2,32.9,68.68684,0
16:26:23,62.1,32.9,68.42791,0
16:26:24,62,32.9,68.0761,0
16:26:25,61.9,32.8,67.78418,0
16:26:26,61.7,32.8,67.38766000000001,0
16:26:27,61.6,32.8,67.01568,0
16:26:28,61.6,32.8,66.57948,0
16:26:29,60.9,32.8,66.11467,0
16:26:30,60.9,32.8,65.65449,0
16:26:31,60.4,32.7,65.21221,0
16:26:32,60.4,32.7,65.21221,0
16:26:33,59.6,32.7,64.68965,0
16:26:34,59.2,32.7,64.28044,0
16:26:35,59.2,32.7,64.16081,0
16:26:36,58.9,32.7,63.712990000000005,0
16:26:37,58.1,32.6,63.204519999999995,0
16:26:38,57.8,32.6,62.705330000000004,0
16:26:39,57.3,32.6,62.13594,0
16:26:40,56.9,32.6,61.61469,0
16:26:41,56.2,32.5,61.0877,0
16:26:42,55.8,32.5,60.61729999999999,0
16:26:43,55.4,32.5,60.14439,0
16:26:44,55.1,32.5,59.68077,0
16:26:45,54.7,32.5,59.28747,0
16:26:46,54.4,32.4,58.91115,0
16:26:47,54.4,32.4,58.56355,0
16:26:48,53.8,32.4,58.31211,0
16:26:49,53.8,32.4,58.08069999999999,0
16:26:50,53.1,32.3,57.895160000000004,0
16:26:51,52.9,32.3,57.70111,0
16:26:52,52.9,32.3,57.59363,0
16:26:53,52.7,32.3,57.481139999999996,0
16:26:54,52.4,32.3,57.39911,0
16:26:55,52.2,32.3,57.30499999999999,0
16:26:56,52.1,32.2,57.253969999999995,0
16:26:57,52,32.2,57.244150000000005,0
16:26:58,51.9,32.2,57.24213,0
16:26:59,51.8,32.2,57.257630000000006,0
16:27:00,51.7,32.2,57.22390000000001,0
16:27:01,51.6,32.1,57.23844999999999,0
16:27:02,51.5,32.1,57.22758,0
16:27:03,51.5,32.1,57.27592,0
16:27:04,51.4,32,57.26453,0
16:27:05,51.4,32,57.264559999999996,0
16:27:06,51.4,32,57.2959,0
16:27:07,51.3,32,57.37223,0
16:27:08,51.3,32,57.43732,0
16:27:09,51.3,32,57.49816,0
16:27:10,51.3,32,57.550749999999994,0
16:27:11,51.3,31.9,57.67102,0
16:27:12,51.3,31.9,57.737649999999995,0
16:27:13,51.3,31.9,57.808130000000006,0
16:27:14,51.3,31.8,57.86222,0
16:27:15,51.3,31.8,57.9473,0
16:27:16,51.3,31.8,58.003550000000004,0
16:27:17,51.3,31.8,58.05805000000001,0
16:27:18,51.3,31.7,58.05805000000001,0
16:27:19,51.3,31.7,58.10045,0
16:27:20,51.3,31.7,58.145230000000005,0
16:27:21,51.3,31.7,58.122339999999994,0
16:27:22,51.3,31.7,58.166019999999996,0
16:27:23,51.4,31.6,58.204789999999996,0
16:27:24,51.4,31.6,58.24887,0
16:27:25,51.4,31.6,58.208760000000005,0
16:27:26,51.4,31.6,58.217,0
16:27:27,51.4,31.5,58.20791,0
16:27:28,51.4,31.5,58.205470000000005,0
16:27:29,51.4,31.5,58.194939999999995,0
16:27:30,51.4,31.5,58.2059,0
16:27:31,51.4,31.5,58.217839999999995,0
16:27:32,51.5,31.4,58.210879999999996,0
16:27:33,51.5,31.4,58.24036,0
16:27:34,51.5,31.4,58.227039999999995,0
16:27:35,51.5,31.4,58.242740000000005,0
16:27:36,51.5,31.4,58.23361,0
16:27:37,51.5,31.3,58.232609999999994,0
16:27:38,51.5,31.3,58.21288,0
16:27:39,51.5,31.3,58.17095,0
16:27:40,51.5,31.3,58.19289,0
16:27:41,51.5,31.3,58.18162,0
16:27:42,51.5,31.2,58.16056,0
16:27:43,51.5,31.2,58.16283,0
16:27:44,51.5,31.2,58.178819999999995,0
16:27:45,51.5,31.2,58.18557,0
16:27:46,51.5,31.2,58.15129999999999,0
16:27:47,51.5,31.2,58.12911,0
16:27:48,51.5,31.1,58.10538,0
16:27:49,51.5,31.1,58.108579999999996,0
16:27:50,51.5,31.1,58.071870000000004,0
16:27:51,51.5,31.1,58.03544000000001,0
16:27:52,51.5,31,58.00337,0
16:27:53,51.5,31,57.98337,0
16:27:54,51.4,31,57.92894,0
16:27:55,51.4,31,57.94469,0
16:27:56,51.4,31,57.901340000000005,0
16:27:57,51.4,30.9,57.8964,0
16:27:58,51.4,30.9,57.839870000000005,0
16:27:59,51.4,30.9,57.81138,0
16:28:00,51.4,30.9,57.766059999999996,0
16:28:01,51.4,30.9,57.726310000000005,0
16:28:02,51.3,30.9,57.69802000000001,0
16:28:03,51.3,30.9,57.69802000000001,0
16:28:04,51.3,30.8,57.65981,0
16:28:05,51.3,30.8,57.61774,0
16:28:06,51.2,30.8,57.55667,0
16:28:07,51.2,30.8,57.5854,0
16:28:08,51.2,30.8,57.55724,0
16:28:09,51.2,30.7,57.51233,0
16:28:10,51.2,30.7,57.423939999999995,0
16:28:11,51.1,30.7,57.394639999999995,0
16:28:12,51.1,30.7,57.33735,0
16:28:13,51,30.6,57.300779999999996,0
16:28:14,51,30.6,57.25331,0
16:28:15,51,30.6,57.19554,0
16:28:16,51,30.6,57.12296,0
16:28:17,50.9,30.6,57.08175,0
16:28:18,50.9,30.6,57.022099999999995,0
16:28:19,50.8,30.5,57.01582,0
16:28:20,50.8,30.5,56.991440000000004,0
16:28:21,50.8,30.5,56.95802,0
16:28:22,50.7,30.5,56.92693,0
16:28:23,50.7,30.5,56.842060000000004,0
16:28:24,50.7,30.5,56.819509999999994,0
16:28:25,50.7,30.5,56.765100000000004,0
16:28:26,50.6,30.4,56.73987,0
16:28:27,50.6,30.4,56.6948,0
16:28:28,50.6,30.4,56.652210000000004,0
16:28:29,50.5,30.4,56.5748,0
16:28:30,50.5,30.3,56.59427,0
16:28:31,50.5,30.3,56.51059000000001,0
16:28:32,50.4,30.3,56.49594,0
16:28:33,50.4,30.3,56.405879999999996,0
16:28:34,50.3,30.3,56.35977,0
16:28:35,50.3,30.3,56.31223,0
16:28:36,50.3,30.2,56.24062,0
16:28:37,50.2,30.2,56.188039999999994,0
16:28:38,50.2,30.2,56.12433,0
16:28:39,50.2,30.2,56.089560000000006,0
16:28:40,50.2,30.2,56.018809999999995,0
16:28:41,50.1,30.1,55.92757,0
16:28:42,50,30.1,55.95624,0
16:28:43,50,30.1,55.91912,0
16:28:44,50,30.1,55.8965,0
16:28:45,49.9,30.1,55.866479999999996,0
16:28:46,49.9,30,55.89623,0
16:28:47,49.9,30,55.86489999999999,0
16:28:48,49.9,30,55.86489999999999,0
16:28:49,49.8,30,55.89298,0
16:28:50,49.8,30,55.88168,0
16:28:51,49.8,30,55.84215999999999,0
16:28:52,49.8,29.9,55.84905,0
16:28:53,49.8,29.9,55.79044,0
16:28:54,49.8,29.9,55.84269,0
16:28:55,49.8,29.9,55.81999,0
16:28:56,49.8,29.9,55.795950000000005,0
16:28:57,49.8,29.9,55.75755,0
16:28:58,49.7,29.8,55.739689999999996,0
16:28:59,49.7,29.8,55.771950000000004,0
16:29:00,49.7,29.8,55.73127,0
16:29:01,49.7,29.8,55.74669,0
16:29:02,49.7,29.8,55.688610000000004,0
16:29:03,49.7,29.8,55.689429999999994,0
16:29:04,49.7,29.7,55.65135,0
16:29:05,49.7,29.7,55.61805,0
16:29:06,49.7,29.7,55.61133,0
16:29:07,49.7,29.7,55.62513,0
16:29:08,49.7,29.7,55.577,0
16:29:09,49.7,29.7,55.57225999999999,0
16:29:10,49.6,29.6,55.52515999999999,0
16:29:11,49.6,29.6,55.513270000000006,0
16:29:12,49.6,29.6,55.41242,0
16:29:13,49.6,29.6,55.3457,0
16:29:14,49.6,29.6,55.24292,0
16:29:15,49.5,29.5,55.22903,0
16:29:16,49.5,29.5,55.146770000000004,0
16:29:17,49.5,29.5,55.0909,0
16:29:18,49.5,29.5,55.02444,0
16:29:19,49.4,29.5,54.95862,0
16:29:20,49.4,29.5,54.885209999999994,0
16:29:21,49.3,29.5,54.82566,0
16:29:22,49.2,29.4,54.773590000000006,0
16:29:23,49.1,29.4,54.729760000000006,0
16:29:24,49.1,29.4,54.63874,0
16:29:25,49.1,29.4,54.62013999999999,0
16:29:26,49,29.4,54.55194,0
16:29:27,49,29.3,54.50712,0
16:29:28,48.9,29.3,54.42943999999999,0
16:29:29,48.9,29.3,54.415769999999995,0
16:29:30,48.8,29.3,54.328050000000005,0
16:29:31,48.8,29.3,54.29602,0
16:29:32,48.8,29.3,54.21595,0
16:29:33,48.7,29.2,54.21595,0
16:29:34,48.6,29.2,54.127069999999996,0
16:29:35,48.6,29.2,54.100789999999996,0
16:29:36,48.6,29.2,54.045500000000004,0
16:29:37,48.5,29.2,54.01084,0
16:29:38,48.4,29.2,54.005840000000006,0
16:29:39,48.4,29.1,53.92784,0
16:29:40,48.4,29.1,53.90194,0
16:29:41,48.4,29.1,53.85109,0
16:29:42,48.3,29.1,53.778780000000005,0
16:29:43,48.2,29.1,53.71354,0
16:29:44,48.2,29.1,53.656760000000006,0
16:29:45,48.2,29,53.60357,0
16:29:46,48.1,29,53.55961,0
16:29:47,48.1,29,53.49294999999999,0
16:29:48,48.1,29,53.435739999999996,0
16:29:49,48.1,29,53.3794,0
16:29:50,48,29,53.297419999999995,0
16:29:51,48,29,53.250949999999996,0
16:29:52,47.9,28.9,53.203160000000004,0
16:29:53,47.8,28.9,53.11449,0
16:29:54,47.8,28.9,53.060629999999996,0
16:29:55,47.8,28.9,52.99958,0
16:29:56,47.8,28.9,52.94858,0
16:29:57,47.7,28.9,52.89048,0
16:29:58,47.6,28.8,52.84221,0
16:29:59,47.6,28.8,52.801050000000004,0
16:30:00,47.6,28.8,52.78853,0
16:30:01,47.5,28.8,52.747730000000004,0
16:30:02,47.5,28.8,52.70737,0
16:30:03,47.4,28.7,52.65291,0
16:30:04,47.4,28.7,52.58966,0
16:30:05,47.3,28.7,52.55618,0
16:30:06,47.3,28.7,52.543969999999995,0
16:30:07,47.3,28.7,52.480850000000004,0
16:30:08,47.3,28.7,52.431709999999995,0
16:30:09,47.2,28.7,52.40197,0
16:30:10,47.2,28.6,52.36045,0
16:30:11,47.2,28.6,52.339259999999996,0
16:30:12,47.2,28.6,52.310469999999995,0
16:30:13,47.1,28.6,52.2859,0
16:30:14,47.1,28.6,52.245059999999995,0
16:30:15,47.1,28.6,52.22088,0
16:30:16,47.1,28.5,52.198829999999994,0
16:30:17,47.1,28.5,52.17227,0
16:30:18,47,28.5,52.17227,0
16:30:19,47,28.5,52.143989999999995,0
16:30:20,47,28.5,52.11677,0
16:30:21,47,28.5,52.10819,0
16:30:22,47,28.5,52.086279999999995,0
16:30:23,47,28.4,52.06631,0
16:30:24,46.9,28.4,52.05018999999999,0
16:30:25,46.9,28.4,52.059200000000004,0
16:30:26,46.9,28.4,52.01059,0
16:30:27,46.9,28.4,51.95305,0
16:30:28,46.9,28.4,51.927690000000005,0
16:30:29,46.9,28.3,51.86952,0
16:30:30,46.9,28.3,51.85008,0
16:30:31,46.9,28.3,51.844449999999995,0
16:30:32,46.8,28.3,51.784169999999996,0
16:30:33,46.8,28.3,51.75661,0
16:30:34,46.8,28.3,51.695769999999996,0
16:30:35,46.8,28.3,51.736459999999994,0
16:30:36,46.8,28.2,51.69416,0
16:30:37,46.8,28.2,51.608290000000004,0
16:30:38,46.7,28.2,51.581900000000005,0
16:30:39,46.7,28.2,51.55168,0
16:30:40,46.7,28.2,51.52129,0
16:30:41,46.7,28.2,51.49763000000001,0
16:30:42,46.7,28.1,51.43001,0
16:30:43,46.6,28.1,51.43812,0
16:30:44,46.6,28.1,51.406969999999994,0
16:30:45,46.6,28.1,51.37571,0
16:30:46,46.6,28.1,51.388999999999996,0
16:30:47,46.6,28.1,51.3395,0
16:30:48,46.6,28.1,51.30185,0
16:30:49,46.5,28,51.273230000000005,0
16:30:50,46.5,28,51.245439999999995,0
16:30:51,46.5,28,51.208299999999994,0
16:30:52,46.5,28,51.16187,0
16:30:53,46.5,28,51.13803,0
16:30:54,46.5,28,51.07917,0
16:30:55,46.5,28,51.02059,0
16:30:56,46.4,28,50.986399999999996,0
16:30:57,46.4,27.9,50.98781,0
16:30:58,46.4,27.9,50.970020000000005,0
16:30:59,46.4,27.9,50.902789999999996,0
16:31:00,46.3,27.9,50.86991,0
16:31:01,46.3,27.9,50.81987,0
16:31:02,46.3,27.9,50.78956,0
16:31:03,46.3,27.9,50.78956,0
16:31:04,46.3,27.8,50.75373,0
16:31:05,46.2,27.8,50.73341,0
16:31:06,46.2,27.8,50.69234,0
16:31:07,46.2,27.8,50.70487,0
16:31:08,46.2,27.8,50.739900000000006,0
16:31:09,46.2,27.8,50.76382,0
16:31:10,46.2,27.8,50.68401,0
16:31:11,46.2,27.7,50.68275,0
16:31:12,46.2,27.7,50.69005,0
16:31:13,46.2,27.7,50.72604,0
16:31:14,46.2,27.7,50.746959999999994,0
16:31:15,46.2,27.7,50.74204,0
16:31:16,46.2,27.7,50.74381,0
16:31:17,46.2,27.7,50.75938,0
16:31:18,46.2,27.7,50.7949,0
16:31:19,46.2,27.7,50.78884,0
16:31:20,46.2,27.6,50.794320000000006,0
16:31:21,46.2,27.6,50.804680000000005,0
16:31:22,46.3,27.6,50.8121,0
16:31:23,46.3,27.6,50.819689999999994,0
16:31:24,46.3,27.6,50.793310000000005,0
16:31:25,46.3,27.6,50.7949,0
16:31:26,46.3,27.6,50.75841,0
16:31:27,46.3,27.5,50.793600000000005,0
16:31:28,46.3,27.5,50.76602,0
16:31:29,46.3,27.5,50.804680000000005,0
16:31:30,46.4,27.5,50.787400000000005,0
16:31:31,46.4,27.5,50.77526999999999,0
16:31:32,46.4,27.5,50.77435,0
16:31:33,46.4,27.5,50.747370000000004,0
16:31:34,46.4,27.5,50.74373,0
16:31:35,46.4,27.5,50.75526,0
16:31:36,46.4,27.5,50.68394000000001,0
16:31:37,46.4,27.5,50.71013,0
16:31:38,46.4,27.4,50.6773,0
16:31:39,46.4,27.4,50.686730000000004,0
16:31:40,46.4,27.4,50.64417,0
16:31:41,46.4,27.4,50.653749999999995,0
16:31:42,46.4,27.4,50.663979999999995,0
16:31:43,46.4,27.4,50.63351,0
16:31:44,46.5,27.4,50.607789999999994,0
16:31:45,46.5,27.3,50.63742,0
16:31:46,46.5,27.3,50.60066,0
16:31:47,46.5,27.3,50.634009999999996,0
16:31:48,46.5,27.3,50.60461000000001,0
16:31:49,46.5,27.3,50.60461000000001,0
16:31:50,46.5,27.3,50.60687,0
16:31:51,46.5,27.3,50.544219999999996,0
16:31:52,46.5,27.3,50.550799999999995,0
16:31:53,46.5,27.3,50.55945,0
16:31:54,46.5,27.2,50.52409,0
16:31:55,46.5,27.2,50.52638,0
16:31:56,46.5,27.2,50.53337,0
16:31:57,46.5,27.2,50.50165,0
16:31:58,46.5,27.2,50.513180000000006,0
16:31:59,46.5,27.2,50.52019,0
16:32:00,46.5,27.2,50.49481,0
16:32:01,46.5,27.2,50.48547,0
16:32:02,46.5,27.2,50.437909999999995,0
16:32:03,46.5,27.2,50.41015,0
16:32:04,46.5,27.1,50.38067,0
16:32:05,46.5,27.1,50.379960000000004,0
16:32:06,46.5,27.1,50.298089999999995,0
16:32:07,46.5,27.1,50.29747,0
16:32:08,46.5,27.1,50.26303,0
16:32:09,46.5,27.1,50.273900000000005,0
16:32:10,46.5,27.1,50.23986,0
16:32:11,46.5,27.1,50.22624999999999,0
16:32:12,46.5,27.1,50.16378,0
16:32:13,46.5,27.1,50.108509999999995,0
16:32:14,46.5,27,50.08294,0
16:32:15,46.5,27,50.024570000000004,0
16:32:16,46.5,27,50.022690000000004,0
16:32:17,46.5,27,49.99891,0
16:32:18,46.5,27,49.96677,0
16:32:19,46.4,27,49.91636,0
16:32:20,46.4,27,49.96598,0
16:32:21,46.4,27,49.93331,0
16:32:22,46.4,27,49.87311,0
16:32:23,46.4,27,49.87647,0
16:32:24,46.4,27,49.82864,0
16:32:25,46.3,26.9,49.83316,0
16:32:26,46.3,26.9,49.78831,0
16:32:27,46.3,26.9,49.772169999999996,0
16:32:28,46.3,26.9,49.71545,0
16:32:29,46.3,26.9,49.7744,0
16:32:30,46.3,26.9,49.73865,0
16:32:31,46.3,26.9,49.699510000000004,0
16:32:32,46.3,26.9,49.63308,0
16:32:33,46.3,26.9,49.63346,0
16:32:34,46.2,26.9,49.63346,0
16:32:35,46.2,26.9,49.64496,0
16:32:36,46.2,26.9,49.57698,0
16:32:37,46.2,26.8,49.569449999999996,0
16:32:38,46.2,26.8,49.52863,0
16:32:39,46.2,26.8,49.49754,0
16:32:40,46.2,26.8,49.48821,0
16:32:41,46.2,26.8,49.47282,0
16:32:42,46.2,26.8,49.43632,0
16:32:43,46.2,26.8,49.44106,0
16:32:44,46.2,26.8,49.40795,0
16:32:45,46.1,26.8,49.370799999999996,0
16:32:46,46.1,26.8,49.35026,0
16:32:47,46.1,26.8,49.32046,0
16:32:48,46.1,26.8,49.27592,0
16:32:49,46.1,26.7,49.22792,0
16:32:50,46.1,26.7,49.23814,0
16:32:51,46.1,26.7,49.15776,0
16:32:52,46,26.7,49.09979,0
16:32:53,46,26.7,49.03027,0
16:32:54,46,26.7,48.90889,0
16:32:55,45.9,26.7,48.843779999999995,0
16:32:56,45.9,26.7,48.74665,0
16:32:57,45.9,26.7,48.70422,0
16:32:58,45.8,26.7,48.64779,0
16:32:59,45.7,26.7,48.621449999999996,0
16:33:00,45.7,26.7,48.5836,0
16:33:01,45.7,26.7,48.58319,0
16:33:02,45.6,26.6,48.550219999999996,0
16:33:03,45.6,26.6,48.52167,0
16:33:04,45.6,26.6,48.53197,0
16:33:05,45.6,26.6,48.49565,0
16:33:06,45.5,26.6,48.46248,0
16:33:07,45.5,26.6,48.44171,0
16:33:08,45.5,26.6,48.41739,0
16:33:09,45.5,26.6,48.44178,0
16:33:10,45.4,26.6,48.41566,0
16:33:11,45.4,26.6,48.39768,0
16:33:12,45.4,26.6,48.370990000000006,0
16:33:13,45.4,26.6,48.30959,0
16:33:14,45.4,26.6,48.32687,0
16:33:15,45.4,26.5,48.31698,0
16:33:16,45.4,26.5,48.28863,0
16:33:17,45.4,26.5,48.26178,0
16:33:18,45.4,26.5,48.25726,0
16:33:19,45.4,26.5,48.25726,0
16:33:20,45.4,26.5,48.23131,0
16:33:21,45.4,26.5,48.236580000000004,0
16:33:22,45.3,26.5,48.17274,0
16:33:23,45.3,26.5,48.113,0
16:33:24,45.3,26.5,48.05645,0
16:33:25,45.3,26.5,48.012510000000006,0
16:33:26,45.3,26.5,47.94977,0
16:33:27,45.2,26.5,47.89275,0
16:33:28,45.2,26.5,47.8236,0
16:33:29,45.2,26.4,47.76842,0
16:33:30,45.1,26.4,47.7433,0
16:33:31,45.1,26.4,47.67063,0
16:33:32,45,26.4,47.59564,0
16:33:33,45,26.4,47.53792,0
16:33:34,45,26.4,47.47946,0
16:33:35,44.9,26.4,47.43386,0
16:33:36,44.8,26.4,47.36419,0
16:33:37,44.8,26.4,47.32828,0
16:33:38,44.8,26.4,47.27004,0
16:33:39,44.8,26.4,47.20986,0
16:33:40,44.7,26.4,47.16702,0
16:33:41,44.6,26.4,47.11728,0
16:33:42,44.6,26.4,47.10994,0
16:33:43,44.6,26.4,47.05785,0
16:33:44,44.5,26.3,46.99739,0
16:33:45,44.5,26.3,47.00883,0
16:33:46,44.5,26.3,46.98181,0
16:33:47,44.5,26.3,46.98099,0
16:33:48,44.5,26.3,46.942,0
16:33:49,44.4,26.3,46.911789999999996,0
16:33:50,44.4,26.3,46.91138,0
16:33:51,44.4,26.3,46.85067,0
16:33:52,44.4,26.3,46.81904,0
16:33:53,44.3,26.3,46.82637,0
16:33:54,44.3,26.3,46.82864,0
16:33:55,44.3,26.3,46.77268,0
16:33:56,44.3,26.3,46.75771,0
16:33:57,44.3,26.3,46.74916,0
16:33:58,44.3,26.3,46.78466,0
16:33:59,44.3,26.2,46.761160000000004,0
16:34:00,44.3,26.2,46.75762,0
16:34:01,44.3,26.2,46.7584,0
16:34:02,44.2,26.2,46.7337,0
16:34:03,44.2,26.2,46.70551,0
16:34:04,44.2,26.2,46.681070000000005,0
16:34:05,44.2,26.2,46.681070000000005,0
16:34:06,44.2,26.2,46.64452,0
16:34:07,44.2,26.2,46.67699,0
16:34:08,44.2,26.2,46.703070000000004,0
16:34:09,44.2,26.2,46.66303,0
16:34:10,44.2,26.2,46.65761,0
16:34:11,44.2,26.2,46.68468,0
16:34:12,44.2,26.2,46.68593,0
16:34:13,44.2,26.2,46.65585,0
16:34:14,44.2,26.2,46.66312,0
16:34:15,44.2,26.2,46.65652,0
16:34:16,44.2,26.2,46.66193,0
16:34:17,44.2,26.1,46.64646,0
16:34:18,44.2,26.1,46.64886,0
16:34:19,44.2,26.1,46.618500000000004,0
16:34:20,44.2,26.1,46.62162,0
16:34:21,44.2,26.1,46.58969,0
16:34:22,44.2,26.1,46.59492,0
16:34:23,44.2,26.1,46.59286,0
16:34:24,44.2,26.1,46.55764,0
16:34:25,44.2,26.1,46.56514,0
16:34:26,44.2,26.1,46.563500000000005,0
16:34:27,44.2,26.1,46.520289999999996,0
16:34:28,44.2,26.1,46.491260000000004,0
16:34:29,44.2,26.1,46.49567,0
16:34:30,44.2,26.1,46.47443,0
16:34:31,44.2,26.1,46.461619999999996,0
16:34:32,44.2,26.1,46.44437,0
16:34:33,44.2,26.1,46.391510000000004,0
16:34:34,44.2,26.1,46.41367,0
16:34:35,44.2,26,46.35222,0
16:34:36,44.2,26,46.35725,0
16:34:37,44.2,26,46.28214,0
16:34:38,44.2,26,46.30134,0
16:34:39,44.2,26,46.233419999999995,0
16:34:40,44.2,26,46.233360000000005,0
16:34:41,44.1,26,46.23832,0
16:34:42,44.1,26,46.193780000000004,0
16:34:43,44.1,26,46.20939,0
16:34:44,44.1,26,46.207100000000004,0
16:34:45,44.1,26,46.241080000000004,0
16:34:46,44.1,26,46.21148,0
16:34:47,44.1,26,46.189229999999995,0
16:34:48,44.1,26,46.20785,0
16:34:49,44.1,26,46.22619,0
16:34:50,44.1,26,46.22619,0
16:34:51,44.1,26,46.220420000000004,0
16:34:52,44.1,26,46.2276,0
16:34:53,44.1,26,46.23,0
16:34:54,44.1,26,46.23012,0
16:34:55,44.1,26,46.2668,0
16:34:56,44.1,25.9,46.263749999999995,0
16:34:57,44.1,25.9,46.275909999999996,0
16:34:58,44.1,25.9,46.24879,0
16:34:59,44.1,25.9,46.23008,0
16:35:00,44.1,25.9,46.2451,0
16:35:01,44.1,25.9,46.22748,0
16:35:02,44.1,25.9,46.24631,0
16:35:03,44.1,25.9,46.209810000000004,0
16:35:04,44.1,25.9,46.2376,0
16:35:05,44.2,25.9,46.21728,0
16:35:06,44.2,25.9,46.186899999999994,0
16:35:07,44.2,25.9,46.194590000000005,0
16:35:08,44.2,25.9,46.20354,0
16:35:09,44.2,25.9,46.20057,0
16:35:10,44.2,25.9,46.18383,0
16:35:11,44.2,25.9,46.19601,0
16:35:12,44.2,25.9,46.16129,0
16:35:13,44.2,25.9,46.18844,0
16:35:14,44.2,25.9,46.18464,0
16:35:15,44.2,25.9,46.182469999999995,0
16:35:16,44.2,25.9,46.21433,0
16:35:17,44.2,25.9,46.206649999999996,0
16:35:18,44.2,25.9,46.21025,0
16:35:19,44.2,25.9,46.173500000000004,0
16:35:20,44.2,25.8,46.18144,0
16:35:21,44.2,25.8,46.179120000000005,0
16:35:22,44.2,25.8,46.14842,0
16:35:23,44.2,25.8,46.15101,0
16:35:24,44.2,25.8,46.16117,0
16:35:25,44.2,25.8,46.10998,0
16:35:26,44.2,25.8,46.117039999999996,0
16:35:27,44.2,25.8,46.07769,0
16:35:28,44.2,25.8,46.078340000000004,0
16:35:29,44.2,25.8,46.089020000000005,0
16:35:30,44.2,25.8,46.059400000000004,0
16:35:31,44.2,25.8,46.0581,0
16:35:32,44.3,25.8,46.067550000000004,0
16:35:33,44.3,25.8,46.07504,0
16:35:34,44.3,25.8,46.021499999999996,0
16:35:35,44.3,25.8,46.021499999999996,0
16:35:36,44.3,25.8,46.017340000000004,0
16:35:37,44.2,25.8,46.01408,0
16:35:38,44.2,25.8,45.999030000000005,0
16:35:39,44.2,25.8,45.94791,0
16:35:40,44.2,25.8,45.97463,0
16:35:41,44.2,25.8,45.92645,0
16:35:42,44.2,25.8,45.9519,0
16:35:43,44.2,25.8,45.94346,0
16:35:44,44.2,25.8,45.90575,0
16:35:45,44.2,25.8,45.88494,0
16:35:46,44.2,25.8,45.88795,0
16:35:47,44.2,25.8,45.89705,0
16:35:48,44.2,25.7,45.86248,0
16:35:49,44.2,25.7,45.8262,0
16:35:50,44.2,25.7,45.80218,0
16:35:51,44.2,25.7,45.85603,0
16:35:52,44.2,25.7,45.82312,0
16:35:53,44.2,25.7,45.788309999999996,0
16:35:54,44.2,25.7,45.79907,0
16:35:55,44.2,25.7,45.76974,0
16:35:56,44.2,25.7,45.739689999999996,0
16:35:57,44.2,25.7,45.7046,0
16:35:58,44.2,25.7,45.6858,0
16:35:59,44.2,25.7,45.6858,0
16:36:00,44.1,25.7,45.673700000000004,0
16:36:01,44.1,25.7,45.668730000000004,0
16:36:02,44.1,25.7,45.64107,0
16:36:03,44.1,25.7,45.609919999999995,0
16:36:04,44.1,25.7,45.60152,0
16:36:05,44.1,25.7,45.61607,0
16:36:06,44.1,25.7,45.589659999999995,0
16:36:07,44.1,25.7,45.546009999999995,0
16:36:08,44.1,25.7,45.57889,0
16:36:09,44.1,25.7,45.52427,0
16:36:10,44.1,25.7,45.51592,0
16:36:11,44.1,25.7,45.465,0
16:36:12,44,25.7,45.40882,0
16:36:13,44,25.7,45.407469999999996,0
16:36:14,44,25.7,45.37337,0
16:36:15,44,25.7,45.344139999999996,0
16:36:16,44,25.7,45.312560000000005,0
16:36:17,43.9,25.7,45.32777,0
16:36:18,43.9,25.7,45.291720000000005,0
16:36:19,43.9,25.7,45.22542,0
16:36:20,43.9,25.6,45.22542,0
16:36:21,43.9,25.6,45.23014,0
16:36:22,43.8,25.6,45.168730000000004,0
16:36:23,43.8,25.6,45.17003,0
16:36:24,43.8,25.6,45.11274,0
16:36:25,43.8,25.6,45.08262,0
16:36:26,43.8,25.6,45.033770000000004,0
16:36:27,43.8,25.6,45.033060000000006,0
16:36:28,43.7,25.6,44.961909999999996,0
16:36:29,43.7,25.6,44.85536,0
16:36:30,43.6,25.6,44.79067,0
16:36:31,43.6,25.6,44.73742,0
16:36:32,43.6,25.6,44.65539,0
16:36:33,43.5,25.6,44.56928,0
16:36:34,43.5,25.6,44.551629999999996,0
16:36:35,43.4,25.6,44.5134,0
16:36:36,43.3,25.6,44.47085,0
16:36:37,43.3,25.6,44.41738,0
16:36:38,43.2,25.6,44.33987,0
16:36:39,43.2,25.6,44.285419999999995,0
16:36:40,43.1,25.6,44.25898,0
16:36:41,43.1,25.6,44.222280000000005,0
16:36:42,43,25.6,44.23645,0
16:36:43,43,25.6,44.22927,0
16:36:44,43,25.6,44.21676,0
16:36:45,43,25.6,44.249500000000005,0
16:36:46,42.9,25.6,44.21468,0
16:36:47,42.9,25.6,44.24758,0
16:36:48,42.9,25.6,44.24924,0
16:36:49,42.9,25.6,44.25309,0
16:36:50,42.9,25.6,44.24788,0
16:36:51,42.9,25.6,44.25295,0
16:36:52,42.9,25.6,44.20744,0
16:36:53,42.9,25.6,44.256820000000005,0
16:36:54,42.9,25.6,44.25296,0
16:36:55,42.9,25.6,44.24215,0
16:36:56,42.9,25.6,44.2023,0
16:36:57,42.9,25.6,44.20853,0
16:36:58,42.9,25.6,44.17987,0
16:36:59,42.9,25.6,44.20196,0
16:37:00,42.9,25.5,44.23628,0
16:37:01,42.9,25.5,44.222139999999996,0
16:37:02,42.9,25.5,44.25394,0
16:37:03,42.9,25.5,44.24287,0
16:37:04,42.9,25.5,44.251509999999996,0
16:37:05,42.9,25.5,44.251509999999996,0
16:37:06,42.9,25.5,44.25426,0
16:37:07,42.9,25.5,44.2453,0
16:37:08,42.9,25.5,44.19984,0
16:37:09,42.9,25.5,44.18119,0
16:37:10,42.9,25.5,44.212180000000004,0
16:37:11,42.9,25.5,44.18005,0
16:37:12,42.9,25.5,44.16958,0
16:37:13,42.9,25.5,44.17677,0
16:37:14,42.9,25.5,44.14508,0
16:37:15,42.9,25.5,44.1147,0
16:37:16,42.9,25.5,44.11974,0
16:37:17,42.9,25.5,44.122640000000004,0
16:37:18,42.9,25.5,44.1089,0
16:37:19,42.9,25.5,44.121559999999995,0
16:37:20,42.9,25.5,44.12337,0
16:37:21,42.9,25.5,44.13846,0
16:37:22,42.9,25.5,44.11596,0
16:37:23,42.9,25.5,44.135419999999996,0
16:37:24,42.9,25.5,44.10598,0
16:37:25,42.9,25.5,44.11414,0
16:37:26,42.9,25.5,44.14221,0
16:37:27,42.9,25.5,44.115500000000004,0
16:37:28,42.9,25.5,44.1464,0
16:37:29,42.9,25.5,44.09152,0
16:37:30,42.9,25.5,44.10839,0
16:37:31,42.9,25.5,44.13584,0
16:37:32,42.9,25.5,44.11448,0
16:37:33,42.9,25.5,44.10027,0
16:37:34,42.9,25.5,44.08976,0
16:37:35,42.9,25.5,44.099270000000004,0
16:37:36,42.9,25.5,44.076769999999996,0
16:37:37,42.9,25.5,44.070350000000005,0
16:37:38,42.9,25.5,44.05836,0
16:37:39,42.9,25.5,44.094100000000005,0
16:37:40,42.9,25.5,44.049569999999996,0
16:37:41,42.9,25.5,44.038450000000005,0
16:37:42,42.9,25.5,44.03203,0
16:37:43,42.9,25.5,44.022040000000004,0
16:37:44,42.9,25.5,44.004290000000005,0
16:37:45,42.9,25.5,43.97551,0
16:37:46,42.9,25.5,43.98727,0
16:37:47,42.9,25.5,43.93723,0
16:37:48,42.9,25.4,43.94779,0
16:37:49,42.9,25.4,43.93368,0
16:37:50,42.9,25.4,43.903,0
16:37:51,42.9,25.4,43.903,0
16:37:52,42.9,25.4,43.86714,0
16:37:53,42.8,25.4,43.84977,0
16:37:54,42.8,25.4,43.82433,0
16:37:55,42.8,25.4,43.78371,0
16:37:56,42.8,25.4,43.79659,0
16:37:57,42.8,25.4,43.7398,0
16:37:58,42.8,25.4,43.75599,0
16:37:59,42.8,25.4,43.75605,0
16:38:00,42.8,25.4,43.76303,0
16:38:01,42.7,25.4,43.75465,0
16:38:02,42.7,25.4,43.70285,0
16:38:03,42.7,25.4,43.71043,0
16:38:04,42.7,25.4,43.704769999999996,0
16:38:05,42.7,25.4,43.66897,0
16:38:06,42.7,25.4,43.674420000000005,0
16:38:07,42.7,25.4,43.647000000000006,0
16:38:08,42.7,25.4,43.635220000000004,0
16:38:09,42.7,25.4,43.57121,0
16:38:10,42.7,25.4,43.58952,0
16:38:11,42.6,25.4,43.5167,0
16:38:12,42.6,25.4,43.518829999999994,0
16:38:13,42.6,25.4,43.462469999999996,0
16:38:14,42.6,25.4,43.47162,0
16:38:15,42.6,25.4,43.46915,0
16:38:16,42.5,25.4,43.42376,0
16:38:17,42.5,25.4,43.4242,0
16:38:18,42.5,25.4,43.40001,0
16:38:19,42.5,25.4,43.38246,0
16:38:20,42.5,25.4,43.36703,0
16:38:21,42.5,25.4,43.374340000000004,0
16:38:22,42.5,25.4,43.386269999999996,0
16:38:23,42.4,25.4,43.3382,0
16:38:24,42.4,25.4,43.32822,0
16:38:25,42.4,25.4,43.33385,0
16:38:26,42.4,25.4,43.27355,0
16:38:27,42.4,25.4,43.2566,0
16:38:28,42.4,25.4,43.2501,0
16:38:29,42.4,25.4,43.25493,0
16:38:30,42.4,25.4,43.24676,0
16:38:31,42.3,25.4,43.2441,0
16:38:32,42.3,25.4,43.203219999999995,0
16:38:33,42.3,25.4,43.20633,0
16:38:34,42.3,25.4,43.222120000000004,0
16:38:35,42.3,25.4,43.20797,0
16:38:36,42.3,25.4,43.20797,0
16:38:37,42.3,25.4,43.2187,0
16:38:38,42.3,25.4,43.2117,0
16:38:39,42.3,25.4,43.20818,0
16:38:40,42.2,25.4,43.20939,0
16:38:41,42.2,25.4,43.16853,0
16:38:42,42.2,25.4,43.2753,0
16:38:43,42.2,25.4,43.26397,0
16:38:44,42.2,25.4,43.25478,0
16:38:45,42.2,25.3,43.242960000000004,0
16:38:46,42.2,25.3,43.27807,0
16:38:47,42.2,25.3,43.30792,0
16:38:48,42.2,25.3,43.303999999999995,0
16:38:49,42.2,25.3,43.30852,0
16:38:50,42.1,25.3,43.35373,0
16:38:51,42.1,25.3,43.38626,0
16:38:52,42.1,25.3,43.36886,0
16:38:53,42.1,25.3,43.43183,0
16:38:54,42.1,25.3,43.440220000000004,0
16:38:55,42.1,25.3,43.48026,0
16:38:56,42.1,25.3,43.492540000000005,0
16:38:57,42.1,25.3,43.47483,0
16:38:58,42.1,25.3,43.51312,0
16:38:59,42.1,25.3,43.54285,0
16:39:00,42.1,25.3,43.53617,0
16:39:01,42.1,25.3,43.56661,0
16:39:02,42.1,25.3,43.57661,0
16:39:03,42,25.3,43.610890000000005,0
16:39:04,42,25.3,43.62871,0
16:39:05,42,25.2,43.625750000000004,0
16:39:06,42,25.2,43.665769999999995,0
16:39:07,42,25.2,43.6847,0
16:39:08,42,25.2,43.6776,0
16:39:09,42,25.2,43.70543,0
16:39:10,42,25.2,43.73926,0
16:39:11,42,25.2,43.717349999999996,0
16:39:12,42,25.2,43.75618,0
16:39:13,42.1,25.2,43.75566,0
16:39:14,42.1,25.2,43.750060000000005,0
16:39:15,42.1,25.2,43.7527,0
16:39:16,42.1,25.2,43.71691,0
16:39:17,42.1,25.2,43.76753,0
16:39:18,42.1,25.2,43.751079999999995,0
16:39:19,42.1,25.2,43.735859999999995,0
16:39:20,42.1,25.2,43.74187,0
16:39:21,42.1,25.1,43.74187,0
16:39:22,42,25.1,43.74853,0
16:39:23,42,25.1,43.73532,0
16:39:24,42.1,25.1,43.794709999999995,0
16:39:25,42.1,25.1,43.80244,0
16:39:26,42.1,25.1,43.7657,0
16:39:27,42.1,25.1,43.807770000000005,0
16:39:28,42.1,25.1,43.81303,0
16:39:29,42.1,25.1,43.80926,0
16:39:30,42.1,25.1,43.800329999999995,0
16:39:31,42.1,25.1,43.8386,0
16:39:32,42.1,25.1,43.84493,0
16:39:33,42.1,25.1,43.86614,0
16:39:34,42.1,25.1,43.85251,0
16:39:35,42.1,25.1,43.867509999999996,0
16:39:36,42.1,25.1,43.87933,0
16:39:37,42.1,25.1,43.84977,0
16:39:38,42.1,25.1,43.84614,0
16:39:39,42.1,25,43.85826,0
16:39:40,42.1,25,43.85464,0
16:39:41,42.1,25,43.88626,0
16:39:42,42.2,25,43.87297,0
16:39:43,42.2,25,43.90016,0
16:39:44,42.2,25,43.92387,0
16:39:45,42.2,25,43.93947,0
16:39:46,42.2,25,43.92172,0
16:39:47,42.2,25,43.92311,0
16:39:48,42.2,25,43.923230000000004,0
16:39:49,42.2,25,43.92456,0
16:39:50,42.2,25,43.90629,0
16:39:51,42.2,25,43.92597,0
16:39:52,42.2,25,43.89248,0
16:39:53,42.3,25,43.92547,0
16:39:54,42.3,25,43.942530000000005,0
16:39:55,42.3,25,43.89855,0
16:39:56,42.3,25,43.90789,0
16:39:57,42.3,25,43.91717,0
16:39:58,42.3,25,43.932939999999995,0
16:39:59,42.3,25,43.93619,0
16:40:00,42.3,25,43.95464,0
16:40:01,42.3,25,43.92877,0
16:40:02,42.3,25,43.98281,0
16:40:03,42.3,24.9,43.985350000000004,0
16:40:04,42.3,24.9,43.97262,0
16:40:05,42.4,24.9,43.9714,0
16:40:06,42.4,24.9,43.9714,0
16:40:07,42.4,24.9,43.98646,0
16:40:08,42.4,24.9,44.003769999999996,0
16:40:09,42.4,24.9,43.97772,0
16:40:10,42.4,24.9,43.94361,0
16:40:11,42.4,24.9,43.998549999999994,0
16:40:13,42.5,24.9,44.02896,0
16:40:14,42.5,24.9,44.013580000000005,0
16:40:15,42.5,24.9,44.020959999999995,0
16:40:16,42.5,24.9,44.021159999999995,0
16:40:17,42.5,24.9,44.0409,0
16:40:18,42.5,24.9,44.01068,0
16:40:19,42.6,24.9,44.05191,0
16:40:20,42.6,24.9,44.07195,0
16:40:21,42.6,24.9,44.08159,0
16:40:22,42.6,24.9,44.09612,0
16:40:23,42.6,24.9,44.07931,0
16:40:24,42.6,24.9,44.084,0
16:40:25,42.7,24.9,44.08766,0
16:40:26,42.7,24.9,44.12527,0
16:40:27,42.7,24.9,44.07898,0
16:40:28,42.7,24.9,44.092130000000004,0
16:40:29,42.7,24.9,44.07092,0
16:40:30,42.7,24.9,44.095349999999996,0
16:40:31,42.7,24.9,44.09507,0
16:40:32,42.7,24.9,44.06859,0
16:40:33,42.8,24.9,44.08418,0
16:40:34,42.8,24.9,44.068000000000005,0
16:40:35,42.8,24.9,44.06449,0
16:40:36,42.8,24.9,44.04522,0
16:40:37,42.8,24.8,44.010169999999995,0
16:40:38,42.8,24.8,44.01175,0
16:40:39,42.8,24.8,43.97564,0
16:40:40,42.8,24.8,43.96928,0
16:40:41,42.8,24.8,43.94325,0
16:40:42,42.8,24.8,43.93511,0
16:40:43,42.8,24.8,43.92444,0
16:40:44,42.8,24.8,43.85159,0
16:40:45,42.8,24.8,43.87452,0
16:40:46,42.8,24.8,43.83201,0
16:40:47,42.8,24.8,43.818889999999996,0
16:40:48,42.8,24.8,43.812780000000004,0
16:40:49,42.8,24.8,43.80233,0
16:40:50,42.8,24.8,43.78598,0
16:40:51,42.8,24.8,43.79298,0
16:40:52,42.8,24.8,43.79298,0
16:40:53,42.9,24.8,43.79692,0
16:40:54,42.9,24.8,43.77659,0
16:40:55,42.9,24.8,43.77319,0
16:40:56,42.9,24.8,43.752590000000005,0
16:40:57,42.9,24.8,43.79878,0
16:40:58,42.9,24.8,43.777100000000004,0
16:40:59,42.9,24.8,43.80663,0
16:41:00,42.9,24.8,43.84659,0
16:41:01,42.9,24.8,43.86597,0
16:41:02,42.9,24.8,43.919979999999995,0
16:41:03,43,24.8,43.94442,0
16:41:04,43,24.8,43.958639999999995,0
16:41:05,43,24.8,43.967980000000004,0
16:41:06,43.1,24.8,43.99646,0
16:41:07,43.1,24.8,44.010529999999996,0
16:41:08,43.1,24.8,44.03766,0
16:41:09,43.1,24.8,44.09138,0
16:41:10,43.1,24.8,44.15393,0
16:41:11,43.2,24.8,44.177060000000004,0
16:41:12,43.2,24.8,44.209720000000004,0
16:41:13,43.2,24.8,44.2543,0
16:41:14,43.2,24.8,44.33021,0
16:41:15,43.2,24.8,44.36015,0
16:41:16,43.3,24.8,44.41881,0
16:41:17,43.3,24.8,44.46965,0
16:41:18,43.3,24.8,44.52666,0
16:41:19,43.3,24.8,44.557140000000004,0
16:41:20,43.4,24.8,44.5515,0
16:41:21,43.4,24.8,44.62403,0
16:41:22,43.4,24.8,44.59385,0
16:41:23,43.5,24.8,44.666709999999995,0
16:41:24,43.5,24.8,44.72895,0
16:41:25,43.5,24.8,44.70491,0
16:41:26,43.5,24.8,44.72792,0
16:41:27,43.5,24.8,44.73484,0
16:41:28,43.6,24.8,44.73364,0
16:41:29,43.6,24.8,44.730219999999996,0
16:41:30,43.6,24.8,44.75843,0
16:41:31,43.6,24.8,44.71924,0
16:41:32,43.6,24.8,44.77834,0
16:41:33,43.6,24.8,44.80927,0
16:41:34,43.6,24.8,44.803290000000004,0
16:41:35,43.6,24.8,44.80002,0
16:41:36,43.6,24.8,44.83278,0
16:41:37,43.6,24.8,44.83278,0
16:41:38,43.6,24.8,44.85594,0
16:41:39,43.6,24.8,44.88724,0
16:41:40,43.6,24.8,44.84892,0
16:41:41,43.6,24.8,44.90961,0
16:41:42,43.7,24.8,44.91469,0
16:41:43,43.7,24.8,44.95582,0
16:41:44,43.7,24.8,45.00276,0
16:41:45,43.7,24.7,45.02685,0
16:41:46,43.7,24.7,45.08589,0
16:41:47,43.7,24.7,45.1168,0
16:41:48,43.8,24.7,45.169160000000005,0
16:41:49,43.8,24.7,45.24176,0
16:41:50,43.8,24.7,45.33386,0
16:41:51,43.9,24.7,45.41294,0
16:41:52,43.9,24.7,45.49358,0
16:41:53,43.9,24.7,45.600069999999995,0
16:41:54,44.1,24.7,45.72046,0
16:41:55,44.1,24.7,45.823350000000005,0
16:41:56,44.1,24.7,45.93345,0
16:41:57,44.3,24.7,46.00031,0
16:41:58,44.3,24.7,45.98456,0
16:41:59,44.4,24.7,46.11265,0
16:42:00,44.6,24.7,46.21676,0
16:42:01,44.6,24.7,46.304990000000004,0
16:42:02,44.8,24.7,46.41724,0
16:42:03,44.8,24.7,46.52499,0
16:42:04,45,24.7,46.63197,0
16:42:05,45,24.7,46.75557,0
16:42:06,45.1,24.7,46.84673,0
16:42:07,45.1,24.7,46.93273,0
16:42:08,45.3,24.7,47.100789999999996,0
16:42:09,45.5,24.7,47.207280000000004,0
16:42:10,45.5,24.7,47.328829999999996,0
16:42:11,45.6,24.7,47.400619999999996,0
16:42:12,45.7,24.7,47.474470000000004,0
16:42:13,45.8,24.7,47.59893,0
16:42:14,46,24.7,47.69311,0
16:42:15,46,24.7,47.73657,0
16:42:16,46,24.7,47.78758,0
16:42:17,46.2,24.7,47.86899,0
16:42:18,46.3,24.7,47.9889,0
16:42:19,46.3,24.7,48.07345,0
16:42:20,46.5,24.7,48.19148,0
16:42:21,46.5,24.7,48.26931,0
16:42:22,46.7,24.6,48.37826,0
16:42:23,46.8,24.6,48.37826,0
16:42:24,46.9,24.6,48.46405,0
16:42:25,47,24.6,48.51431,0
16:42:26,47,24.6,48.592020000000005,0
16:42:27,47.1,24.6,48.73133,0
16:42:28,47.2,24.6,48.8086,0
16:42:29,47.3,24.6,48.91467,0
16:42:30,47.5,24.6,49.01047,0
16:42:31,47.6,24.6,49.08366,0
16:42:32,47.6,24.6,49.235640000000004,0
16:42:33,47.7,24.6,49.303599999999996,0
16:42:34,47.7,24.6,49.325419999999994,0
16:42:35,47.9,24.6,49.38903,0
16:42:36,47.9,24.6,49.50466,0
16:42:37,48.1,24.6,49.64576,0
16:42:38,48.2,24.6,49.7305,0
16:42:39,48.3,24.6,49.85113,0
16:42:40,48.4,24.6,49.959720000000004,0
16:42:41,48.4,24.6,50.08595999999999,0
16:42:42,48.6,24.6,50.216609999999996,0
16:42:43,48.6,24.6,50.35313,0
16:42:44,48.9,24.6,50.45086,0
16:42:45,49,24.6,50.67288,0
16:42:46,49,24.6,50.80453,0
16:42:47,49.2,24.6,50.95420000000001,0
16:42:48,49.5,24.6,51.1229,0
16:42:49,49.5,24.6,51.254580000000004,0
16:42:50,49.7,24.6,51.39027,0
16:42:51,49.8,24.6,51.566109999999995,0
16:42:52,49.9,24.6,51.673480000000005,0
16:42:53,50.1,24.6,51.72746,0
16:42:54,50.1,24.6,51.882079999999995,0
16:42:55,50.4,24.6,52.0616,0
16:42:56,50.6,24.6,52.23072,0
16:42:57,50.7,24.6,52.39195,0
16:42:58,51,24.6,52.557790000000004,0
16:42:59,51.1,24.6,52.728370000000005,0
16:43:00,51.1,24.6,52.90726,0
16:43:01,51.3,24.6,53.06518,0
16:43:02,51.4,24.6,53.23867,0
16:43:03,51.7,24.6,53.38579,0
16:43:04,51.9,24.6,53.52378,0
16:43:05,52,24.6,53.71564,0
16:43:06,52.1,24.6,53.878099999999996,0
16:43:07,52.3,24.6,54.00696000000001,0
16:43:08,52.3,24.6,54.00696000000001,0
16:43:09,52.5,24.6,54.16075,0
16:43:10,52.8,24.6,54.30599,0
16:43:11,52.9,24.6,54.45702,0
16:43:12,53.1,24.6,54.423770000000005,0
16:43:13,53.2,24.6,54.60258999999999,0
16:43:14,53.3,24.6,54.77102000000001,0
16:43:15,53.5,24.6,54.85795,0
16:43:16,53.6,24.6,55.06316999999999,0
16:43:17,53.7,24.6,55.232380000000006,0
16:43:18,53.8,24.6,55.37411,0
16:43:19,54,24.6,55.54262,0
16:43:20,54.2,24.6,55.68515000000001,0
16:43:21,54.4,24.6,55.860659999999996,0
16:43:22,54.5,24.6,55.9921,0
16:43:23,54.6,24.6,56.19395,0
16:43:24,54.6,24.6,56.32102,0
16:43:25,54.9,24.6,56.477239999999995,0
16:43:26,55,24.6,56.59666,0
16:43:27,55.1,24.6,56.77316,0
16:43:28,55.3,24.7,56.88278,0
16:43:29,55.3,24.7,57.03102,0
16:43:30,55.6,24.7,57.133469999999996,0
16:43:31,55.7,24.7,57.15123,0
16:43:32,55.8,24.7,57.31147,0
16:43:33,56,24.7,57.43867,0
16:43:34,56.1,24.7,57.522209999999994,0
16:43:35,56.1,24.7,57.66076999999999,0
16:43:36,56.3,24.7,57.810379999999995,0
16:43:37,56.5,24.7,57.94306,0
16:43:38,56.6,24.7,58.088969999999996,0
16:43:39,56.7,24.7,58.20503,0
16:43:40,56.8,24.7,58.33385,0
16:43:41,57,24.7,58.487500000000004,0
16:43:42,57.1,24.7,58.59828,0
16:43:43,57.3,24.7,58.70415,0
16:43:44,57.3,24.7,58.818130000000004,0
16:43:45,57.4,24.7,58.961450000000006,0
16:43:46,57.5,24.7,59.11065,0
16:43:47,57.6,24.7,59.23101,0
16:43:48,57.8,24.7,59.36625,0
16:43:49,57.8,24.7,59.35248,0
16:43:50,58,24.7,59.4989,0
16:43:51,58.2,24.7,59.61253,0
16:43:52,58.3,24.7,59.7626,0
16:43:53,58.4,24.7,59.7626,0
16:43:54,58.5,24.7,59.87755,0
16:43:55,58.6,24.7,60.04158,0
16:43:56,58.8,24.7,60.22254,0
16:43:57,58.9,24.7,60.33836,0
16:43:58,59,24.7,60.474819999999994,0
16:43:59,59.1,24.7,60.630030000000005,0
16:44:00,59.1,24.7,60.7713,0
16:44:01,59.4,24.7,60.9206,0
16:44:02,59.5,24.7,61.06561000000001,0
16:44:03,59.6,24.7,61.23610000000001,0
16:44:04,59.7,24.7,61.387429999999995,0
16:44:05,59.8,24.7,61.579229999999995,0
16:44:06,60,24.7,61.778290000000005,0
16:44:07,60,24.7,61.999700000000004,0
16:44:08,60.4,24.7,62.010529999999996,0
16:44:09,60.5,24.7,62.261540000000004,0
16:44:10,60.7,24.7,62.500319999999995,0
16:44:11,60.9,24.7,62.79715,0
16:44:12,61,24.7,63.092369999999995,0
16:44:13,61.3,24.7,63.519479999999994,0
16:44:14,61.8,24.7,63.987159999999996,0
16:44:15,62.1,24.7,64.5291,0
16:44:16,62.4,24.8,65.1602,0
16:44:17,62.7,24.8,65.95143,0
16:44:18,63.1,24.8,66.85834,0
16:44:19,63.4,24.8,68.02365999999999,0
16:44:20,64.3,24.8,69.52704,0
16:44:21,64.8,24.8,71.1941,0
16:44:22,65.3,24.8,72.81266,0
16:44:23,65.9,24.8,74.42046,0
16:44:24,66.5,24.8,75.95069,0
16:44:25,67.2,24.8,76.50142,0
16:44:26,68,24.8,77.64876,0
16:44:27,69.6,24.9,79.41443,0
16:44:28,69.6,24.9,81.22891,0
16:44:29,71.4,24.9,83.05035,0
16:44:30,72.4,24.9,84.83242,0
16:44:31,73.5,25,86.53909,0
16:44:32,74.7,25,88.14239,0
16:44:33,76.9,25.1,89.6915,0
16:44:34,78,25.1,91.14858,0
16:44:35,79.2,25.1,92.4777,0
16:44:36,79.2,25.1,93.70029,0
16:44:37,81,25.1,94.8103,0
16:44:38,82.7,25.2,94.8103,0
16:44:39,83.4,25.2,95.79424,0
16:44:40,84.4,25.2,96.64737,0
16:44:41,85.2,25.3,96.66515,0
16:44:42,86.6,25.3,97.49022000000001,0
16:44:43,87.4,25.4,98.23888,0
16:44:44,88,25.4,98.78772000000001,0
16:44:45,88.6,25.4,99.29063000000001,0
16:44:46,89.2,25.5,99.7205,0
16:44:47,89.7,25.5,100.11840000000001,0
16:44:48,90.6,25.5,100.1571,0
16:44:49,90.6,25.5,100.1884,0
16:44:50,91.3,25.6,100.176,0
16:44:51,91.7,25.6,100.17739999999999,0
16:44:52,92,25.6,100.1862,0
16:44:53,92.4,25.6,100.18149999999999,0
16:44:54,92.7,25.7,100.1624,0
16:44:55,93.2,25.7,100.18769999999999,0
16:44:56,93.4,25.7,100.1471,0
16:44:57,93.6,25.8,100.1733,0
16:44:58,93.7,25.8,100.18249999999999,0
16:44:59,93.9,25.8,100.15419999999999,0
16:45:00,94.1,25.8,100.1465,0
16:45:01,94.4,25.8,100.1514,0
16:45:02,94.5,25.8,100.15750000000001,0
16:45:03,94.6,25.8,100.14620000000001,0
16:45:04,94.6,25.8,100.13929999999999,0
16:45:05,94.7,25.9,100.1902,0
16:45:06,94.7,25.9,100.1854,0
16:45:07,94.9,25.9,100.1909,0
16:45:08,94.9,25.9,100.1912,0
16:45:09,95,25.9,100.1749,0
16:45:10,95,25.9,99.84452999999999,0
16:45:11,95,25.9,99.76687,0
16:45:12,95,25.9,99.48145000000001,0
16:45:13,95.1,25.9,99.03649,0
16:45:14,95.1,25.9,98.57258,0
16:45:15,95.1,25.9,98.15833,0
16:45:16,95.1,25.9,97.65078,0
16:45:17,95,25.9,97.24629999999999,0
16:45:18,95,25.9,96.7722,0
16:45:19,94.9,25.9,96.32937,0
16:45:20,94.9,25.9,95.90584,0
16:45:21,94.8,25.9,95.47995,0
16:45:22,94.7,25.9,95.08489,0
16:45:23,94.6,25.9,95.08489,0
16:45:24,94.6,25.9,94.68437,0
16:45:25,94.3,25.8,94.33534,0
16:45:26,94.2,25.8,94.22606,0
16:45:27,94.1,25.8,93.92614999999999,0
16:45:28,93.9,25.8,93.54904,0
16:45:29,93.7,25.8,93.15219,0
16:45:30,93.6,25.7,92.88597,0
16:45:31,93.4,25.7,92.53764,0
16:45:32,93.3,25.7,92.21718,0
16:45:33,93.1,25.7,91.90602,0
16:45:34,93,25.7,91.66503,0
16:45:35,92.8,25.7,91.31976,0
16:45:36,92.6,25.7,91.0369,0
16:45:37,92.2,25.7,90.75649,0
16:45:38,92,25.7,90.47345,0
16:45:39,91.8,25.7,90.18037,0
16:45:40,91.6,25.6,90.14004,0
16:45:41,91.3,25.6,89.95541,0
16:45:42,91.1,25.6,89.7079,0
16:45:43,90.9,25.6,89.42143999999999,0
16:45:44,90.7,25.6,89.20647000000001,0
16:45:45,90.3,25.6,88.9987,0
16:45:46,90.3,25.6,88.79807,0
16:45:47,90.3,25.6,88.6067,0
16:45:48,89.6,25.6,88.38354000000001,0
16:45:49,89.4,25.6,88.25840000000001,0
16:45:50,89.2,25.6,88.06163000000001,0
16:45:51,88.9,25.6,87.90905,0
16:45:52,88.5,25.6,87.74352,0
16:45:53,88.5,25.6,87.60342,0
16:45:54,88.1,25.6,87.45549,0
16:45:55,87.9,25.6,87.42836,0
16:45:56,87.7,25.6,87.31613,0
16:45:57,87.5,25.6,87.17937,0
16:45:58,87.2,25.6,87.02104,0
16:45:59,87,25.6,86.87651,0
16:46:00,86.8,25.6,86.77234,0
16:46:01,86.4,25.6,86.65366,0
16:46:02,86.2,25.6,86.57241,0
16:46:03,86,25.6,86.42551,0
16:46:04,85.9,25.6,86.37557,0
16:46:05,85.7,25.6,86.2615,0
16:46:06,85.7,25.6,86.14578,0
16:46:07,85.2,25.6,86.06093,0
16:46:08,85.1,25.6,86.06093,0
16:46:09,84.9,25.6,85.96807,0
16:46:10,84.6,25.6,85.82921,0
16:46:11,84.4,25.6,85.78387,0
16:46:12,84.2,25.6,85.74522999999999,0
16:46:13,84.1,25.6,85.6305,0
16:46:14,84,25.6,85.52649,0
16:46:15,83.7,25.7,85.39863,0
16:46:16,83.5,25.7,85.28917,0
16:46:17,83.4,25.7,85.16507,0
16:46:18,83.2,25.7,85.09082,0
16:46:19,83,25.7,84.94926000000001,0
16:46:20,82.9,25.7,84.88806,0
16:46:21,82.6,25.7,84.76698999999999,0
16:46:22,82.5,25.7,84.68073000000001,0
16:46:23,82.3,25.7,84.57851,0
16:46:24,82.2,25.7,84.48295,0
16:46:25,82.2,25.7,84.40037000000001,0
16:46:26,81.9,25.7,84.34671,0
16:46:27,81.7,25.7,84.28767,0
16:46:28,81.6,25.7,84.205,0
16:46:29,81.5,25.7,84.10782,0
16:46:30,81.4,25.7,84.00741000000001,0
16:46:31,81.2,25.7,83.92057000000001,0
16:46:32,81.1,25.7,83.84482,0
16:46:33,80.8,25.7,83.73868,0
16:46:34,80.8,25.7,83.68265000000001,0
16:46:35,80.6,25.7,83.58096,0
16:46:36,80.5,25.7,83.53385,0
16:46:37,80.4,25.7,83.48801999999999,0
16:46:38,80.3,25.7,83.39227,0
16:46:39,80.2,25.7,83.33351,0
16:46:40,80.1,25.7,83.26441,0
16:46:41,79.8,25.7,83.19657000000001,0
16:46:42,79.7,25.7,83.15756,0
16:46:43,79.6,25.7,83.13995,0
16:46:44,79.6,25.7,83.08357,0
16:46:45,79.4,25.7,83.00067,0
16:46:46,79.3,25.7,82.94537,0
16:46:47,79.2,25.7,82.88919,0
16:46:48,79.1,25.7,82.81088,0
16:46:49,79.1,25.7,82.7774,0
16:46:50,79,25.7,82.72603,0
16:46:51,78.9,25.7,82.6887,0
16:46:52,78.8,25.7,82.62251,0
16:46:53,78.7,25.7,82.56733,0
16:46:54,78.6,25.7,82.56733,0
16:46:55,78.6,25.7,82.51152,0
16:46:56,78.5,25.7,82.45675,0
16:46:57,78.3,25.7,82.39649,0
16:46:58,78.3,25.7,82.36519,0
16:46:59,78.2,25.7,82.29462,0
16:47:00,78.2,25.7,82.2606,0
16:47:01,78.1,25.7,82.20002,0
16:47:02,78,25.7,82.11041,0
16:47:03,77.9,25.8,82.06004,0
16:47:04,77.8,25.8,81.97764,0
16:47:05,77.7,25.7,81.94611,0
16:47:06,77.7,25.7,81.85713,0
16:47:07,77.6,25.7,81.77564000000001,0
16:47:08,77.6,25.7,81.77394,0
16:47:09,77.5,25.7,81.71442,0
16:47:10,77.4,25.7,81.66736,0
16:47:11,77.3,25.7,81.66308,0
16:47:12,77.2,25.8,81.59868999999999,0
16:47:13,77.2,25.8,81.53545,0
16:47:14,77.1,25.8,81.51843,0
16:47:15,77.1,25.8,81.54726,0
16:47:16,77,25.7,81.51827,0
16:47:17,76.9,25.7,81.46902,0
16:47:18,76.9,25.7,81.49284999999999,0
16:47:19,76.8,25.7,81.50914999999999,0
16:47:20,76.8,25.7,81.53878,0
16:47:21,76.8,25.7,81.58182000000001,0
16:47:22,76.8,25.7,81.61238,0
16:47:23,76.7,25.7,81.65599999999999,0
16:47:24,76.7,25.7,81.67094,0
16:47:25,76.7,25.7,81.71683,0
16:47:26,76.7,25.7,81.77086,0
16:47:27,76.7,25.7,81.79902,0
16:47:28,76.7,25.7,81.82473,0
16:47:29,76.7,25.7,81.85271,0
16:47:30,76.7,25.7,81.8403,0
16:47:31,76.7,25.7,81.89178,0
16:47:32,76.7,25.7,81.89541,0
16:47:33,76.7,25.7,81.85705,0
16:47:34,76.7,25.7,81.86609,0
16:47:35,76.7,25.7,81.86208,0
16:47:36,76.7,25.7,81.85732999999999,0
16:47:37,76.7,25.7,81.86393,0
16:47:38,76.7,25.7,81.85476,0
16:47:39,76.7,25.7,81.85476,0
16:47:40,76.7,25.7,81.87283,0
16:47:41,76.7,25.7,81.82938,0
16:47:42,76.7,25.7,81.83032999999999,0
16:47:43,76.6,25.7,81.80089000000001,0
16:47:44,76.6,25.7,81.77011,0
16:47:45,76.6,25.7,81.71132,0
16:47:46,76.6,25.7,81.7182,0
16:47:47,76.6,25.7,81.69982999999999,0
16:47:48,76.6,25.7,81.65909,0
16:47:49,76.6,25.7,81.60517,0
16:47:50,76.5,25.7,81.58048,0
16:47:51,76.5,25.7,81.51183,0
16:47:52,76.5,25.7,81.45941,0
16:47:53,76.5,25.7,81.40017,0
16:47:54,76.4,25.7,81.34165,0
16:47:55,76.4,25.7,81.25466,0
16:47:56,76.4,25.7,81.16975,0
16:47:57,76.3,25.7,81.08079000000001,0
16:47:58,76.2,25.7,80.96468999999999,0
16:47:59,76.2,25.7,80.91146,0
16:48:00,76.1,25.7,80.82345,0
16:48:01,76,25.7,80.7474,0
16:48:02,76,25.7,80.69741,0
16:48:03,75.9,25.7,80.68682,0
16:48:04,75.8,25.7,80.63199,0
16:48:05,75.8,25.7,80.53643000000001,0
16:48:06,75.7,25.7,80.49076,0
16:48:07,75.7,25.7,80.41876,0
16:48:08,75.6,25.7,80.38327,0
16:48:09,75.6,25.7,80.33518,0
16:48:10,75.5,25.7,80.286,0
16:48:11,75.4,25.7,80.27643,0
16:48:12,75.4,25.7,80.28063,0
16:48:13,75.4,25.7,80.21784,0
16:48:14,75.3,25.7,80.1953,0
16:48:15,75.2,25.7,80.16398,0
16:48:16,75.2,25.7,80.10294999999999,0
16:48:17,75.1,25.7,80.07824,0
16:48:18,75.1,25.7,80.04496,0
16:48:19,75.1,25.7,79.98926,0
16:48:20,75,25.7,79.9034,0
16:48:21,75,25.7,79.87676,0
16:48:22,74.9,25.7,79.85316999999999,0
16:48:23,74.9,25.7,79.78450000000001,0
16:48:24,74.8,25.7,79.78450000000001,0
16:48:25,74.8,25.7,79.7587,0
16:48:26,74.7,25.7,79.73744,0
16:48:27,74.7,25.7,79.65145,0
16:48:28,74.6,25.7,79.65187,0
16:48:29,74.6,25.7,79.61538999999999,0
16:48:30,74.5,25.7,79.57509,0
16:48:31,74.5,25.7,79.58658,0
16:48:32,74.5,25.7,79.57746,0
16:48:33,74.4,25.7,79.5292,0
16:48:34,74.4,25.7,79.49459,0
16:48:35,74.4,25.7,79.52590000000001,0
16:48:36,74.4,25.7,79.53265999999999,0
16:48:37,74.3,25.7,79.44816,0
16:48:38,74.3,25.7,79.43087,0
16:48:39,74.3,25.7,79.4553,0
16:48:40,74.2,25.7,79.43686,0
16:48:41,74.2,25.7,79.45389,0
16:48:42,74.2,25.6,79.47092,0
16:48:43,74.2,25.6,79.52083,0
16:48:44,74.2,25.6,79.57917,0
16:48:45,74.2,25.6,79.63896,0
16:48:46,74.2,25.6,79.69015,0
16:48:47,74.2,25.6,79.8171,0
16:48:48,74.2,25.6,79.87002,0
16:48:49,74.2,25.6,79.92152,0
16:48:50,74.2,25.6,79.89460000000001,0
16:48:51,74.2,25.6,79.97824999999999,0
16:48:52,74.2,25.6,80.09044,0
16:48:53,74.3,25.6,80.07058,0
16:48:54,74.3,25.6,80.10228000000001,0
16:48:55,74.3,25.6,80.16824,0
16:48:56,74.4,25.6,80.19515,0
16:48:57,74.4,25.6,80.25056000000001,0
16:48:58,74.4,25.6,80.28068,0
16:48:59,74.5,25.6,80.35628,0
16:49:00,74.5,25.6,80.36828,0
16:49:01,74.5,25.6,80.32444,0
16:49:02,74.6,25.6,80.30591,0
16:49:03,74.6,25.6,80.27664,0
16:49:04,74.6,25.6,80.21726,0
16:49:05,74.6,25.6,80.21542000000001,0
16:49:06,74.6,25.6,80.16805000000001,0
16:49:07,74.6,25.6,80.07851000000001,0
16:49:08,74.7,25.6,79.9994,0
16:49:09,74.7,25.6,79.9994,0
16:49:10,74.6,25.6,79.96589,0
16:49:11,74.6,25.6,79.90401,0
16:49:12,74.6,25.6,79.89753,0
16:49:13,74.6,25.6,79.92057,0
16:49:14,74.6,25.6,79.94113,0
16:49:15,74.6,25.6,79.94711,0
16:49:16,74.6,25.6,80.04705,0
16:49:17,74.6,25.6,80.04279,0
16:49:18,74.6,25.6,80.10811,0
16:49:19,74.6,25.6,80.1718,0
16:49:20,74.6,25.6,80.17046,0
16:49:21,74.6,25.6,80.22422999999999,0
16:49:22,74.6,25.6,80.20975,0
16:49:23,74.6,25.6,80.28034,0
16:49:24,74.6,25.6,80.27416000000001,0
16:49:25,74.6,25.6,80.30988,0
16:49:26,74.6,25.6,80.31122,0
16:49:27,74.7,25.6,80.35001000000001,0
16:49:28,74.7,25.6,80.37316,0
16:49:29,74.7,25.6,80.35875999999999,0
16:49:30,74.7,25.6,80.38319,0
16:49:31,74.7,25.6,80.35925,0
16:49:32,74.7,25.6,80.33147000000001,0
16:49:33,74.8,25.6,80.30403,0
16:49:34,74.8,25.6,80.27543,0
16:49:35,74.8,25.6,80.28233999999999,0
16:49:36,74.8,25.6,80.26868999999999,0
16:49:37,74.8,25.6,80.26136000000001,0
16:49:38,74.8,25.6,80.20112,0
16:49:39,74.8,25.6,80.22949,0
16:49:40,74.8,25.6,80.18882,0
16:49:41,74.8,25.6,80.19928,0
16:49:42,74.8,25.6,80.16117,0
16:49:43,74.8,25.6,80.16978,0
16:49:44,74.8,25.6,80.14126999999999,0
16:49:45,74.8,25.6,80.13785,0
16:49:46,74.8,25.6,80.16624999999999,0
16:49:47,74.8,25.6,80.15769,0
16:49:48,74.8,25.6,80.16856999999999,0
16:49:49,74.7,25.5,80.20107,0
16:49:50,74.7,25.5,80.16909,0
16:49:51,74.7,25.5,80.12546999999999,0
16:49:52,74.7,25.5,80.10779,0
16:49:53,74.7,25.5,80.06514,0
16:49:54,74.7,25.5,80.06514,0
16:49:55,74.7,25.5,80.10728,0
16:49:56,74.7,25.5,80.11471999999999,0
16:49:57,74.7,25.5,80.06779,0
16:49:58,74.7,25.5,80.0476,0
16:49:59,74.7,25.5,80.08869,0
16:50:00,74.7,25.5,80.04422,0
16:50:01,74.7,25.5,80.06143,0
16:50:02,74.7,25.5,80.07406,0
16:50:03,74.7,25.5,80.10825,0
16:50:04,74.7,25.5,80.16109,0
16:50:05,74.7,25.5,80.19399,0
16:50:06,74.7,25.5,80.21979,0
16:50:07,74.7,25.5,80.28608,0
16:50:08,74.7,25.5,80.28563,0
16:50:09,74.7,25.5,80.32785,0
16:50:10,74.7,25.5,80.29661999999999,0
16:50:11,74.7,25.5,80.37117,0
16:50:12,74.7,25.5,80.37054,0
16:50:13,74.7,25.5,80.39880000000001,0
16:50:14,74.8,25.5,80.36985,0
16:50:15,74.8,25.5,80.4295,0
16:50:16,74.8,25.5,80.42825,0
16:50:17,74.8,25.5,80.43495,0
16:50:18,74.8,25.5,80.4176,0
16:50:19,74.8,25.5,80.40894,0
16:50:20,74.9,25.5,80.42563,0
16:50:21,74.9,25.5,80.42147,0
16:50:22,74.9,25.5,80.38759,0
16:50:23,74.9,25.5,80.38123999999999,0
16:50:24,74.9,25.5,80.39774,0
16:50:25,74.9,25.5,80.33835,0
16:50:26,74.9,25.5,80.37967,0
16:50:27,74.9,25.5,80.40607,0
16:50:28,74.9,25.5,80.37465999999999,0
16:50:29,74.9,25.5,80.36158,0
16:50:30,74.9,25.5,80.38776,0
16:50:31,74.9,25.5,80.37530000000001,0
16:50:32,74.9,25.5,80.36888,0
16:50:33,74.9,25.5,80.36202999999999,0
16:50:34,74.9,25.5,80.39471,0
16:50:35,74.9,25.5,80.39877,0
16:50:36,75,25.5,80.39377,0
16:50:37,75,25.5,80.35204,0
16:50:38,75,25.5,80.40002000000001,0
16:50:39,74.9,25.5,80.40002000000001,0
16:50:40,74.9,25.5,80.39932,0
16:50:41,75,25.5,80.34956,0
16:50:42,75,25.5,80.38736,0
16:50:43,75,25.5,80.41279999999999,0
16:50:44,75,25.5,80.37554999999999,0
16:50:45,75,25.5,80.37395000000001,0
16:50:46,75,25.5,80.40351,0
16:50:47,75,25.5,80.37716,0
16:50:48,75,25.5,80.36738,0
16:50:49,75,25.5,80.33087,0
16:50:50,75,25.5,80.39767,0
16:50:51,75,25.5,80.40036,0
16:50:52,75,25.5,80.38507,0
16:50:53,75,25.5,80.39408,0
16:50:54,75,25.5,80.3967,0
16:50:55,75,25.5,80.39126,0
16:50:56,75,25.5,80.36394999999999,0
16:50:57,75,25.5,80.40023,0
16:50:58,75,25.5,80.39642,0
16:50:59,75,25.5,80.36183,0
16:51:00,75,25.5,80.33143,0
16:51:01,75,25.5,80.31568999999999,0
16:51:02,75,25.5,80.28476,0
16:51:03,75,25.5,80.24115,0
16:51:04,75,25.5,80.19617,0
16:51:05,75,25.5,80.21603,0
16:51:06,75,25.5,80.17254,0
16:51:07,75,25.5,80.14429,0
16:51:08,75,25.5,80.10746,0
16:51:09,74.9,25.5,80.10244,0
16:51:10,74.9,25.5,80.09787,0
16:51:11,74.9,25.4,80.11051,0
16:51:12,74.9,25.4,80.05329,0
16:51:13,74.9,25.4,80.07859,0
16:51:14,74.9,25.4,80.06657,0
16:51:15,74.9,25.4,80.01631,0
16:51:16,74.8,25.4,80.02420000000001,0
16:51:17,74.8,25.4,79.99151,0
16:51:18,74.8,25.4,79.96925,0
16:51:19,74.8,25.4,79.9619,0
16:51:20,74.8,25.4,79.98159,0
16:51:21,74.8,25.4,79.9834,0
16:51:22,74.8,25.4,80.01184,0
16:51:23,74.8,25.4,80.02475,0
16:51:24,74.8,25.4,80.02475,0
16:51:25,74.7,25.4,80.00602,0
16:51:26,74.7,25.4,79.99393,0
16:51:27,74.7,25.4,79.98893,0
16:51:28,74.7,25.4,79.99043999999999,0
16:51:29,74.7,25.4,79.94944000000001,0
16:51:30,74.7,25.4,79.97798,0
16:51:31,74.7,25.4,79.94128,0
16:51:32,74.7,25.4,79.87597,0
16:51:33,74.7,25.4,79.84315,0
16:51:34,74.7,25.4,79.81951000000001,0
16:51:35,74.7,25.4,79.79039999999999,0
16:51:36,74.7,25.4,79.78513000000001,0
16:51:37,74.7,25.4,79.77294,0
16:51:38,74.7,25.4,79.7565,0
16:51:39,74.6,25.4,79.73272,0
16:51:40,74.6,25.4,79.67954,0
16:51:41,74.6,25.4,79.64219,0
16:51:42,74.6,25.4,79.64436,0
16:51:43,74.6,25.4,79.60739,0
16:51:44,74.5,25.4,79.57486,0
16:51:45,74.5,25.4,79.55223000000001,0
16:51:46,74.5,25.4,79.58412,0
16:51:47,74.5,25.4,79.59349999999999,0
16:51:48,74.5,25.4,79.55453,0
16:51:49,74.5,25.4,79.56156,0
16:51:50,74.4,25.4,79.55948000000001,0
16:51:51,74.4,25.4,79.51821,0
16:51:52,74.4,25.4,79.50650999999999,0
16:51:53,74.4,25.4,79.48776,0
16:51:54,74.4,25.4,79.52808,0
16:51:55,74.4,25.4,79.51783,0
16:51:56,74.4,25.4,79.52794,0
16:51:57,74.4,25.4,79.46842,0
16:51:58,74.4,25.4,79.47704,0
16:51:59,74.3,25.4,79.49662,0
16:52:00,74.3,25.4,79.45915,0
16:52:01,74.3,25.4,79.49718999999999,0
16:52:02,74.3,25.4,79.53147,0
16:52:03,74.3,25.4,79.50422999999999,0
16:52:04,74.3,25.4,79.45787,0
16:52:05,74.3,25.4,79.49744,0
16:52:06,74.3,25.4,79.52329,0
16:52:07,74.3,25.4,79.52967,0
16:52:08,74.3,25.4,79.56265,0
16:52:09,74.3,25.4,79.56265,0
16:52:10,74.3,25.4,79.51939,0
16:52:11,74.3,25.4,79.52842,0
16:52:12,74.3,25.4,79.50451,0
16:52:13,74.3,25.4,79.47229999999999,0
16:52:14,74.3,25.4,79.44618,0
16:52:15,74.3,25.4,79.41080000000001,0
16:52:16,74.2,25.4,79.39547,0
16:52:17,74.2,25.4,79.37335,0
16:52:18,74.2,25.4,79.35079,0
16:52:19,74.2,25.4,79.32264,0
16:52:20,74.2,25.4,79.32879,0
16:52:21,74.2,25.4,79.27405,0
16:52:22,74.2,25.4,79.26309,0
16:52:23,74.2,25.4,79.24641,0
16:52:24,74.2,25.4,79.23325,0
16:52:25,74.2,25.4,79.26955,0
16:52:26,74.2,25.4,79.26309,0
16:52:27,74.1,25.4,79.26495,0
16:52:28,74.1,25.4,79.29745,0
16:52:29,74.1,25.4,79.29324,0
16:52:30,74.1,25.4,79.307,0
16:52:31,74.1,25.4,79.35646,0
16:52:32,74.1,25.4,79.29621,0
16:52:33,74.1,25.4,79.36153,0
16:52:34,74.1,25.4,79.33729000000001,0
16:52:35,74.1,25.4,79.33118999999999,0
16:52:36,74.1,25.4,79.32643999999999,0
16:52:37,74.1,25.4,79.32405,0
16:52:38,74.1,25.4,79.3504,0
16:52:39,74.1,25.4,79.39184999999999,0
16:52:40,74.1,25.4,79.40298,0
16:52:41,74.1,25.4,79.39477000000001,0
16:52:42,74.1,25.4,79.42039,0
16:52:43,74.1,25.4,79.40258999999999,0
16:52:44,74.1,25.4,79.35396999999999,0
16:52:45,74.1,25.4,79.34861,0
16:52:46,74.1,25.4,79.31148,0
16:52:47,74.1,25.4,79.27503999999999,0
16:52:48,74.1,25.4,79.29488,0
16:52:49,74.1,25.4,79.29687,0
16:52:50,74.1,25.4,79.25892,0
16:52:51,74.1,25.4,79.27153,0
16:52:52,74.1,25.3,79.25913,0
16:52:53,74.1,25.3,79.27041,0
16:52:54,74.1,25.3,79.27041,0
16:52:55,74.1,25.3,79.21877,0
16:52:56,74.1,25.3,79.18113,0
16:52:57,74.1,25.3,79.23552000000001,0
16:52:58,74.1,25.3,79.2289,0
16:52:59,74.1,25.3,79.20627,0
16:53:00,74.1,25.3,79.18152,0
16:53:01,74.1,25.3,79.14804,0
16:53:02,74.1,25.3,79.1095,0
16:53:03,74.1,25.3,79.10019,0
16:53:04,74.1,25.3,79.05939,0
16:53:05,74,25.3,79.03764,0
16:53:06,74,25.3,78.97317000000001,0
16:53:07,74,25.3,78.91863000000001,0
16:53:08,74,25.3,78.92635999999999,0
16:53:09,74,25.3,78.92396000000001,0
16:53:10,73.9,25.3,78.89418,0
16:53:11,73.9,25.3,78.89493,0
16:53:12,73.9,25.3,78.87429999999999,0
16:53:13,73.9,25.3,78.94525,0
16:53:14,73.9,25.3,78.94714,0
16:53:15,73.9,25.3,78.94409999999999,0
16:53:16,73.9,25.3,78.98335,0
16:53:17,73.9,25.3,79.00559,0
16:53:18,73.9,25.3,78.9942,0
16:53:19,73.9,25.3,79.01536999999999,0
16:53:20,73.9,25.3,78.97641,0
16:53:21,73.9,25.3,78.99623,0
16:53:22,73.9,25.3,79.00118,0
16:53:23,73.9,25.3,78.98766,0
16:53:24,73.8,25.3,78.98336,0
16:53:25,73.8,25.3,78.98239000000001,0
16:53:26,73.8,25.3,79.01065,0
16:53:27,73.8,25.3,78.99843,0
16:53:28,73.8,25.3,79.02897,0
16:53:29,73.8,25.3,79.07166,0
16:53:30,73.9,25.3,79.05486,0
16:53:31,73.9,25.3,79.05851,0
16:53:32,73.9,25.3,79.06962,0
16:53:33,73.9,25.3,79.06539000000001,0
16:53:34,73.9,25.3,79.06623,0
16:53:35,73.9,25.3,79.03031,0
16:53:36,73.9,25.3,78.9979,0
16:53:37,73.9,25.3,79.05349000000001,0
16:53:38,73.9,25.3,79.0617,0
16:53:39,73.9,25.3,79.0114,0
16:53:40,73.9,25.3,79.0114,0
16:53:41,73.9,25.3,79.00603000000001,0
16:53:42,73.9,25.3,78.98369,0
16:53:43,73.9,25.3,78.97421999999999,0
16:53:44,73.9,25.3,78.92084,0
16:53:45,73.9,25.3,78.92181000000001,0
16:53:46,73.9,25.3,78.92523,0
16:53:47,73.9,25.3,78.92052000000001,0
16:53:48,73.9,25.3,78.88909,0
16:53:49,73.9,25.3,78.88374999999999,0
16:53:50,73.9,25.3,78.84078,0
16:53:51,73.9,25.3,78.83174,0
16:53:52,73.8,25.3,78.8317,0
16:53:53,73.8,25.3,78.84123,0
16:53:54,73.8,25.3,78.83264,0
16:53:55,73.8,25.3,78.83339000000001,0
16:53:56,73.8,25.3,78.82087,0
16:53:57,73.8,25.3,78.82673,0
16:53:58,73.8,25.3,78.75575,0
16:53:59,73.8,25.3,78.75603,0
16:54:00,73.8,25.3,78.74854,0
16:54:01,73.8,25.3,78.72042,0
16:54:02,73.8,25.3,78.67302000000001,0
16:54:03,73.8,25.3,78.71877,0
16:54:04,73.8,25.3,78.71753,0
16:54:05,73.8,25.3,78.72103,0
16:54:06,73.7,25.3,78.71578,0
16:54:07,73.7,25.3,78.69112,0
16:54:08,73.7,25.3,78.64258,0
16:54:09,73.7,25.3,78.68730000000001,0
16:54:10,73.7,25.3,78.65249,0
16:54:11,73.7,25.3,78.65596000000001,0
16:54:12,73.7,25.3,78.6671,0
16:54:13,73.7,25.3,78.57849999999999,0
16:54:14,73.7,25.3,78.55584,0
16:54:15,73.7,25.3,78.5137,0
16:54:16,73.7,25.3,78.46924,0
16:54:17,73.6,25.3,78.46825,0
16:54:18,73.6,25.3,78.46843,0
16:54:19,73.6,25.3,78.47523,0
16:54:20,73.6,25.3,78.46239,0
16:54:21,73.6,25.3,78.49756,0
16:54:22,73.6,25.3,78.48048,0
16:54:23,73.6,25.3,78.49058,0
16:54:24,73.6,25.3,78.49416000000001,0
16:54:25,73.5,25.3,78.49416000000001,0
16:54:26,73.5,25.3,78.48553,0
16:54:27,73.5,25.3,78.44398,0
16:54:28,73.5,25.3,78.4947,0
16:54:29,73.5,25.3,78.5205,0
16:54:30,73.5,25.3,78.49152000000001,0
16:54:31,73.5,25.3,78.48661,0
16:54:32,73.5,25.3,78.53023,0
16:54:33,73.5,25.3,78.4706,0
16:54:34,73.5,25.3,78.48414,0
16:54:35,73.5,25.3,78.47225,0
16:54:36,73.5,25.3,78.49453,0
16:54:37,73.5,25.3,78.51794,0
16:54:38,73.5,25.3,78.47491,0
16:54:39,73.5,25.3,78.49374,0
16:54:40,73.5,25.3,78.49467999999999,0
16:54:41,73.5,25.3,78.4876,0
16:54:42,73.5,25.3,78.43212000000001,0
16:54:43,73.5,25.3,78.40014,0
16:54:44,73.5,25.3,78.38394,0
16:54:45,73.5,25.3,78.36632,0
16:54:46,73.5,25.3,78.295,0
16:54:47,73.5,25.3,78.28399999999999,0
16:54:48,73.5,25.3,78.23169,0
16:54:49,73.5,25.3,78.23651000000001,0
16:54:50,73.4,25.3,78.23143,0
16:54:51,73.4,25.3,78.19586,0
16:54:52,73.4,25.3,78.21045,0
16:54:53,73.4,25.3,78.19749999999999,0
16:54:54,73.4,25.3,78.17524999999999,0
16:54:55,73.4,25.3,78.13980000000001,0
16:54:56,73.4,25.3,78.10461,0
16:54:57,73.3,25.3,78.07634,0
16:54:58,73.3,25.3,78.08929,0
16:54:59,73.3,25.3,78.0389,0
16:55:00,73.3,25.3,78.08229,0
16:55:01,73.3,25.3,78.10582000000001,0
16:55:02,73.3,25.3,78.05337,0
16:55:03,73.3,25.3,78.08255,0
16:55:04,73.2,25.3,78.09057,0
16:55:05,73.2,25.3,78.06475,0
16:55:06,73.2,25.3,78.0539,0
16:55:07,73.2,25.3,77.99876,0
16:55:08,73.2,25.3,78.02141999999999,0
16:55:09,73.2,25.3,77.99624,0
16:55:10,73.2,25.3,77.99624,0
16:55:11,73.2,25.3,77.99057,0
16:55:12,73.2,25.3,77.96679,0
16:55:13,73.2,25.3,77.99327000000001,0
16:55:14,73.2,25.3,77.98306000000001,0
16:55:15,73.2,25.3,78.03403,0
16:55:16,73.1,25.2,77.97763,0
16:55:17,73.1,25.2,78.02425,0
16:55:18,73.1,25.2,78.035,0
16:55:19,73.1,25.2,77.99954,0
16:55:20,73.1,25.2,78.01545,0
16:55:21,73.1,25.2,78.00733,0
16:55:22,73.1,25.2,78.01383,0
16:55:23,73.1,25.2,77.99755,0
16:55:24,73.1,25.2,78.03796,0
16:55:25,73.1,25.2,78.05096,0
16:55:26,73.1,25.2,78.05449,0
16:55:27,73.1,25.2,78.06855,0
16:55:28,73.1,25.2,78.08138,0
16:55:29,73.1,25.2,78.08038,0
16:55:30,73.1,25.2,78.07898,0
16:55:31,73.1,25.2,78.09091000000001,0
16:55:32,73.1,25.2,78.03585,0
16:55:33,73.1,25.2,78.08382,0
16:55:34,73.1,25.2,78.0938,0
16:55:35,73.1,25.2,78.06012,0
16:55:36,73.1,25.2,78.05958,0
16:55:37,73.1,25.2,78.03247,0
16:55:38,73.1,25.2,78.07066,0
16:55:39,73.1,25.2,78.0556,0
16:55:40,73.1,25.2,78.02604,0
16:55:41,73.2,25.2,78.05024,0
16:55:42,73.2,25.2,78.09107,0
16:55:43,73.2,25.2,78.08187,0
16:55:44,73.2,25.2,78.08500000000001,0
16:55:45,73.2,25.2,78.08772,0
16:55:46,73.2,25.2,78.08667,0
16:55:47,73.2,25.2,78.07823,0
16:55:48,73.2,25.2,78.07962,0
16:55:49,73.2,25.2,78.1476,0
16:55:50,73.2,25.2,78.13018000000001,0
16:55:51,73.2,25.2,78.15218,0
16:55:52,73.2,25.2,78.17623999999999,0
16:55:53,73.2,25.2,78.17236,0
16:55:54,73.2,25.2,78.20937,0
16:55:55,73.2,25.2,78.20937,0
16:55:56,73.2,25.2,78.24455999999999,0
16:55:57,73.2,25.2,78.23146,0
16:55:58,73.2,25.2,78.2632,0
16:55:59,73.3,25.2,78.24845,0
16:56:00,73.3,25.2,78.26509,0
16:56:01,73.3,25.2,78.28385,0
16:56:02,73.3,25.2,78.32616,0
16:56:03,73.3,25.2,78.33812999999999,0
16:56:04,73.3,25.2,78.36632999999999,0
16:56:05,73.3,25.2,78.34369,0
16:56:06,73.3,25.2,78.41327,0
16:56:07,73.4,25.2,78.41688,0
16:56:08,73.4,25.2,78.47336,0
16:56:09,73.4,25.2,78.46132,0
16:56:10,73.4,25.2,78.51285,0
16:56:11,73.4,25.2,78.55386,0
16:56:12,73.5,25.2,78.58405,0
16:56:13,73.5,25.2,78.58291,0
16:56:14,73.5,25.2,78.66183,0
16:56:15,73.5,25.2,78.72185999999999,0
16:56:16,73.6,25.2,78.71484,0
16:56:17,73.6,25.2,78.77433,0
16:56:18,73.6,25.2,78.79915,0
16:56:19,73.6,25.2,78.82147,0
16:56:20,73.6,25.2,78.90446,0
16:56:21,73.7,25.2,78.87977000000001,0
16:56:22,73.7,25.2,78.95295,0
16:56:23,73.8,25.2,79.04133,0
16:56:24,73.8,25.2,79.07368,0
16:56:25,73.8,25.2,79.1281,0
16:56:26,73.9,25.2,79.14942,0
16:56:27,74,25.2,79.15901,0
16:56:28,74,25.2,79.20572,0
16:56:29,74,25.2,79.19545,0
16:56:30,74,25.2,79.28946,0
16:56:31,74.1,25.2,79.30039,0
16:56:32,74.1,25.2,79.34071,0
16:56:33,74.1,25.2,79.3455,0
16:56:34,74.2,25.2,79.41009,0
16:56:35,74.2,25.2,79.41301,0
16:56:36,74.2,25.2,79.37597,0
16:56:37,74.3,25.2,79.41584,0
16:56:38,74.3,25.2,79.41326,0
16:56:39,74.3,25.2,79.37313999999999,0
16:56:40,74.3,25.2,79.37313999999999,0
16:56:41,74.3,25.2,79.38792,0
16:56:42,74.4,25.2,79.3912,0
16:56:43,74.4,25.2,79.37942,0
16:56:44,74.4,25.2,79.37950000000001,0
16:56:45,74.4,25.2,79.33297999999999,0
16:56:46,74.4,25.2,79.40863,0
16:56:47,74.4,25.2,79.35793,0
16:56:48,74.4,25.2,79.34651000000001,0
16:56:49,74.4,25.2,79.28325000000001,0
16:56:50,74.4,25.2,79.23449000000001,0
16:56:51,74.4,25.2,79.19448,0
16:56:52,74.4,25.2,79.17613,0
16:56:53,74.4,25.2,79.17408999999999,0
16:56:54,74.4,25.2,79.17531,0
16:56:55,74.4,25.2,79.13262,0
16:56:56,74.4,25.2,79.11664,0
16:56:57,74.4,25.2,79.15692,0
16:56:58,74.4,25.2,79.17425,0
16:56:59,74.4,25.2,79.21331,0
16:57:00,74.4,25.2,79.24501000000001,0
16:57:01,74.4,25.2,79.26481,0
16:57:02,74.4,25.2,79.29256,0
16:57:03,74.4,25.2,79.28564999999999,0
16:57:04,74.4,25.2,79.35399,0
16:57:05,74.4,25.2,79.39471999999999,0
16:57:06,74.4,25.2,79.40559,0
16:57:07,74.4,25.2,79.44913,0
16:57:08,74.4,25.2,79.46151,0
16:57:09,74.4,25.2,79.52778,0
16:57:10,74.4,25.2,79.52719,0
16:57:11,74.5,25.2,79.55403,0
16:57:12,74.5,25.2,79.55424,0
16:57:13,74.5,25.2,79.55746,0
16:57:14,74.5,25.2,79.49573,0
16:57:15,74.5,25.2,79.5025,0
16:57:16,74.5,25.2,79.49376000000001,0
16:57:17,74.5,25.2,79.46121000000001,0
16:57:18,74.6,25.2,79.46479,0
16:57:19,74.6,25.2,79.46943,0
16:57:20,74.6,25.2,79.46217,0
16:57:21,74.6,25.2,79.45411,0
16:57:22,74.6,25.2,79.47444,0
16:57:23,74.6,25.2,79.41725,0
16:57:24,74.6,25.2,79.44155,0
16:57:25,74.6,25.2,79.44155,0
16:57:26,74.6,25.2,79.39836,0
16:57:27,74.6,25.2,79.33078,0
16:57:28,74.6,25.2,79.27181,0
16:57:29,74.6,25.2,79.20667,0
16:57:30,74.6,25.2,79.18422000000001,0
16:57:31,74.6,25.2,79.17537999999999,0
16:57:32,74.6,25.2,79.20965,0
16:57:33,74.5,25.2,79.17407,0
16:57:34,74.5,25.2,79.20994999999999,0
16:57:35,74.5,25.2,79.23316,0
16:57:36,74.5,25.2,79.23594,0
16:57:37,74.5,25.2,79.22203,0
16:57:38,74.5,25.2,79.18532,0
16:57:39,74.5,25.2,79.13369999999999,0
16:57:40,74.5,25.2,79.17007000000001,0
16:57:41,74.5,25.2,79.16805,0
16:57:42,74.4,25.2,79.12031,0
16:57:43,74.4,25.2,79.13204999999999,0
16:57:44,74.4,25.2,79.09563,0
16:57:45,74.4,25.2,79.09938,0
16:57:46,74.4,25.2,79.09777,0
16:57:47,74.4,25.2,79.12104,0
16:57:48,74.4,25.2,79.11955,0
16:57:49,74.4,25.2,79.12355,0
16:57:50,74.4,25.2,79.11338,0
16:57:51,74.4,25.2,79.1271,0
16:57:52,74.4,25.2,79.05547,0
16:57:53,74.4,25.2,79.06218,0
16:57:54,74.4,25.2,79.06299,0
16:57:55,74.3,25.2,79.0127,0
16:57:56,74.3,25.2,79.07457,0
16:57:57,74.3,25.2,79.06348,0
16:57:58,74.3,25.2,79.10315999999999,0
16:57:59,74.3,25.2,79.08989,0
16:58:00,74.3,25.2,79.15035999999999,0
16:58:01,74.3,25.2,79.15436,0
16:58:02,74.3,25.2,79.1817,0
16:58:03,74.3,25.2,79.17151,0
16:58:04,74.3,25.2,79.24455999999999,0
16:58:05,74.3,25.2,79.25719,0
16:58:06,74.3,25.2,79.30104999999999,0
16:58:07,74.3,25.2,79.32995000000001,0
16:58:08,74.3,25.2,79.35375,0
16:58:09,74.3,25.2,79.34281,0
16:58:10,74.4,25.2,79.34426,0
16:58:11,74.4,25.2,79.34426,0
16:58:12,74.4,25.2,79.35296,0
16:58:13,74.4,25.2,79.34890999999999,0
16:58:14,74.4,25.2,79.35638,0
16:58:15,74.4,25.2,79.34254,0
16:58:16,74.4,25.2,79.38697,0
16:58:17,74.4,25.2,79.38906999999999,0
16:58:18,74.5,25.2,79.41984,0
16:58:19,74.5,25.2,79.4115,0
16:58:20,74.5,25.2,79.46812,0
16:58:21,74.5,25.2,79.4698,0
16:58:22,74.5,25.2,79.47288999999999,0
16:58:23,74.5,25.2,79.44517,0
16:58:24,74.5,25.2,79.43839,0
16:58:25,74.5,25.2,79.46634999999999,0
16:58:26,74.5,25.2,79.46212,0
16:58:27,74.5,25.2,79.46577,0
16:58:28,74.5,25.2,79.49979,0
16:58:29,74.5,25.2,79.50214,0
16:58:30,74.5,25.2,79.49765,0
16:58:31,74.6,25.2,79.5315,0
16:58:32,74.6,25.2,79.49192000000001,0
16:58:33,74.6,25.2,79.49431,0
16:58:34,74.6,25.2,79.44366000000001,0
16:58:35,74.6,25.2,79.40783,0
16:58:36,74.6,25.2,79.37693,0
16:58:37,74.6,25.2,79.34674000000001,0
16:58:38,74.6,25.2,79.33957000000001,0
16:58:39,74.6,25.2,79.32705,0
16:58:40,74.6,25.2,79.27353000000001,0
16:58:41,74.6,25.2,79.30319,0
16:58:42,74.6,25.2,79.2615,0
16:58:43,74.6,25.2,79.26665,0
16:58:44,74.6,25.2,79.20874,0
16:58:45,74.6,25.2,79.15248,0
16:58:46,74.5,25.2,79.15396,0
16:58:47,74.5,25.2,79.15122,0
16:58:48,74.5,25.2,79.15316,0
16:58:49,74.5,25.2,79.1219,0
16:58:50,74.5,25.2,79.09463,0
16:58:51,74.5,25.2,79.113,0
16:58:52,74.4,25.2,79.11666000000001,0
16:58:53,74.4,25.2,79.1273,0
16:58:54,74.4,25.2,79.10864,0
16:58:55,74.4,25.2,79.09575,0
16:58:56,74.4,25.2,79.09575,0
16:58:57,74.4,25.2,79.06121999999999,0
16:58:58,74.4,25.2,79.04182,0
16:58:59,74.4,25.2,79.04853,0
16:59:00,74.4,25.2,79.00367,0
16:59:01,74.3,25.2,78.9122,0
16:59:02,74.3,25.2,78.89228,0
16:59:03,74.3,25.2,78.87902,0
16:59:04,74.3,25.2,78.8057,0
16:59:05,74.2,25.2,78.80923,0
16:59:06,74.2,25.2,78.80937,0
16:59:07,74.2,25.2,78.78167,0
16:59:08,74.2,25.2,78.82415,0
16:59:09,74.2,25.2,78.83224,0
16:59:10,74.2,25.2,78.83851,0
16:59:11,74.1,25.2,78.83141,0
16:59:12,74.1,25.2,78.83094,0
16:59:13,74.1,25.2,78.83535,0
16:59:14,74.1,25.2,78.83677999999999,0
16:59:15,74.1,25.2,78.82378,0
16:59:16,74.1,25.2,78.8649,0
16:59:17,74.1,25.2,78.84684,0
16:59:18,74.1,25.2,78.85871,0
16:59:19,74.1,25.2,78.86358999999999,0
16:59:20,74.1,25.2,78.86352,0
16:59:21,74.1,25.2,78.89677,0
16:59:22,74.1,25.2,78.90393999999999,0
16:59:23,74.1,25.2,78.89753,0
16:59:24,74.1,25.2,78.94572,0
16:59:25,74.1,25.2,78.95034,0
16:59:26,74.1,25.2,78.95853000000001,0
16:59:27,74.1,25.2,78.93841,0
16:59:28,74.1,25.2,78.94227000000001,0
16:59:29,74.1,25.2,78.96681,0
16:59:30,74.1,25.2,78.99772,0
16:59:31,74.1,25.2,78.95118,0
16:59:32,74.1,25.2,79.00257,0
16:59:33,74.1,25.2,79.02274,0
16:59:34,74.1,25.2,78.96976,0
16:59:35,74.1,25.2,78.97386,0
16:59:36,74.1,25.2,79.00582,0
16:59:37,74.1,25.2,79.04346,0
16:59:38,74.1,25.2,79.03787,0
16:59:39,74.1,25.2,79.02867,0
16:59:40,74.1,25.2,79.12283,0
16:59:41,74.1,25.2,79.12283,0
16:59:42,74.1,25.2,79.08942,0
16:59:43,74.2,25.2,79.12997,0
16:59:44,74.2,25.2,79.15607999999999,0
16:59:45,74.2,25.2,79.1751,0
16:59:46,74.2,25.2,79.17052,0
16:59:47,74.2,25.2,79.19588,0
16:59:48,74.2,25.2,79.18066999999999,0
16:59:49,74.2,25.2,79.21133,0
16:59:50,74.2,25.2,79.1647,0
16:59:51,74.2,25.2,79.15465999999999,0
16:59:52,74.3,25.2,79.15174999999999,0
16:59:53,74.3,25.2,79.12288,0
16:59:54,74.3,25.2,79.10618000000001,0
16:59:55,74.3,25.2,79.09344,0
16:59:56,74.3,25.2,79.01972,0
16:59:57,74.3,25.2,79.05086999999999,0
16:59:58,74.3,25.2,79.0628,0
16:59:59,74.3,25.2,79.06657,0
17:00:00,74.3,25.2,79.05716000000001,0
17:00:01,74.3,25.2,79.06893000000001,0
17:00:02,74.3,25.2,79.07948,0
17:00:03,74.3,25.2,79.1223,0
17:00:04,74.3,25.2,79.10095,0
17:00:05,74.3,25.2,79.12301000000001,0
17:00:06,74.3,25.2,79.11363999999999,0
17:00:07,74.3,25.2,79.09228999999999,0
17:00:08,74.3,25.2,79.08228000000001,0
17:00:09,74.3,25.2,79.12417,0
17:00:10,74.3,25.2,79.11784,0
17:00:11,74.3,25.2,79.15908,0
17:00:12,74.3,25.2,79.12148,0
17:00:13,74.3,25.2,79.20885,0
17:00:14,74.3,25.2,79.23127,0
17:00:15,74.3,25.2,79.27423999999999,0
17:00:16,74.3,25.2,79.26021,0
17:00:17,74.3,25.2,79.28805,0
17:00:18,74.3,25.2,79.29774,0
17:00:19,74.3,25.2,79.2434,0
17:00:20,74.3,25.2,79.32088,0
17:00:21,74.3,25.2,79.34626999999999,0
17:00:22,74.4,25.2,79.33482,0
17:00:23,74.4,25.2,79.32695,0
17:00:24,74.4,25.2,79.33017,0
17:00:25,74.4,25.2,79.29608,0
17:00:26,74.4,25.2,79.29608,0
17:00:27,74.4,25.2,79.27745,0
17:00:28,74.4,25.2,79.18727,0
17:00:29,74.4,25.2,79.22823,0
17:00:30,74.4,25.2,79.21021,0
17:00:31,74.4,25.2,79.16981,0
17:00:32,74.4,25.2,79.17277,0
17:00:33,74.4,25.2,79.15575,0
17:00:34,74.4,25.2,79.14318999999999,0
17:00:35,74.4,25.2,79.15838,0
17:00:36,74.4,25.2,79.13842,0
17:00:37,74.4,25.2,79.1571,0
17:00:38,74.4,25.2,79.14729,0
17:00:39,74.4,25.2,79.15537,0
17:00:40,74.4,25.2,79.14894,0
17:00:41,74.4,25.2,79.17702,0
17:00:42,74.4,25.2,79.15788,0
17:00:43,74.4,25.2,79.14734,0
17:00:44,74.4,25.2,79.18289,0
17:00:45,74.4,25.2,79.1685,0
17:00:46,74.4,25.2,79.18184000000001,0
17:00:47,74.4,25.2,79.16868000000001,0
17:00:48,74.4,25.2,79.18378,0
17:00:49,74.4,25.2,79.16747,0
17:00:50,74.4,25.2,79.21489000000001,0
17:00:51,74.4,25.2,79.2003,0
17:00:52,74.4,25.2,79.24666,0
17:00:53,74.4,25.2,79.25644,0
17:00:54,74.4,25.2,79.25845,0
17:00:55,74.4,25.2,79.2785,0
17:00:56,74.4,25.2,79.30395,0
17:00:57,74.4,25.2,79.32701,0
17:00:58,74.4,25.2,79.32001,0
17:00:59,74.4,25.2,79.39692000000001,0
17:01:00,74.4,25.2,79.40926,0
17:01:01,74.4,25.2,79.4696,0
17:01:02,74.4,25.2,79.47537,0
17:01:03,74.5,25.2,79.47014,0
17:01:04,74.5,25.2,79.46348,0
17:01:05,74.5,25.2,79.46464,0
17:01:06,74.5,25.2,79.41714,0
17:01:07,74.5,25.2,79.45972,0
17:01:08,74.5,25.2,79.47337,0
17:01:09,74.5,25.2,79.44682,0
17:01:10,74.5,25.2,79.42495000000001,0
17:01:11,74.5,25.2,79.42495000000001,0
17:01:12,74.6,25.2,79.47583,0
17:01:13,74.6,25.2,79.47495,0
17:01:14,74.6,25.2,79.49937,0
17:01:15,74.6,25.2,79.50321,0
17:01:16,74.6,25.2,79.55383,0
17:01:17,74.6,25.2,79.55095,0
17:01:18,74.6,25.2,79.58577,0
17:01:19,74.6,25.2,79.58185,0
17:01:20,74.6,25.2,79.58454,0
17:01:21,74.6,25.2,79.58363,0
17:01:22,74.7,25.2,79.53406,0
17:01:23,74.7,25.2,79.61031,0
17:01:24,74.7,25.2,79.65108,0
17:01:25,74.7,25.2,79.6554,0
17:01:26,74.7,25.2,79.6416,0
17:01:27,74.7,25.2,79.63956,0
17:01:28,74.7,25.2,79.66485,0
17:01:29,74.7,25.2,79.68678,0
17:01:30,74.8,25.2,79.6663,0
17:01:31,74.8,25.2,79.70336,0
17:01:32,74.8,25.2,79.64877,0
17:01:33,74.8,25.2,79.64358,0
17:01:34,74.8,25.2,79.63835,0
17:01:35,74.8,25.2,79.63791,0
17:01:36,74.8,25.2,79.64324,0
17:01:37,74.8,25.2,79.63313,0
17:01:38,74.8,25.2,79.60377,0
17:01:39,74.8,25.2,79.61049,0
17:01:40,74.8,25.2,79.58774,0
17:01:41,74.8,25.2,79.55565999999999,0
17:01:42,74.8,25.2,79.5604,0
17:01:43,74.8,25.2,79.57318,0
17:01:44,74.8,25.2,79.58709,0
17:01:45,74.8,25.2,79.58304000000001,0
17:01:46,74.8,25.2,79.62137,0
17:01:47,74.8,25.2,79.6423,0
17:01:48,74.8,25.2,79.63547,0
17:01:49,74.8,25.2,79.64201,0
17:01:50,74.8,25.2,79.64335,0
17:01:51,74.8,25.2,79.64173,0
17:01:52,74.8,25.2,79.64361,0
17:01:53,74.8,25.2,79.64079,0
17:01:54,74.8,25.2,79.60853,0
17:01:55,74.8,25.2,79.63826,0
17:01:56,74.8,25.2,79.61648,0
17:01:57,74.8,25.2,79.61648,0
17:01:58,74.8,25.2,79.55349000000001,0
17:01:59,74.8,25.2,79.50502,0
17:02:00,74.8,25.2,79.47579,0
17:02:01,74.8,25.2,79.44954,0
17:02:02,74.8,25.2,79.37081,0
17:02:03,74.8,25.2,79.29751,0
17:02:04,74.8,25.2,79.35475,0
17:02:05,74.8,25.2,79.30221,0
17:02:06,74.7,25.2,79.24339,0
17:02:07,74.7,25.2,79.20895999999999,0
17:02:08,74.7,25.2,79.18158,0
17:02:09,74.7,25.2,79.14331999999999,0
17:02:10,74.6,25.2,79.14645999999999,0
17:02:11,74.6,25.2,79.12933,0
17:02:12,74.6,25.2,79.12348999999999,0
17:02:13,74.6,25.2,79.05706,0
17:02:14,74.6,25.2,79.06381999999999,0
17:02:15,74.5,25.2,79.04323,0
17:02:16,74.5,25.2,79.02656999999999,0
17:02:17,74.5,25.2,79.06384,0
17:02:18,74.5,25.2,79.09931,0
17:02:19,74.5,25.2,79.0463,0
17:02:20,74.5,25.2,79.09717,0
17:02:21,74.5,25.2,79.06177,0
17:02:22,74.4,25.2,79.06322999999999,0
17:02:23,74.4,25.2,79.03513,0
17:02:24,74.4,25.2,78.99846000000001,0
17:02:25,74.4,25.2,79.00999,0
17:02:26,74.4,25.2,78.99885,0
17:02:27,74.4,25.2,79.01241,0
17:02:28,74.4,25.2,79.00411000000001,0
17:02:29,74.4,25.2,78.956,0
17:02:30,74.4,25.2,78.91288,0
17:02:31,74.3,25.2,78.88692,0
17:02:32,74.3,25.2,78.85879,0
17:02:33,74.3,25.2,78.80749,0
17:02:34,74.3,25.2,78.81907,0
17:02:35,74.3,25.2,78.75054,0
17:02:36,74.3,25.2,78.76893,0
17:02:37,74.2,25.2,78.76867,0
17:02:38,74.2,25.2,78.70972,0
17:02:39,74.2,25.2,78.71540999999999,0
17:02:40,74.2,25.2,78.66079,0
17:02:41,74.2,25.2,78.64417,0
17:02:42,74.1,25.2,78.64417,0
17:02:43,74.1,25.2,78.66018,0
17:02:44,74.1,25.2,78.64602000000001,0
17:02:45,74.1,25.2,78.66419,0
17:02:46,74.1,25.2,78.64373,0
17:02:47,74,25.2,78.63348,0
17:02:48,74,25.2,78.63752000000001,0
17:02:49,74,25.2,78.63900000000001,0
17:02:50,74,25.2,78.63812,0
17:02:51,74,25.2,78.63696999999999,0
17:02:52,74,25.2,78.60394000000001,0
17:02:53,74,25.2,78.68344,0
17:02:54,74,25.2,78.66185999999999,0
17:02:55,74,25.2,78.68654000000001,0
17:02:56,74,25.2,78.6593,0
17:02:57,74,25.2,78.66146,0
17:02:58,74,25.2,78.64723000000001,0
17:02:59,74,25.2,78.65566000000001,0
17:03:00,74,25.2,78.62085,0
17:03:01,74,25.2,78.65725,0
17:03:02,74,25.2,78.67266000000001,0
17:03:03,74,25.2,78.63238,0
17:03:04,73.9,25.2,78.63597,0
17:03:05,73.9,25.2,78.66682,0
17:03:06,73.9,25.2,78.66393000000001,0
17:03:07,73.9,25.2,78.66605,0
17:03:08,73.9,25.2,78.68971,0
17:03:09,73.9,25.2,78.72074,0
17:03:10,73.9,25.2,78.71276999999999,0
17:03:11,73.9,25.2,78.71998,0
17:03:12,73.9,25.2,78.71042,0
17:03:13,73.9,25.2,78.65852,0
17:03:14,73.9,25.2,78.65925,0
17:03:15,73.9,25.2,78.65138,0
17:03:16,73.9,25.2,78.61069,0
17:03:17,73.9,25.2,78.68783,0
17:03:18,73.9,25.2,78.72116,0
17:03:19,73.9,25.2,78.69344000000001,0
17:03:20,73.9,25.2,78.68978,0
17:03:21,73.9,25.2,78.69522,0
17:03:22,73.9,25.2,78.75159000000001,0
17:03:23,73.9,25.2,78.75148,0
17:03:24,73.9,25.2,78.72337,0
17:03:25,73.9,25.2,78.77386,0
17:03:26,73.9,25.2,78.77146,0
17:03:27,74,25.2,78.77146,0
17:03:28,74,25.2,78.77461,0
17:03:29,74,25.2,78.77255,0
17:03:30,74,25.2,78.82001,0
17:03:31,74,25.2,78.82884,0
17:03:32,74,25.2,78.82689,0
17:03:33,74,25.2,78.78962,0
17:03:34,74,25.2,78.8935,0
17:03:35,74,25.2,78.8887,0
17:03:36,74,25.2,78.86126,0
17:03:37,74,25.2,78.8764,0
17:03:38,74,25.2,78.80286,0
17:03:39,74,25.2,78.80120000000001,0
17:03:40,74,25.2,78.81013999999999,0
17:03:41,74,25.2,78.80248,0
17:03:42,74,25.2,78.8248,0
17:03:43,74.1,25.2,78.89564,0
17:03:44,74.1,25.2,78.91985,0
17:03:45,74.1,25.2,78.94607,0
17:03:46,74.1,25.2,78.95769,0
17:03:47,74.1,25.2,78.96846,0
17:03:48,74.1,25.2,78.9902,0
17:03:49,74.1,25.2,78.98073,0
17:03:50,74.1,25.2,79.00153,0
17:03:51,74.1,25.2,78.99634,0
17:03:52,74.1,25.2,78.97232,0
17:03:53,74.1,25.2,79.04688,0
17:03:54,74.2,25.2,79.03542,0
17:03:55,74.2,25.2,79.02604,0
17:03:56,74.2,25.2,79.09638,0
17:03:57,74.2,25.2,79.07399000000001,0
17:03:58,74.2,25.2,79.08963,0
17:03:59,74.2,25.2,79.1225,0
17:04:00,74.2,25.2,79.09751,0
17:04:01,74.2,25.2,79.1092,0
17:04:02,74.2,25.2,79.09842,0
17:04:03,74.2,25.2,79.05776,0
17:04:04,74.3,25.2,79.06767,0
17:04:05,74.3,25.2,79.02958,0
17:04:06,74.3,25.2,78.99912,0
17:04:07,74.3,25.2,79.00914999999999,0
17:04:08,74.3,25.2,78.97138,0
17:04:09,74.3,25.2,78.97399,0
17:04:10,74.3,25.2,78.98114000000001,0
17:04:11,74.3,25.2,78.95947,0
17:04:12,74.3,25.2,78.95947,0
17:04:13,74.3,25.2,78.94628,0
17:04:14,74.3,25.2,78.97404999999999,0
17:04:15,74.3,25.2,78.95523,0
17:04:16,74.3,25.2,79.00382,0
17:04:17,74.3,25.2,79.00853,0
17:04:18,74.3,25.2,78.99722,0
17:04:19,74.3,25.2,78.9543,0
17:04:20,74.3,25.2,78.9379,0
17:04:21,74.3,25.2,78.90196,0
17:04:22,74.3,25.2,78.91793,0
17:04:23,74.3,25.2,78.90281,0
17:04:24,74.3,25.2,78.88233,0
17:04:25,74.2,25.2,78.89227,0
17:04:26,74.2,25.2,78.85731,0
17:04:27,74.2,25.2,78.83697,0
17:04:28,74.2,25.2,78.83177,0
17:04:29,74.2,25.2,78.79777,0
17:04:30,74.2,25.2,78.8019,0
17:04:31,74.2,25.2,78.79836,0
17:04:32,74.2,25.2,78.78124,0
17:04:33,74.2,25.2,78.77204,0
17:04:34,74.2,25.2,78.74806,0
17:04:35,74.2,25.2,78.71597,0
17:04:36,74.2,25.2,78.71732999999999,0
17:04:37,74.1,25.2,78.64974000000001,0
17:04:38,74.1,25.2,78.66095,0
17:04:39,74.1,25.2,78.60736,0
17:04:40,74.1,25.2,78.65699000000001,0
17:04:41,74.1,25.2,78.67144,0
17:04:42,74.1,25.2,78.57726000000001,0
17:04:43,74.1,25.2,78.57961,0
17:04:44,74.1,25.2,78.54567999999999,0
17:04:45,74.1,25.2,78.52209,0
17:04:46,74,25.2,78.50195,0
17:04:47,74,25.2,78.52595,0
17:04:48,74,25.2,78.54583000000001,0
17:04:49,74,25.2,78.53233,0
17:04:50,74,25.2,78.54881999999999,0
17:04:51,74,25.2,78.60483,0
17:04:52,74,25.2,78.59914,0
17:04:53,73.9,25.2,78.60074999999999,0
17:04:54,73.9,25.2,78.59644,0
17:04:55,73.9,25.2,78.55204,0
17:04:56,73.9,25.2,78.658,0
17:04:57,73.9,25.2,78.64387,0
17:04:58,73.9,25.2,78.64387,0
17:04:59,73.9,25.2,78.6318,0
17:05:00,73.9,25.2,78.62793,0
17:05:01,73.9,25.2,78.63379,0
17:05:02,73.9,25.2,78.63308,0
17:05:03,73.9,25.2,78.63647,0
17:05:04,73.9,25.2,78.63029999999999,0
17:05:05,73.9,25.2,78.659,0
17:05:06,73.9,25.2,78.68610000000001,0
17:05:07,73.9,25.2,78.71409,0
17:05:08,73.9,25.2,78.74122,0
17:05:09,73.9,25.2,78.76279000000001,0
17:05:10,73.9,25.2,78.82608,0
17:05:11,73.9,25.2,78.87728,0
17:05:12,74,25.2,78.85842,0
17:05:13,74,25.2,78.91604,0
17:05:14,74,25.2,78.95241,0
17:05:15,74,25.2,78.97189999999999,0
17:05:16,74,25.2,78.98025,0
17:05:17,74,25.2,79.01078,0
17:05:18,74.1,25.2,79.0304,0
17:05:19,74.1,25.2,79.04616,0
17:05:20,74.1,25.2,79.05973,0
17:05:21,74.1,25.2,79.11956,0
17:05:22,74.2,25.2,79.15014000000001,0
17:05:23,74.2,25.2,79.14444,0
17:05:24,74.2,25.2,79.20655,0
17:05:25,74.2,25.2,79.23441,0
17:05:26,74.2,25.2,79.25242999999999,0
17:05:27,74.3,25.2,79.28764000000001,0
17:05:28,74.3,25.2,79.2304,0
17:05:29,74.3,25.2,79.30159,0
17:05:30,74.3,25.2,79.35263,0
17:05:31,74.4,25.2,79.35803,0
17:05:32,74.4,25.2,79.38661,0
17:05:33,74.4,25.2,79.41460000000001,0
17:05:34,74.4,25.2,79.4401,0
17:05:35,74.5,25.2,79.47606999999999,0
17:05:36,74.5,25.2,79.48696,0
17:05:37,74.5,25.2,79.57386,0
17:05:38,74.5,25.2,79.57872,0
17:05:39,74.6,25.2,79.6391,0
17:05:40,74.6,25.2,79.67579,0
17:05:41,74.6,25.2,79.66797,0
17:05:42,74.6,25.2,79.70438,0
17:05:43,74.7,25.2,79.70438,0
17:05:44,74.7,25.2,79.66642,0
17:05:45,74.7,25.2,79.7184,0
17:05:46,74.7,25.2,79.72543,0
17:05:47,74.7,25.2,79.73514,0
17:05:48,74.8,25.2,79.71922,0
17:05:49,74.8,25.2,79.72216,0
17:05:50,74.8,25.2,79.76321,0
17:05:51,74.8,25.2,79.7337,0
17:05:52,74.9,25.2,79.72637999999999,0
17:05:53,74.9,25.2,79.73541,0
17:05:54,74.9,25.2,79.76592,0
17:05:55,74.9,25.2,79.80208,0
17:05:56,74.9,25.2,79.84052,0
17:05:57,74.9,25.2,79.84133,0
17:05:58,74.9,25.2,79.86598000000001,0
17:05:59,74.9,25.2,79.89247,0
17:06:00,74.9,25.2,79.922,0
17:06:01,75,25.2,79.91305,0
17:06:02,75,25.2,80.02028,0
17:06:03,75,25.2,80.00977999999999,0
17:06:04,75,25.2,80.02517999999999,0
17:06:05,75,25.2,80.05041,0
17:06:06,75.1,25.2,80.04491,0
17:06:07,75.1,25.2,80.04341000000001,0
17:06:08,75.1,25.2,80.05135,0
17:06:09,75.1,25.2,79.99285,0
17:06:10,75.1,25.2,80.02401,0
17:06:11,75.2,25.2,79.98804,0
17:06:12,75.2,25.2,79.97576,0
17:06:13,75.2,25.2,80.02474000000001,0
17:06:14,75.2,25.2,79.99465000000001,0
17:06:15,75.2,25.2,79.97244,0
17:06:16,75.2,25.2,79.96435,0
17:06:17,75.2,25.2,79.91268000000001,0
17:06:18,75.2,25.2,79.93507,0
17:06:19,75.2,25.2,79.87589,0
17:06:20,75.2,25.2,79.85872,0
17:06:21,75.2,25.2,79.80284,0
17:06:22,75.2,25.2,79.73374,0
17:06:23,75.2,25.2,79.66893,0
17:06:24,75.2,25.2,79.67329,0
17:06:25,75.2,25.2,79.63606,0
17:06:26,75.1,25.2,79.6334,0
17:06:27,75.1,25.2,79.57894,0
17:06:28,75.1,25.2,79.57894,0
17:06:29,75.1,25.2,79.58172,0
17:06:30,75.1,25.2,79.5235,0
17:06:31,75,25.2,79.52393,0
17:06:32,75,25.2,79.46445,0
17:06:33,75,25.2,79.47367,0
17:06:34,75,25.2,79.4716,0
17:06:35,75,25.2,79.40833,0
17:06:36,74.9,25.2,79.38745,0
17:06:37,74.9,25.2,79.38401,0
17:06:38,74.9,25.2,79.41411000000001,0
17:06:39,74.8,25.2,79.3822,0
17:06:40,74.8,25.2,79.36776,0
17:06:41,74.8,25.2,79.38843,0
17:06:42,74.8,25.2,79.38239,0
17:06:43,74.8,25.2,79.33932999999999,0
17:06:44,74.8,25.2,79.34982000000001,0
17:06:45,74.8,25.2,79.35474,0
17:06:46,74.7,25.2,79.32343,0
17:06:47,74.7,25.2,79.29265,0
17:06:48,74.7,25.2,79.29827,0
17:06:49,74.7,25.2,79.27389000000001,0
17:06:50,74.7,25.2,79.30221,0
17:06:51,74.7,25.2,79.26313,0
17:06:52,74.7,25.2,79.25739,0
17:06:53,74.6,25.2,79.26687,0
17:06:54,74.6,25.2,79.22749,0
17:06:55,74.6,25.2,79.21788,0
17:06:56,74.6,25.2,79.1446,0
17:06:57,74.6,25.2,79.10277,0
17:06:58,74.6,25.2,79.09147,0
17:06:59,74.6,25.2,79.06333,0
17:07:00,74.6,25.2,79.05522,0
17:07:01,74.5,25.2,79.03587,0
17:07:02,74.5,25.2,78.99947,0
17:07:03,74.5,25.2,79.00876,0
17:07:04,74.5,25.2,78.95643,0
17:07:05,74.5,25.2,79.01177,0
17:07:06,74.4,25.2,78.94796,0
17:07:07,74.4,25.2,78.92538,0
17:07:08,74.4,25.2,78.91364,0
17:07:09,74.4,25.2,78.94497,0
17:07:10,74.4,25.2,78.95791,0
17:07:11,74.4,25.2,78.9793,0
17:07:12,74.4,25.2,78.97305999999999,0
17:07:13,74.4,25.2,79.01578,0
17:07:14,74.3,25.2,79.01578,0
17:07:15,74.3,25.2,79.03641,0
17:07:16,74.3,25.2,79.03641,0
17:07:17,74.3,25.2,79.01211,0
17:07:18,74.3,25.2,79.03618,0
17:07:19,74.3,25.2,79.05978,0
17:07:20,74.3,25.2,79.02156000000001,0
17:07:21,74.3,25.2,79.02898,0
17:07:22,74.3,25.2,79.06496,0
17:07:23,74.3,25.2,79.01959,0
17:07:24,74.3,25.2,79.04048999999999,0
17:07:25,74.3,25.2,79.03725,0
17:07:26,74.3,25.2,79.01053,0
17:07:27,74.3,25.2,78.96856,0
17:07:28,74.3,25.2,78.97937999999999,0
17:07:29,74.3,25.2,78.96335,0
17:07:30,74.3,25.2,78.91916,0
17:07:31,74.3,25.2,78.99469,0
17:07:32,74.3,25.2,79.00406,0
17:07:33,74.3,25.2,79.03963,0
17:07:34,74.3,25.2,79.05127,0
17:07:35,74.3,25.2,79.06038,0
17:07:36,74.3,25.2,79.08586,0
17:07:37,74.3,25.2,79.08383,0
17:07:38,74.3,25.2,79.08,0
17:07:39,74.3,25.2,79.11698,0
17:07:40,74.3,25.2,79.13848999999999,0
17:07:41,74.3,25.2,79.17797,0
17:07:42,74.3,25.2,79.23072,0
17:07:43,74.3,25.2,79.25942,0
17:07:44,74.3,25.2,79.30158,0
17:07:45,74.4,25.2,79.30302,0
17:07:46,74.4,25.2,79.32131,0
17:07:47,74.4,25.2,79.33171999999999,0
17:07:48,74.4,25.2,79.28972,0
17:07:49,74.4,25.2,79.30011,0
17:07:50,74.4,25.2,79.29147,0
17:07:51,74.4,25.2,79.22592,0
17:07:52,74.4,25.2,79.24151,0
17:07:53,74.4,25.2,79.17985,0
17:07:54,74.5,25.2,79.22425,0
17:07:55,74.5,25.2,79.22194,0
17:07:56,74.5,25.2,79.14802,0
17:07:57,74.5,25.2,79.09182,0
17:07:58,74.5,25.2,79.07275,0
17:07:59,74.5,25.2,79.07275,0
17:08:00,74.5,25.2,79.02861,0
17:08:01,74.4,25.2,78.97159,0
17:08:02,74.4,25.2,78.92224,0
17:08:03,74.4,25.2,78.89058,0
17:08:04,74.4,25.2,78.81314,0
17:08:05,74.4,25.2,78.74407,0
17:08:06,74.3,25.2,78.6572,0
17:08:07,74.3,25.2,78.57862,0
17:08:08,74.2,25.2,78.46864,0
17:08:09,74.2,25.2,78.36583999999999,0
17:08:10,74.1,25.2,78.28953,0
17:08:11,74,25.2,78.2331,0
17:08:12,73.9,25.2,78.11843,0
17:08:13,73.8,25.2,77.9471,0
17:08:14,73.8,25.2,77.83142,0
17:08:15,73.7,25.2,77.71415999999999,0
17:08:16,73.6,25.2,77.59943,0
17:08:17,73.4,25.2,77.47565,0
17:08:18,73.3,25.2,77.33118,0
17:08:19,73.2,25.2,77.23993999999999,0
17:08:20,73.1,25.2,77.12384,0
17:08:21,73,25.2,77.0107,0
17:08:22,72.9,25.2,76.91590000000001,0
17:08:23,72.8,25.2,76.81163,0
17:08:24,72.7,25.1,76.70352,0
17:08:25,72.5,25.1,76.6234,0
17:08:26,72.3,25.1,76.56394,0
17:08:27,72.2,25.1,76.4822,0
17:08:28,72.1,25.1,76.41161,0
17:08:29,72,25.1,76.28967,0
17:08:30,71.9,25.1,76.20222,0
17:08:31,71.8,25.1,76.09814,0
17:08:32,71.7,25.1,76.01142,0
17:08:33,71.6,25.1,75.91273,0
17:08:34,71.5,25.1,75.80491,0
17:08:35,71.3,25.1,75.73627,0
17:08:36,71.3,25.1,75.65079999999999,0
17:08:37,71.1,25.1,75.54012,0
17:08:38,71.1,25.1,75.44463,0
17:08:39,71,25.1,75.33069,0
17:08:40,70.9,25.1,75.22199,0
17:08:41,70.8,25.1,75.12368000000001,0
17:08:42,70.7,25.1,75.09226,0
17:08:43,70.6,25.1,75.03321,0
17:08:44,70.4,25.1,75.03321,0
17:08:45,70.3,25.1,74.95408,0
17:08:46,70.3,25.1,74.83782,0
17:08:47,70.2,25.1,74.73116,0
17:08:48,70.1,25.1,74.67184,0
17:08:49,70.1,25.1,74.60833,0
17:08:50,70,25.1,74.48463,0
17:08:51,69.9,25.1,74.42356,0
17:08:52,69.8,25,74.40527999999999,0
17:08:53,69.7,25,74.31846,0
17:08:54,69.6,25,74.28524,0
17:08:55,69.5,25,74.20451,0
17:08:56,69.5,25,74.11272,0
17:08:57,69.4,25,74.05736,0
17:08:58,69.4,25,73.99238,0
17:08:59,69.3,25,73.96363000000001,0
17:09:00,69.2,25,73.91654,0
17:09:01,69.2,25,73.88114999999999,0
17:09:02,69.1,25,73.77134,0
17:09:03,69.1,25,73.69200000000001,0
17:09:04,69,25,73.65728,0
17:09:05,68.9,25,73.60686,0
17:09:06,68.9,25,73.53933,0
17:09:07,68.8,25,73.48382,0
17:09:08,68.8,25,73.37797,0
17:09:09,68.7,25,73.3698,0
17:09:10,68.6,25,73.32303999999999,0
17:09:11,68.6,25,73.21831,0
17:09:12,68.6,25,73.16278,0
17:09:13,68.5,25,73.08001,0
17:09:14,68.4,25,73.01661,0
17:09:15,68.4,25,72.9461,0
17:09:16,68.4,25,72.88964,0
17:09:17,68.3,25,72.83760000000001,0
17:09:18,68.2,25,72.79602,0
17:09:19,68.2,25,72.64756,0
17:09:20,68.1,25,72.59356,0
17:09:21,68.1,25,72.53788,0
17:09:22,68,25,72.48742,0
17:09:23,67.9,24.9,72.35574,0
17:09:24,67.9,24.9,72.31195,0
17:09:25,67.8,24.9,72.26986,0
17:09:26,67.7,24.9,72.20612,0
17:09:27,67.7,24.9,72.12959,0
17:09:28,67.6,24.9,72.03577,0
17:09:29,67.6,24.9,72.03577,0
17:09:30,67.6,24.9,71.97202,0
17:09:31,67.5,24.9,71.92773,0
17:09:32,67.4,24.9,71.85618000000001,0
17:09:33,67.4,24.9,71.84675,0
17:09:34,67.3,24.9,71.74764,0
17:09:35,67.3,24.9,71.6882,0
17:09:36,67.2,24.9,71.60719,0
17:09:37,67.2,24.9,71.54673,0
17:09:38,67.1,24.9,71.46569000000001,0
17:09:39,67.1,24.9,71.38560000000001,0
17:09:40,67,24.9,71.32926,0
17:09:41,67,24.9,71.26985,0
17:09:42,66.9,24.9,71.18984999999999,0
17:09:43,66.9,24.9,71.17093,0
17:09:44,66.8,24.9,71.12265,0
17:09:45,66.8,24.9,71.06175999999999,0
17:09:46,66.7,24.9,71.01089999999999,0
17:09:47,66.7,24.9,70.94769,0
17:09:48,66.7,24.9,70.84932,0
17:09:49,66.6,24.9,70.80098,0
17:09:50,66.6,24.9,70.74188,0
17:09:51,66.5,24.9,70.73700000000001,0
17:09:52,66.5,24.9,70.71682,0
17:09:53,66.4,24.9,70.62898,0
17:09:54,66.4,24.9,70.57379999999999,0
17:09:55,66.4,24.9,70.5177,0
17:09:56,66.3,24.9,70.45653,0
17:09:57,66.3,24.9,70.42376,0
17:09:58,66.2,24.9,70.40665,0
17:09:59,66.2,24.9,70.35698000000001,0
17:10:00,66.2,24.9,70.31148999999999,0
17:10:01,66.1,24.9,70.25082,0
17:10:02,66.1,24.9,70.18759,0
17:10:03,66,24.9,70.13126,0
17:10:04,66,24.9,70.09696,0
17:10:05,66,24.9,70.04599999999999,0
17:10:06,65.9,24.9,70.04998,0
17:10:07,65.9,24.9,69.9809,0
17:10:08,65.9,24.9,69.93506000000001,0
17:10:09,65.9,24.9,69.86708,0
17:10:10,65.8,24.9,69.75647000000001,0
17:10:11,65.8,24.9,69.73419,0
17:10:12,65.7,24.8,69.68227,0
17:10:13,65.7,24.8,69.64757,0
17:10:14,65.7,24.8,69.64757,0
17:10:15,65.7,24.8,69.62209,0
17:10:16,65.6,24.8,69.58246,0
17:10:17,65.6,24.8,69.55391,0
17:10:18,65.5,24.8,69.53637,0
17:10:19,65.5,24.8,69.48771,0
17:10:20,65.5,24.8,69.44505,0
17:10:21,65.5,24.8,69.42293000000001,0
17:10:22,65.4,24.8,69.38755,0
17:10:23,65.4,24.8,69.31957,0
17:10:24,65.4,24.8,69.32392,0
17:10:25,65.4,24.8,69.27308,0
17:10:26,65.3,24.8,69.25349,0
17:10:27,65.3,24.8,69.20277999999999,0
17:10:28,65.3,24.8,69.1576,0
17:10:29,65.2,24.8,69.14253000000001,0
17:10:30,65.2,24.8,69.14748,0
17:10:31,65.2,24.8,69.08549000000001,0
17:10:32,65.2,24.8,69.02724,0
17:10:33,65.2,24.8,68.95201,0
17:10:34,65.2,24.8,68.96105,0
17:10:35,65.1,24.8,68.88188,0
17:10:36,65.1,24.8,68.81923,0
17:10:37,65.1,24.8,68.76914,0
17:10:38,65.1,24.8,68.66911,0
17:10:39,65,24.8,68.61415,0
17:10:40,65,24.8,68.52114999999999,0
17:10:41,64.9,24.8,68.50001,0
17:10:42,64.9,24.8,68.47614,0
17:10:43,64.9,24.8,68.42207,0
17:10:44,64.8,24.8,68.37516000000001,0
17:10:45,64.8,24.8,68.33021000000001,0
17:10:46,64.7,24.8,68.29425,0
17:10:47,64.7,24.8,68.27005,0
17:10:48,64.6,24.8,68.22160000000001,0
17:10:49,64.6,24.8,68.1594,0
17:10:50,64.6,24.8,68.13038,0
17:10:51,64.6,24.8,68.1121,0
17:10:52,64.5,24.8,68.09290999999999,0
17:10:53,64.5,24.8,68.0701,0
17:10:54,64.5,24.8,68.00325000000001,0
17:10:55,64.4,24.8,67.94332,0
17:10:56,64.4,24.8,67.88876,0
17:10:57,64.3,24.8,67.83801,0
17:10:58,64.3,24.8,67.81576,0
17:10:59,64.3,24.8,67.81576,0
17:11:00,64.3,24.8,67.77322,0
17:11:01,64.2,24.8,67.72072999999999,0
17:11:02,64.2,24.8,67.69867,0
17:11:03,64.1,24.8,67.61288,0
17:11:04,64.1,24.8,67.58972,0
17:11:05,64.1,24.8,67.52764,0
17:11:06,64,24.8,67.46518999999999,0
17:11:07,64,24.8,67.41824,0
17:11:08,64,24.8,67.34153,0
17:11:09,63.9,24.8,67.34966,0
17:11:10,63.9,24.8,67.26100000000001,0
17:11:11,63.9,24.8,67.23945,0
17:11:12,63.8,24.8,67.17224,0
17:11:13,63.8,24.8,67.14710000000001,0
17:11:14,63.7,24.8,67.06087,0
17:11:15,63.7,24.8,67.03889,0
17:11:16,63.6,24.8,66.98674,0
17:11:17,63.6,24.8,66.94666000000001,0
17:11:18,63.6,24.8,66.94805000000001,0
17:11:19,63.6,24.8,66.9021,0
17:11:20,63.5,24.8,66.83324,0
17:11:21,63.5,24.8,66.78451,0
17:11:22,63.5,24.8,66.72749999999999,0
17:11:23,63.4,24.8,66.67814,0
17:11:24,63.4,24.8,66.64012,0
17:11:25,63.3,24.8,66.58275,0
17:11:26,63.3,24.8,66.50503,0
17:11:27,63.2,24.8,66.52544999999999,0
17:11:28,63.2,24.8,66.43674,0
17:11:29,63.2,24.8,66.41510000000001,0
17:11:30,63.1,24.8,66.37362,0
17:11:31,63.1,24.8,66.35347,0
17:11:32,63.1,24.8,66.29991,0
17:11:33,63,24.8,66.26852,0
17:11:34,63,24.8,66.21828,0
17:11:35,63,24.8,66.23523999999999,0
17:11:36,63,24.8,66.1849,0
17:11:37,62.9,24.8,66.15987,0
17:11:38,62.9,24.8,66.10969,0
17:11:39,62.9,24.8,66.04719999999999,0
17:11:40,62.8,24.8,66.01114,0
17:11:41,62.8,24.8,65.95879,0
17:11:42,62.8,24.8,65.92752,0
17:11:43,62.8,24.8,65.87676,0
17:11:44,62.7,24.8,65.87676,0
17:11:45,62.7,24.8,65.85897,0
17:11:46,62.7,24.8,65.79668,0
17:11:47,62.6,24.8,65.74718,0
17:11:48,62.6,24.8,65.76151999999999,0
17:11:49,62.6,24.8,65.71095,0
17:11:50,62.5,24.8,65.65921,0
17:11:51,62.5,24.8,65.63338,0
17:11:52,62.5,24.8,65.62907,0
17:11:53,62.5,24.8,65.59241999999999,0
17:11:54,62.4,24.8,65.60105,0
17:11:55,62.4,24.8,65.54953,0
17:11:56,62.4,24.8,65.52947999999999,0
17:11:57,62.4,24.8,65.4719,0
17:11:58,62.4,24.8,65.43991,0
17:11:59,62.3,24.8,65.41516,0
17:12:00,62.3,24.8,65.41229,0
17:12:01,62.3,24.8,65.38436,0
17:12:02,62.3,24.8,65.36871,0
17:12:03,62.2,24.8,65.31833999999999,0
17:12:04,62.2,24.8,65.27770000000001,0
17:12:05,62.2,24.8,65.26368000000001,0
17:12:06,62.2,24.8,65.23657,0
17:12:07,62.2,24.8,65.21034999999999,0
17:12:08,62.1,24.8,65.13940000000001,0
17:12:09,62.1,24.8,65.12458,0
17:12:10,62.1,24.8,65.07103,0
17:12:11,62,24.8,65.06934,0
17:12:12,62,24.8,65.03676,0
17:12:13,62,24.8,64.98222,0
17:12:14,62,24.8,64.96581,0
17:12:15,61.9,24.8,64.95716999999999,0
17:12:16,61.9,24.8,64.92149,0
17:12:17,61.9,24.8,64.90943999999999,0
17:12:18,61.9,24.8,64.8648,0
17:12:19,61.9,24.8,64.84573999999999,0
17:12:20,61.8,24.8,64.83069,0
17:12:21,61.8,24.8,64.80664,0
17:12:22,61.8,24.8,64.77883,0
17:12:23,61.8,24.8,64.75427,0
17:12:24,61.7,24.8,64.71735,0
17:12:25,61.7,24.8,64.70048,0
17:12:26,61.7,24.8,64.68657,0
17:12:27,61.7,24.8,64.67743999999999,0
17:12:28,61.7,24.8,64.62416,0
17:12:29,61.7,24.8,64.62416,0
17:12:30,61.6,24.8,64.60017,0
17:12:31,61.6,24.8,64.59133,0
17:12:32,61.6,24.8,64.53377,0
17:12:33,61.5,24.8,64.49555000000001,0
17:12:34,61.5,24.8,64.46437,0
17:12:35,61.5,24.8,64.45758000000001,0
17:12:36,61.5,24.8,64.41883,0
17:12:37,61.5,24.8,64.37241,0
17:12:38,61.4,24.8,64.36115,0
17:12:39,61.4,24.8,64.34812,0
17:12:40,61.4,24.8,64.29171,0
17:12:41,61.4,24.8,64.26009,0
17:12:42,61.4,24.8,64.20347,0
17:12:43,61.3,24.8,64.20878,0
17:12:44,61.3,24.8,64.16964,0
17:12:45,61.3,24.8,64.13273000000001,0
17:12:46,61.3,24.8,64.07776,0
17:12:47,61.2,24.8,64.08665,0
17:12:48,61.2,24.9,64.04455999999999,0
17:12:49,61.2,24.9,64.01679,0
17:12:50,61.1,24.9,63.95907,0
17:12:51,61.1,24.9,63.9155,0
17:12:52,61.1,24.9,63.904830000000004,0
17:12:53,61.1,24.9,63.87638,0
17:12:54,61.1,24.9,63.84632,0
17:12:55,61,24.9,63.84028000000001,0
17:12:56,61,24.9,63.82141,0
17:12:57,61,24.9,63.8444,0
17:12:58,61,24.9,63.843039999999995,0
17:12:59,60.9,24.9,63.80231,0
17:13:00,60.9,24.9,63.80412,0
17:13:01,60.9,24.9,63.776469999999996,0
17:13:02,60.9,24.9,63.77819,0
17:13:03,60.9,24.9,63.75034000000001,0
17:13:04,60.9,24.9,63.70814,0
17:13:05,60.9,24.9,63.716150000000006,0
17:13:06,60.9,24.9,63.70590000000001,0
17:13:07,60.8,24.9,63.664,0
17:13:08,60.8,24.9,63.60823,0
17:13:09,60.8,24.9,63.61213,0
17:13:10,60.8,24.9,63.55572000000001,0
17:13:11,60.8,24.9,63.55803,0
17:13:12,60.7,24.9,63.49519,0
17:13:13,60.7,24.9,63.47023000000001,0
17:13:14,60.7,24.9,63.47023000000001,0
17:13:15,60.7,24.9,63.50336,0
17:13:16,60.7,24.9,63.47982,0
17:13:17,60.7,24.9,63.47718,0
17:13:18,60.6,24.9,63.40388,0
17:13:19,60.6,24.9,63.408370000000005,0
17:13:20,60.6,24.9,63.40468,0
17:13:21,60.6,24.9,63.35378,0
17:13:22,60.6,24.9,63.35727,0
17:13:23,60.6,24.9,63.31886,0
17:13:24,60.5,24.9,63.29148,0
17:13:25,60.5,24.9,63.23862,0
17:13:26,60.5,24.9,63.21257,0
17:13:27,60.5,24.9,63.19424,0
17:13:28,60.5,24.9,63.16263,0
17:13:29,60.5,24.9,63.157070000000004,0
17:13:30,60.4,24.9,63.128859999999996,0
17:13:31,60.4,24.9,63.0989,0
17:13:32,60.4,24.9,63.09188999999999,0
17:13:33,60.3,24.9,63.07201,0
17:13:34,60.3,24.9,63.06653,0
17:13:35,60.3,24.9,63.03139,0
17:13:36,60.3,24.9,63.01201,0
17:13:37,60.3,24.9,62.98083,0
17:13:38,60.2,24.9,62.93745,0
17:13:39,60.2,24.9,62.92235,0
17:13:40,60.2,24.9,62.92805,0
17:13:41,60.2,24.9,62.88469,0
17:13:42,60.2,24.9,62.83181,0
17:13:43,60.2,24.9,62.825160000000004,0
17:13:44,60.1,24.9,62.759600000000006,0
17:13:45,60.1,24.9,62.71707,0
17:13:46,60.1,24.9,62.70291,0
17:13:47,60.1,24.9,62.63163,0
17:13:48,60,24.9,62.59115,0
17:13:49,60,24.9,62.56756,0
17:13:50,60,24.9,62.50742,0
17:13:51,59.9,24.9,62.48987,0
17:13:52,59.9,24.9,62.49137,0
17:13:53,59.9,24.9,62.43475000000001,0
17:13:54,59.8,24.9,62.44489,0
17:13:55,59.8,24.9,62.372890000000005,0
17:13:56,59.8,24.9,62.31894,0
17:13:57,59.8,24.9,62.31713,0
17:13:58,59.7,24.9,62.29059,0
17:13:59,59.7,24.9,62.25758999999999,0
17:14:00,59.7,24.9,62.25758999999999,0
17:14:01,59.6,24.9,62.20542999999999,0
17:14:02,59.6,24.9,62.17011,0
17:14:03,59.6,24.9,62.077329999999996,0
17:14:04,59.5,24.9,62.01449,0
17:14:05,59.5,24.9,61.96665,0
17:14:06,59.5,24.9,61.96311,0
17:14:07,59.4,24.9,61.9053,0
17:14:08,59.4,24.9,61.87439,0
17:14:09,59.4,24.9,61.81613,0
17:14:10,59.3,24.9,61.83932,0
17:14:11,59.3,24.9,61.81021,0
17:14:12,59.3,24.9,61.75796,0
17:14:13,59.2,24.9,61.76096,0
17:14:14,59.2,24.9,61.70498,0
17:14:15,59.1,24.9,61.68579,0
17:14:16,59.1,24.9,61.66485,0
17:14:17,59.1,24.9,61.658100000000005,0
17:14:18,59.1,24.9,61.60061,0
17:14:19,59,24.9,61.615770000000005,0
17:14:20,59,24.9,61.595960000000005,0
17:14:21,59,24.9,61.56154,0
17:14:22,59,24.9,61.53635,0
17:14:23,59,24.9,61.50405,0
17:14:24,58.9,24.9,61.50354,0
17:14:25,58.9,24.9,61.48183,0
17:14:26,58.9,24.9,61.449940000000005,0
17:14:27,58.9,24.9,61.41898,0
17:14:28,58.9,24.9,61.470380000000006,0
17:14:29,58.9,24.9,61.476350000000004,0
17:14:30,58.8,24.9,61.40985,0
17:14:31,58.8,24.9,61.409060000000004,0
17:14:32,58.8,24.9,61.35175,0
17:14:33,58.8,24.9,61.32781000000001,0
17:14:34,58.8,24.9,61.29265,0
17:14:35,58.8,24.9,61.264419999999994,0
17:14:36,58.7,24.9,61.24355,0
17:14:37,58.7,24.9,61.184380000000004,0
17:14:38,58.7,24.9,61.16498,0
17:14:39,58.6,24.9,61.094939999999994,0
17:14:40,58.6,24.9,61.10465000000001,0
17:14:41,58.6,24.9,61.11181,0
17:14:42,58.6,24.9,61.032379999999996,0
17:14:43,58.5,24.9,61.0426,0
17:14:44,58.5,24.9,61.04762,0
17:14:45,58.5,24.9,61.04762,0
17:14:46,58.5,24.9,61.074510000000004,0
17:14:47,58.5,24.9,61.056580000000004,0
17:14:48,58.5,24.9,61.070040000000006,0
17:14:49,58.4,24.9,61.070820000000005,0
17:14:50,58.4,24.9,61.03622,0
17:14:51,58.4,24.9,61.02235,0
17:14:52,58.4,24.9,60.979870000000005,0
17:14:53,58.4,24.9,60.94595,0
17:14:54,58.4,24.9,60.93634,0
17:14:55,58.4,24.9,60.89052,0
17:14:56,58.4,24.9,60.89367,0
17:14:57,58.3,24.9,60.91001,0
17:14:58,58.3,24.9,60.83658,0
17:14:59,58.3,24.9,60.8185,0
17:15:00,58.3,24.9,60.79019,0
17:15:01,58.3,24.9,60.760040000000004,0
17:15:02,58.2,24.9,60.73269,0
17:15:03,58.2,24.9,60.71472,0
17:15:04,58.2,24.9,60.72152,0
17:15:05,58.2,24.9,60.675000000000004,0
17:15:06,58.2,24.9,60.669740000000004,0
17:15:07,58.2,24.9,60.67022,0
17:15:08,58.1,24.9,60.64309,0
17:15:09,58.1,24.9,60.601150000000004,0
17:15:10,58.1,24.9,60.613119999999995,0
17:15:11,58.1,24.9,60.55963,0
17:15:12,58.1,24.9,60.518629999999995,0
17:15:13,58.1,24.9,60.4855,0
17:15:14,58,24.9,60.501110000000004,0
17:15:15,58,24.9,60.450709999999994,0
17:15:16,58,24.9,60.39814,0
17:15:17,58,24.9,60.363789999999995,0
17:15:18,57.9,24.9,60.32589,0
17:15:19,57.9,25,60.31238,0
17:15:20,57.9,25,60.25617,0
17:15:21,57.8,25,60.213950000000004,0
17:15:22,57.8,25,60.19651,0
17:15:23,57.8,25,60.19934,0
17:15:24,57.8,25,60.18407,0
17:15:25,57.8,25,60.14973,0
17:15:26,57.7,25,60.08536,0
17:15:27,57.7,25,60.07224,0
17:15:28,57.7,25,60.04021,0
17:15:29,57.6,25,59.99709,0
17:15:30,57.6,25,59.99709,0
17:15:31,57.6,25,59.974340000000005,0
17:15:32,57.5,25,59.933460000000004,0
17:15:33,57.5,25,59.98939,0
17:15:34,57.5,25,59.925019999999996,0
17:15:35,57.5,25,59.89939,0
17:15:36,57.5,25,59.9072,0
17:15:37,57.5,25,59.84825,0
17:15:38,57.4,25,59.85812000000001,0
17:15:39,57.4,25,59.843999999999994,0
17:15:40,57.4,25,59.86009,0
17:15:41,57.4,25,59.78568,0
17:15:42,57.4,25,59.75919,0
17:15:43,57.4,25,59.81575,0
17:15:44,57.3,25,59.76233,0
17:15:45,57.3,25,59.74857,0
17:15:46,57.3,25,59.75423,0
17:15:47,57.3,25,59.73514,0
17:15:48,57.3,25,59.70183,0
17:15:49,57.3,25,59.67282,0
17:15:50,57.3,25,59.640530000000005,0
17:15:51,57.2,25,59.59377,0
17:15:52,57.2,25,59.63942,0
17:15:53,57.2,25,59.59826,0
17:15:54,57.2,25,59.563,0
17:15:55,57.2,25,59.535079999999994,0
17:15:56,57.2,25,59.525819999999996,0
17:15:57,57.1,25,59.51037,0
17:15:58,57.1,25,59.483019999999996,0
17:15:59,57.1,25,59.45789,0
17:16:00,57,25,59.45545,0
17:16:01,57,25,59.420269999999995,0
17:16:02,57,25,59.445040000000006,0
17:16:03,57,25,59.41431,0
17:16:04,57,25,59.41983,0
17:16:05,57,25,59.4183,0
17:16:06,57,25,59.367599999999996,0
17:16:07,56.9,25,59.35506,0
17:16:08,56.9,25,59.35404,0
17:16:09,56.9,25,59.33083,0
17:16:10,56.9,25,59.36172,0
17:16:11,56.9,25,59.30988000000001,0
17:16:12,56.9,25,59.284349999999996,0
17:16:13,56.9,25,59.25286,0
17:16:14,56.9,25,59.221729999999994,0
17:16:15,56.8,25,59.221729999999994,0
17:16:16,56.8,25,59.2017,0
17:16:17,56.8,25,59.17455,0
17:16:18,56.8,25,59.17405,0
17:16:19,56.8,25,59.149879999999996,0
17:16:20,56.8,25,59.166019999999996,0
17:16:21,56.7,25,59.1655,0
17:16:22,56.7,25,59.198989999999995,0
17:16:23,56.7,25,59.16891,0
17:16:24,56.7,25,59.13401,0
17:16:25,56.7,25,59.13633,0
17:16:26,56.7,25,59.13147,0
17:16:27,56.7,25,59.12098999999999,0
17:16:28,56.7,25,59.07608,0
17:16:29,56.7,25,59.07896,0
17:16:30,56.6,25,59.08555,0
17:16:31,56.6,25,59.05913,0
17:16:32,56.6,25,59.05399,0
17:16:33,56.6,25,59.058440000000004,0
17:16:34,56.6,25,59.06368,0
17:16:35,56.6,25,59.063719999999996,0
17:16:36,56.6,25,59.06228,0
17:16:37,56.6,25,59.001990000000006,0
17:16:38,56.6,25,59.001380000000005,0
17:16:39,56.6,25,58.99531999999999,0
17:16:40,56.6,25,58.97329,0
17:16:41,56.6,25,58.9125,0
17:16:42,56.5,25,58.911789999999996,0
17:16:43,56.5,25,58.84258,0
17:16:44,56.5,25,58.85496,0
17:16:45,56.5,25,58.78014,0
17:16:46,56.5,25,58.78482,0
17:16:47,56.5,25,58.74142,0
17:16:48,56.5,25,58.768260000000005,0
17:16:49,56.4,25,58.734739999999995,0
17:16:50,56.4,25,58.67059,0
17:16:51,56.4,25,58.65423,0
17:16:52,56.4,25,58.62962,0
17:16:53,56.3,25,58.60299,0
17:16:54,56.3,25,58.53847,0
17:16:55,56.3,25,58.536390000000004,0
17:16:56,56.3,25,58.555670000000006,0
17:16:57,56.3,25,58.48718,0
17:16:58,56.2,25,58.512980000000006,0
17:16:59,56.2,25,58.51347,0
17:17:00,56.2,25,58.450939999999996,0
17:17:01,56.2,25,58.450939999999996,0
17:17:02,56.2,25,58.44349,0
17:17:03,56.2,25,58.41644,0
17:17:04,56.1,25,58.40666,0
17:17:05,56.1,25,58.353489999999994,0
17:17:06,56.1,25,58.36685000000001,0
17:17:07,56.1,25,58.3511,0
17:17:08,56.1,25,58.34051,0
17:17:09,56,25,58.31708,0
17:17:10,56,25,58.26175,0
17:17:11,56,25,58.22678,0
17:17:12,56,25,58.22426000000001,0
17:17:13,56,25,58.21452,0
17:17:14,55.9,25,58.19982,0
17:17:15,55.9,25,58.201440000000005,0
17:17:16,55.9,25,58.19215,0
17:17:17,55.9,25,58.18671,0
17:17:18,55.9,25,58.16395,0
17:17:19,55.9,25,58.16737,0
17:17:20,55.9,25,58.14875000000001,0
17:17:21,55.8,25,58.1363,0
17:17:22,55.8,25,58.13253,0
17:17:23,55.8,25,58.10434,0
17:17:24,55.8,25,58.080909999999996,0
17:17:25,55.8,25,58.102830000000004,0
17:17:26,55.8,25,58.08123,0
17:17:27,55.7,25,58.057069999999996,0
17:17:28,55.7,25,58.033829999999995,0
17:17:29,55.7,25,58.02661,0
17:17:30,55.7,25,58.03064,0
17:17:31,55.7,25,58.007310000000004,0
17:17:32,55.7,25,57.97401,0
17:17:33,55.7,25,57.975770000000004,0
17:17:34,55.7,25,57.90191,0
17:17:35,55.7,25,57.965630000000004,0
17:17:36,55.7,25,57.93731,0
17:17:37,55.6,25,57.93261,0
17:17:38,55.6,25,57.94022,0
17:17:39,55.6,25,57.938120000000005,0
17:17:40,55.6,25,57.87949999999999,0
17:17:41,55.6,25,57.87108,0
17:17:42,55.6,25,57.85964,0
17:17:43,55.6,25,57.812439999999995,0
17:17:44,55.6,25,57.855650000000004,0
17:17:45,55.5,25,57.83965,0
17:17:46,55.5,25,57.83965,0
17:17:47,55.5,25,57.80641,0
17:17:48,55.5,25,57.806630000000006,0
17:17:49,55.5,25,57.81018,0
17:17:50,55.5,25,57.81053000000001,0
17:17:51,55.5,25,57.77768,0
17:17:52,55.5,25,57.77835999999999,0
17:17:53,55.5,25,57.732119999999995,0
17:17:54,55.5,25,57.71399,0
17:17:55,55.5,25,57.77209,0
17:17:56,55.4,25,57.75364,0
17:17:57,55.4,25,57.76035,0
17:17:58,55.4,25,57.74052,0
17:17:59,55.4,25,57.70363,0
17:18:00,55.4,25,57.717090000000006,0
17:18:01,55.4,25,57.69773,0
17:18:02,55.4,25,57.6977,0
17:18:03,55.4,25,57.661390000000004,0
17:18:04,55.4,25,57.704350000000005,0
17:18:05,55.4,25,57.67656,0
17:18:06,55.4,25,57.659499999999994,0
17:18:07,55.4,25,57.63667,0
17:18:08,55.4,25,57.63648,0
17:18:09,55.4,25,57.62358,0
17:18:10,55.3,25,57.639289999999995,0
17:18:11,55.3,25,57.59759,0
17:18:12,55.3,25,57.604940000000006,0
17:18:13,55.3,25,57.54097,0
17:18:14,55.3,25,57.59031999999999,0
17:18:15,55.3,25,57.59753,0
17:18:16,55.3,25,57.588519999999995,0
17:18:17,55.3,25,57.545460000000006,0
17:18:18,55.3,25,57.50309,0
17:18:19,55.3,25,57.48223,0
17:18:20,55.3,25,57.463609999999996,0
17:18:21,55.2,25,57.48442,0
17:18:22,55.2,25,57.43553,0
17:18:23,55.2,25,57.47685,0
17:18:24,55.2,25,57.48655,0
17:18:25,55.2,25,57.41566,0
17:18:26,55.2,25,57.46502,0
17:18:27,55.2,25,57.43552,0
17:18:28,55.2,25,57.40217,0
17:18:29,55.2,25,57.4036,0
17:18:30,55.1,25,57.40396,0
17:18:31,55.1,25,57.40217,0
17:18:32,55.1,25,57.40217,0
17:18:33,55.1,25,57.38084,0
17:18:34,55.1,25,57.401230000000005,0
17:18:35,55.1,25,57.34263000000001,0
17:18:36,55.1,25,57.336960000000005,0
17:18:37,55.1,25,57.30345,0
17:18:38,55.1,25,57.30755,0
17:18:39,55.1,25,57.314449999999994,0
17:18:40,55.1,25,57.27567,0
17:18:41,55.1,25,57.25170000000001,0
17:18:42,55,25,57.21264,0
17:18:43,55,25,57.24068,0
17:18:44,55,25,57.2508,0
17:18:45,55,25,57.202830000000006,0
17:18:46,55,25,57.17633,0
17:18:47,55,25.1,57.14893,0
17:18:48,55,25.1,57.17166,0
17:18:49,55,25.1,57.17856999999999,0
17:18:50,55,25.1,57.17055,0
17:18:51,55,25.1,57.163109999999996,0
17:18:52,55,25.1,57.218469999999996,0
17:18:53,54.9,25.1,57.223690000000005,0
17:18:54,54.9,25.1,57.24859,0
17:18:55,54.9,25.1,57.24632,0
17:18:56,54.9,25.1,57.22667,0
17:18:57,54.9,25.1,57.21766,0
17:18:58,54.9,25.1,57.18481,0
17:18:59,54.9,25.1,57.200019999999995,0
17:19:00,54.9,25.1,57.18051,0
17:19:01,54.9,25.1,57.18441,0
17:19:02,54.9,25.1,57.187,0
17:19:03,54.9,25.1,57.111239999999995,0
17:19:04,54.9,25.1,57.111290000000004,0
17:19:05,54.9,25.1,57.052789999999995,0
17:19:06,54.9,25.1,57.028670000000005,0
17:19:07,54.9,25.1,56.998400000000004,0
17:19:08,54.9,25.1,56.99674,0
17:19:09,54.9,25.1,56.97224,0
17:19:10,54.8,25.1,56.964749999999995,0
17:19:11,54.8,25.1,56.96367,0
17:19:12,54.8,25.1,56.954539999999994,0
17:19:13,54.8,25.1,56.90396,0
17:19:14,54.8,25.1,56.873799999999996,0
17:19:15,54.8,25.1,56.891769999999994,0
17:19:16,54.7,25.1,56.87734,0
17:19:17,54.7,25.1,56.87734,0
17:19:18,54.7,25.1,56.824450000000006,0
17:19:19,54.7,25.1,56.78791,0
17:19:20,54.7,25.1,56.82102,0
17:19:21,54.6,25.1,56.76814999999999,0
17:19:22,54.6,25.1,56.75789,0
17:19:23,54.6,25.1,56.71616,0
17:19:24,54.6,25.1,56.73072,0
17:19:25,54.6,25.1,56.69468,0
17:19:26,54.6,25.1,56.6632,0
17:19:27,54.6,25.1,56.6469,0
17:19:28,54.5,25.1,56.60595000000001,0
17:19:29,54.5,25.1,56.58759,0
17:19:30,54.5,25.1,56.637,0
17:19:31,54.5,25.1,56.61374,0
17:19:32,54.5,25.1,56.6005,0
17:19:33,54.4,25.1,56.60269,0
17:19:34,54.4,25.1,56.571099999999994,0
17:19:35,54.4,25.1,56.574639999999995,0
17:19:36,54.4,25.1,56.533480000000004,0
17:19:37,54.4,25.1,56.53802999999999,0
17:19:38,54.4,25.1,56.51921,0
17:19:39,54.4,25.1,56.5431,0
17:19:40,54.3,25.1,56.51526,0
17:19:41,54.3,25.1,56.475370000000005,0
17:19:42,54.3,25.1,56.46837,0
17:19:43,54.3,25.1,56.467409999999994,0
17:19:44,54.3,25.1,56.47609,0
17:19:45,54.3,25.1,56.44048,0
17:19:46,54.3,25.1,56.495340000000006,0
17:19:47,54.3,25.1,56.47089,0
17:19:48,54.3,25.1,56.46485,0
17:19:49,54.3,25.1,56.53036,0
17:19:50,54.3,25.1,56.51056,0
17:19:51,54.3,25.1,56.54228,0
17:19:52,54.3,25.1,56.52786,0
17:19:53,54.3,25.1,56.51793000000001,0
17:19:54,54.3,25.1,56.54280000000001,0
17:19:55,54.3,25.1,56.53463,0
17:19:56,54.3,25.1,56.549879999999995,0
17:19:57,54.3,25.1,56.498709999999996,0
17:19:58,54.3,25.1,56.548880000000004,0
17:19:59,54.2,25.1,56.54702,0
17:20:00,54.2,25.1,56.56078,0
17:20:01,54.2,25.1,56.54538,0
17:20:02,54.2,25.1,56.54538,0
17:20:03,54.2,25.1,56.57964,0
17:20:04,54.3,25.1,56.599560000000004,0
17:20:05,54.3,25.1,56.60965,0
17:20:06,54.3,25.1,56.609069999999996,0
17:20:07,54.3,25.1,56.615170000000006,0
17:20:08,54.3,25.1,56.581329999999994,0
17:20:09,54.3,25.1,56.59824,0
17:20:10,54.3,25.1,56.63313,0
17:20:11,54.3,25.1,56.63143,0
17:20:12,54.3,25.1,56.62565000000001,0
17:20:13,54.3,25.1,56.62823,0
17:20:14,54.3,25.1,56.627300000000005,0
17:20:15,54.3,25.1,56.63667,0
17:20:16,54.3,25.1,56.60557000000001,0
17:20:17,54.3,25.1,56.56126999999999,0
17:20:18,54.3,25.1,56.61905,0
17:20:19,54.3,25.1,56.57445,0
17:20:20,54.3,25.1,56.551249999999996,0
17:20:21,54.3,25.1,56.55752,0
17:20:22,54.3,25.1,56.523219999999995,0
17:20:23,54.3,25.1,56.49923999999999,0
17:20:24,54.3,25.1,56.50212,0
17:20:25,54.3,25.1,56.44285,0
17:20:26,54.3,25.1,56.41587,0
17:20:27,54.3,25.1,56.40508,0
17:20:28,54.3,25.1,56.40815,0
17:20:29,54.3,25.1,56.4243,0
17:20:30,54.3,25.1,56.405170000000005,0
17:20:31,54.2,25.1,56.403009999999995,0
17:20:32,54.2,25.1,56.38564,0
17:20:33,54.2,25.1,56.37882,0
17:20:34,54.2,25.1,56.37149,0
17:20:35,54.2,25.1,56.39055,0
17:20:36,54.2,25.1,56.34482,0
17:20:37,54.1,25.1,56.350449999999995,0
17:20:38,54.1,25.1,56.38422,0
17:20:39,54.1,25.1,56.39264000000001,0
17:20:40,54.1,25.1,56.391630000000006,0
17:20:41,54,25.1,56.385529999999996,0
17:20:42,54,25.1,56.41277,0
17:20:43,54,25.1,56.43451,0
17:20:44,54,25.1,56.44074,0
17:20:45,54,25.1,56.43741,0
17:20:46,53.9,25.1,56.44651,0
17:20:47,53.9,25,56.49421,0
17:20:48,53.9,25,56.49421,0
17:20:49,53.9,25,56.500910000000005,0
17:20:50,53.9,25,56.522510000000004,0
17:20:51,53.8,25,56.546240000000004,0
17:20:52,53.8,25,56.54384,0
17:20:53,53.8,25,56.62078,0
17:20:54,53.8,25,56.62566999999999,0
17:20:55,53.7,25,56.659890000000004,0
17:20:56,53.7,25,56.653560000000006,0
17:20:57,53.7,25,56.66234,0
17:20:58,53.7,25,56.667339999999996,0
17:20:59,53.7,25,56.69759,0
17:21:00,53.7,25,56.67933000000001,0
17:21:01,53.7,25,56.690819999999995,0
17:21:02,53.7,25,56.73484,0
17:21:03,53.7,25,56.729490000000006,0
17:21:04,53.6,25,56.72612,0
17:21:05,53.6,25,56.74877000000001,0
17:21:06,53.6,25,56.79222000000001,0
17:21:07,53.6,25,56.782770000000006,0
17:21:08,53.6,25,56.799549999999996,0
17:21:09,53.6,25,56.7705,0
17:21:10,53.6,25,56.77476,0
17:21:11,53.6,24.9,56.77478,0
17:21:12,53.6,24.9,56.78259,0
17:21:13,53.6,24.9,56.77236,0
17:21:14,53.5,24.9,56.793760000000006,0
17:21:15,53.5,24.9,56.770770000000006,0
17:21:16,53.5,24.9,56.797869999999996,0
17:21:17,53.5,24.9,56.815740000000005,0
17:21:18,53.5,24.9,56.79298000000001,0
17:21:19,53.5,24.9,56.746779999999994,0
17:21:20,53.5,24.9,56.761399999999995,0
17:21:21,53.5,24.9,56.739720000000005,0
17:21:22,53.5,24.9,56.720400000000005,0
17:21:23,53.5,24.9,56.73518,0
17:21:24,53.5,24.9,56.73059000000001,0
17:21:25,53.5,24.9,56.72604,0
17:21:26,53.5,24.9,56.69494,0
17:21:27,53.5,24.9,56.65746,0
17:21:28,53.4,24.9,56.638529999999996,0
17:21:29,53.4,24.9,56.60828,0
17:21:30,53.4,24.9,56.586380000000005,0
17:21:31,53.4,24.9,56.55189000000001,0
17:21:32,53.4,24.9,56.50232,0
17:21:33,53.4,24.9,56.50232,0
17:21:34,53.4,24.8,56.46416,0
17:21:35,53.3,24.8,56.46858,0
17:21:36,53.3,24.8,56.4434,0
17:21:37,53.3,24.8,56.448679999999996,0
17:21:38,53.3,24.8,56.398579999999995,0
17:21:39,53.3,24.8,56.38628,0
17:21:40,53.3,24.8,56.36857,0
17:21:41,53.2,24.8,56.33462,0
17:21:42,53.2,24.8,56.28086,0
17:21:43,53.2,24.8,56.25177,0
17:21:44,53.2,24.8,56.22663,0
17:21:45,53.2,24.8,56.209050000000005,0
17:21:46,53.2,24.8,56.18339999999999,0
17:21:47,53.1,24.8,56.19898,0
17:21:48,53.1,24.8,56.18058,0
17:21:49,53.1,24.8,56.16101,0
17:21:50,53.1,24.8,56.15941,0
17:21:51,53.1,24.8,56.13029,0
17:21:52,53.1,24.8,56.09921,0
17:21:53,53.1,24.8,56.07156,0
17:21:54,53,24.8,56.110459999999996,0
17:21:55,53,24.8,56.070600000000006,0
17:21:56,53,24.8,56.017680000000006,0
17:21:57,53,24.8,56.022090000000006,0
17:21:58,53,24.8,55.971579999999996,0
17:21:59,53,24.8,55.92137,0
17:22:00,53,24.8,55.79685,0
17:22:01,53,24.8,55.626889999999996,0
17:22:02,53,24.8,55.482699999999994,0
17:22:03,52.9,24.8,55.311679999999996,0
17:22:04,52.9,24.8,55.129740000000005,0
17:22:05,52.8,24.7,54.956570000000006,0
17:22:06,52.7,24.7,54.71123,0
17:22:07,52.5,24.7,54.52239,0
17:22:08,52.4,24.7,54.26198,0
17:22:09,52.3,24.7,54.04833,0
17:22:10,52.1,24.7,53.80559,0
17:22:11,52,24.7,53.58811,0
17:22:12,51.8,24.7,53.496829999999996,0
17:22:13,51.5,24.7,53.24937,0
17:22:14,51.4,24.7,52.98178,0
17:22:15,51.1,24.7,52.6164,0
17:22:16,51.1,24.7,52.344429999999996,0
17:22:17,50.9,24.7,52.06117999999999,0
17:22:18,50.5,24.7,52.06117999999999,0
17:22:19,50.3,24.7,51.72934,0
17:22:20,50,24.7,51.384589999999996,0
17:22:21,49.7,24.7,51.05463999999999,0
17:22:22,49.5,24.7,50.70862,0
17:22:23,49.2,24.7,50.38731,0
17:22:24,49,24.7,50.08861999999999,0
17:22:25,48.8,24.7,49.7712,0
17:22:26,48.6,24.7,49.41801,0
17:22:27,48.2,24.7,49.13815,0
17:22:28,47.9,24.7,48.87184,0
17:22:29,47.7,24.7,48.587399999999995,0
17:22:30,47.5,24.7,48.31621,0
17:22:31,47.1,24.7,48.25027,0
17:22:32,47.1,24.7,48.05152,0
17:22:33,46.8,24.7,47.78587,0
17:22:34,46.6,24.7,47.5352,0
17:22:35,46.4,24.7,47.26018,0
17:22:36,46.2,24.6,47.04359,0
17:22:37,45.8,24.6,46.83462,0
17:22:38,45.8,24.6,46.581810000000004,0
17:22:39,45.4,24.6,46.37169,0
17:22:40,45.2,24.6,46.18257,0
17:22:41,45.1,24.6,45.96718,0
17:22:42,45,24.6,45.707370000000004,0
17:22:43,44.7,24.6,45.51074,0
17:22:44,44.5,24.6,45.30202,0
17:22:45,44.4,24.6,45.10149,0
17:22:46,44.2,24.6,44.91446,0
17:22:47,43.9,24.6,44.718360000000004,0
17:22:48,43.8,24.6,44.63897,0
17:22:49,43.7,24.6,44.545790000000004,0
17:22:50,43.6,24.6,44.3825,0
17:22:51,43.4,24.6,44.21227,0
17:22:52,43.1,24.6,44.04302,0
17:22:53,43,24.6,43.87391,0
17:22:54,42.9,24.6,43.71973,0
17:22:55,42.8,24.6,43.58457,0
17:22:56,42.6,24.6,43.44282,0
17:22:57,42.4,24.6,43.29196,0
17:22:58,42.4,24.6,43.13631,0
17:22:59,42.1,24.5,43.02448,0
17:23:00,42,24.5,42.92006,0
17:23:01,41.9,24.5,42.775800000000004,0
17:23:02,41.8,24.5,42.66357,0
17:23:03,41.6,24.5,42.53547,0
17:23:04,41.6,24.5,42.53547,0
17:23:05,41.3,24.5,42.37264,0
17:23:06,41.2,24.5,42.26782,0
17:23:07,41.1,24.5,42.2093,0
17:23:08,40.9,24.5,42.167519999999996,0
17:23:09,40.9,24.5,42.03658,0
17:23:10,40.8,24.5,41.883140000000004,0
17:23:11,40.7,24.5,41.76351,0
17:23:12,40.6,24.5,41.63634,0
17:23:13,40.5,24.5,41.52129,0
17:23:14,40.3,24.5,41.41203,0
17:23:15,40.2,24.5,41.281639999999996,0
17:23:16,40.1,24.5,41.14065,0
17:23:17,39.9,24.5,41.05051,0
17:23:18,39.8,24.5,40.936319999999995,0
17:23:19,39.8,24.5,40.846529999999994,0
17:23:20,39.7,24.5,40.77444,0
17:23:21,39.5,24.4,40.66981,0
17:23:22,39.5,24.4,40.55048,0
17:23:23,39.4,24.4,40.49966,0
17:23:24,39.3,24.4,40.46837,0
17:23:25,39.2,24.4,40.39629,0
17:23:26,39.2,24.4,40.31399,0
17:23:27,39.1,24.4,40.21712,0
17:23:28,39,24.4,40.13035,0
17:23:29,38.9,24.4,40.11508,0
17:23:30,38.9,24.4,39.99854,0
17:23:31,38.8,24.4,39.94026,0
17:23:32,38.7,24.4,39.92524,0
17:23:33,38.7,24.4,39.847860000000004,0
17:23:34,38.7,24.4,39.80191,0
17:23:35,38.6,24.4,39.740140000000004,0
17:23:36,38.5,24.4,39.62868,0
17:23:37,38.5,24.4,39.578849999999996,0
17:23:38,38.4,24.4,39.5216,0
17:23:39,38.4,24.4,39.44141,0
17:23:40,38.3,24.4,39.35938,0
17:23:41,38.3,24.4,39.33424,0
17:23:42,38.2,24.4,39.29173,0
17:23:43,38.1,24.4,39.196310000000004,0
17:23:44,38.1,24.4,39.14956,0
17:23:45,38.1,24.4,39.07602,0
17:23:46,38,24.4,39.01835,0
17:23:47,37.9,24.4,38.95611,0
17:23:48,37.9,24.4,38.89993,0
17:23:49,37.8,24.4,38.89993,0
17:23:50,37.8,24.4,38.85818,0
17:23:51,37.8,24.4,38.78262,0
17:23:52,37.7,24.3,38.75039,0
17:23:53,37.7,24.3,38.70601,0
17:23:54,37.6,24.3,38.64479,0
17:23:55,37.6,24.3,38.6038,0
17:23:56,37.6,24.3,38.54147,0
17:23:57,37.5,24.3,38.473279999999995,0
17:23:58,37.5,24.3,38.41718,0
17:23:59,37.4,24.3,38.38048,0
17:24:00,37.4,24.3,38.33571,0
17:24:01,37.3,24.3,38.32517,0
17:24:02,37.3,24.3,38.25932,0
17:24:03,37.3,24.3,38.19809,0
17:24:04,37.2,24.3,38.17215,0
17:24:05,37.2,24.3,38.143209999999996,0
17:24:06,37.2,24.3,38.09083,0
17:24:07,37.1,24.3,38.05614,0
17:24:08,37.1,24.3,37.974999999999994,0
17:24:09,37.1,24.3,37.94661,0
17:24:10,37,24.3,37.93913,0
17:24:11,37,24.3,37.926500000000004,0
17:24:12,37,24.3,37.8453,0
17:24:13,37,24.3,37.82608,0
17:24:14,36.9,24.3,37.77817,0
17:24:15,36.9,24.3,37.71434,0
17:24:16,36.8,24.3,37.68931,0
17:24:17,36.8,24.3,37.626599999999996,0
17:24:18,36.8,24.3,37.603550000000006,0
17:24:19,36.8,24.3,37.57206,0
17:24:20,36.7,24.3,37.49941,0
17:24:21,36.7,24.3,37.4432,0
17:24:22,36.7,24.3,37.41483,0
17:24:23,36.6,24.3,37.374249999999996,0
17:24:24,36.6,24.3,37.335449999999994,0
17:24:25,36.6,24.3,37.28047,0
17:24:26,36.5,24.3,37.19322,0
17:24:27,36.5,24.3,37.18272,0
17:24:28,36.5,24.3,37.12277,0
17:24:29,36.4,24.3,37.07595,0
17:24:30,36.4,24.3,37.01666,0
17:24:31,36.4,24.3,36.99405,0
17:24:32,36.4,24.3,36.947340000000004,0
17:24:33,36.3,24.3,36.88961,0
17:24:34,36.3,24.3,36.83994,0
17:24:35,36.2,24.3,36.83994,0
17:24:36,36.2,24.3,36.83011,0
17:24:37,36.2,24.3,36.81773,0
17:24:38,36.1,24.3,36.732189999999996,0
17:24:39,36.1,24.3,36.68903,0
17:24:40,36.1,24.3,36.6235,0
17:24:41,36,24.3,36.61018,0
17:24:42,36,24.3,36.56264,0
17:24:43,35.9,24.3,36.52941,0
17:24:44,35.9,24.3,36.44327,0
17:24:45,35.9,24.3,36.46157,0
17:24:46,35.9,24.3,36.4203,0
17:24:47,35.8,24.3,36.377579999999995,0
17:24:48,35.8,24.3,36.34315,0
17:24:49,35.8,24.3,36.31505,0
17:24:50,35.8,24.3,36.320989999999995,0
17:24:51,35.7,24.3,36.26424,0
17:24:52,35.7,24.3,36.26285,0
17:24:53,35.7,24.3,36.23285,0
17:24:54,35.7,24.3,36.21038,0
17:24:55,35.7,24.3,36.21589,0
17:24:56,35.6,24.3,36.155480000000004,0
17:24:57,35.6,24.3,36.1377,0
17:24:58,35.6,24.3,36.08557,0
17:24:59,35.6,24.3,36.05213,0
17:25:00,35.6,24.3,36.0291,0
17:25:01,35.5,24.3,35.98519,0
17:25:02,35.5,24.3,35.98998,0
17:25:03,35.5,24.3,35.946650000000005,0
17:25:04,35.5,24.3,35.92376,0
17:25:05,35.5,24.3,35.883880000000005,0
17:25:06,35.4,24.3,35.83578,0
17:25:08,35.4,24.3,35.7812,0
17:25:09,35.4,24.3,35.764990000000004,0
17:25:10,35.4,24.3,35.72743,0
17:25:11,35.3,24.3,35.715590000000006,0
17:25:12,35.3,24.3,35.676570000000005,0
17:25:13,35.3,24.3,35.60764,0
17:25:14,35.2,24.3,35.54927,0
17:25:15,35.2,24.3,35.54704,0
17:25:16,35.2,24.3,35.49468,0
17:25:17,35.2,24.3,35.43842,0
17:25:18,35.1,24.3,35.451519999999995,0
17:25:19,35.1,24.3,35.39603,0
17:25:20,35.1,24.3,35.36076,0
17:25:21,35,24.3,35.36076,0
17:25:22,35,24.3,35.29499,0
17:25:23,35,24.3,35.26929,0
17:25:24,35,24.3,35.249570000000006,0
17:25:25,35,24.3,35.24772,0
17:25:26,34.9,24.3,35.23245,0
17:25:27,34.9,24.3,35.19395,0
17:25:28,34.9,24.3,35.19617,0
17:25:29,34.9,24.3,35.17323,0
17:25:30,34.9,24.3,35.142990000000005,0
17:25:31,34.8,24.3,35.15032,0
17:25:32,34.8,24.3,35.09008,0
17:25:33,34.8,24.3,35.06203,0
17:25:34,34.8,24.3,35.07262,0
17:25:35,34.8,24.3,35.04317,0
17:25:36,34.7,24.3,35.01365,0
17:25:37,34.7,24.3,35.01882,0
17:25:38,34.7,24.3,35.00311,0
17:25:39,34.7,24.3,34.976620000000004,0
17:25:40,34.7,24.3,34.96533,0
17:25:41,34.7,24.3,34.92501,0
17:25:42,34.6,24.3,34.921170000000004,0
17:25:43,34.6,24.3,34.92357,0
17:25:44,34.6,24.3,34.89505,0
17:25:45,34.6,24.3,34.86516,0
17:25:46,34.6,24.3,34.89529,0
17:25:47,34.6,24.3,34.86897,0
17:25:48,34.6,24.3,34.822449999999996,0
17:25:49,34.6,24.3,34.802080000000004,0
17:25:50,34.5,24.3,34.77714,0
17:25:51,34.5,24.3,34.71513,0
17:25:52,34.5,24.3,34.69353,0
17:25:53,34.5,24.3,34.67215,0
17:25:54,34.5,24.3,34.60633,0
17:25:55,34.4,24.3,34.59927,0
17:25:56,34.4,24.3,34.56852,0
17:25:57,34.4,24.3,34.552310000000006,0
17:25:58,34.4,24.4,34.51502,0
17:25:59,34.3,24.4,34.49755,0
17:26:00,34.3,24.4,34.46741,0
17:26:01,34.3,24.4,34.47422,0
17:26:02,34.3,24.4,34.43232,0
17:26:03,34.3,24.4,34.458169999999996,0
17:26:04,34.3,24.4,34.45372,0
17:26:05,34.3,24.4,34.39199,0
17:26:06,34.2,24.4,34.36714,0
17:26:07,34.2,24.4,34.36714,0
17:26:08,34.2,24.4,34.34681,0
17:26:09,34.2,24.4,34.34063,0
17:26:10,34.2,24.4,34.291070000000005,0
17:26:11,34.2,24.4,34.26534,0
17:26:12,34.2,24.4,34.26777,0
17:26:13,34.1,24.4,34.22593,0
17:26:14,34.1,24.4,34.20119,0
17:26:15,34.1,24.4,34.16935,0
17:26:16,34.1,24.4,34.13814,0
17:26:17,34.1,24.4,34.124500000000005,0
17:26:18,34,24.4,34.08631,0
17:26:19,34,24.4,34.05452,0
17:26:20,34,24.4,34.05571,0
17:26:21,34,24.4,34.03542,0
17:26:22,34,24.4,33.99148,0
17:26:23,33.9,24.4,33.944790000000005,0
17:26:24,33.9,24.4,33.94259,0
17:26:25,33.9,24.4,33.86146,0
17:26:26,33.9,24.4,33.84107,0
17:26:27,33.9,24.4,33.82356,0
17:26:28,33.8,24.4,33.7885,0
17:26:29,33.8,24.4,33.70212,0
17:26:30,33.8,24.4,33.71389,0
17:26:31,33.7,24.4,33.68965,0
17:26:32,33.7,24.4,33.63774,0
17:26:33,33.7,24.4,33.61455,0
17:26:34,33.7,24.4,33.590779999999995,0
17:26:35,33.6,24.4,33.56434,0
17:26:36,33.6,24.4,33.532250000000005,0
17:26:37,33.6,24.4,33.49933,0
17:26:38,33.5,24.4,33.502739999999996,0
17:26:39,33.5,24.4,33.476299999999995,0
17:26:40,33.5,24.4,33.45892,0
17:26:41,33.5,24.4,33.4488,0
17:26:42,33.5,24.4,33.43208,0
17:26:43,33.5,24.4,33.40308,0
17:26:44,33.5,24.4,33.41447,0
17:26:45,33.5,24.4,33.378659999999996,0
17:26:46,33.4,24.4,33.36823,0
17:26:47,33.4,24.4,33.36871,0
17:26:48,33.4,24.4,33.30925,0
17:26:49,33.4,24.4,33.3153,0
17:26:50,33.4,24.4,33.30197,0
17:26:51,33.4,24.4,33.29163,0
17:26:52,33.3,24.4,33.266,0
17:26:53,33.3,24.4,33.266,0
17:26:54,33.3,24.4,33.2609,0
17:26:55,33.3,24.4,33.25344,0
17:26:56,33.3,24.4,33.22008,0
17:26:57,33.3,24.4,33.233940000000004,0
17:26:58,33.3,24.4,33.22619,0
17:26:59,33.3,24.4,33.204460000000005,0
17:27:00,33.3,24.5,33.167390000000005,0
17:27:01,33.2,24.5,33.16514,0
17:27:02,33.2,24.5,33.116859999999996,0
17:27:03,33.2,24.5,33.12611,0
17:27:04,33.2,24.5,33.088640000000005,0
17:27:05,33.2,24.5,32.99964,0
17:27:06,33.2,24.5,32.99252,0
17:27:07,33.2,24.5,32.97445,0
17:27:08,33.1,24.5,32.96929,0
17:27:09,33.1,24.5,32.94552,0
17:27:10,33.1,24.5,32.9175,0
17:27:11,33.1,24.5,32.86075,0
17:27:12,33.1,24.5,32.85571,0
17:27:13,33.1,24.5,32.83073,0
17:27:14,33,24.5,32.81115,0
17:27:15,33,24.5,32.78326,0
17:27:16,33,24.5,32.740390000000005,0
17:27:17,33,24.5,32.70421,0
17:27:18,32.9,24.5,32.68784,0
17:27:19,32.9,24.5,32.64046,0
17:27:20,32.9,24.5,32.59848,0
17:27:21,32.9,24.5,32.57511,0
17:27:22,32.9,24.5,32.57096,0
17:27:23,32.8,24.5,32.54011,0
17:27:24,32.8,24.5,32.50955,0
17:27:25,32.8,24.5,32.467040000000004,0
17:27:26,32.8,24.5,32.42659,0
17:27:27,32.7,24.5,32.43229,0
17:27:28,32.7,24.5,32.42436,0
17:27:29,32.7,24.5,32.44306,0
17:27:30,32.7,24.5,32.42807,0
17:27:31,32.7,24.5,32.3954,0
17:27:32,32.7,24.5,32.42029,0
17:27:33,32.6,24.5,32.36902,0
17:27:34,32.6,24.5,32.368,0
17:27:35,32.6,24.5,32.37044,0
17:27:36,32.6,24.5,32.36237,0
17:27:37,32.6,24.5,32.320589999999996,0
17:27:38,32.6,24.5,32.320589999999996,0
17:27:39,32.6,24.5,32.34623,0
17:27:40,32.6,24.5,32.30476,0
17:27:41,32.6,24.5,32.33229,0
17:27:42,32.5,24.5,32.27124,0
17:27:43,32.5,24.5,32.273669999999996,0
17:27:44,32.5,24.5,32.253330000000005,0
17:27:45,32.5,24.5,32.218669999999996,0
17:27:46,32.5,24.5,32.163669999999996,0
17:27:47,32.5,24.5,32.16452,0
17:27:48,32.5,24.5,32.13302,0
17:27:49,32.5,24.5,32.136399999999995,0
17:27:50,32.4,24.5,32.11268,0
17:27:51,32.4,24.5,32.06925,0
17:27:52,32.4,24.5,32.03861,0
17:27:53,32.4,24.5,32.05312,0
17:27:54,32.4,24.5,31.9913,0
17:27:55,32.3,24.5,32.007819999999995,0
17:27:56,32.3,24.5,31.96159,0
17:27:57,32.3,24.5,31.91798,0
17:27:58,32.3,24.5,31.93545,0
17:27:59,32.3,24.5,31.898039999999998,0
17:28:00,32.2,24.5,31.91431,0
17:28:01,32.2,24.5,31.85267,0
17:28:02,32.2,24.5,31.841390000000004,0
17:28:03,32.2,24.5,31.816650000000003,0
17:28:04,32.2,24.6,31.819989999999997,0
17:28:05,32.2,24.6,31.79791,0
17:28:06,32.1,24.6,31.80386,0
17:28:07,32.1,24.6,31.75139,0
17:28:08,32.1,24.6,31.730069999999998,0
17:28:09,32.1,24.6,31.73016,0
17:28:10,32.1,24.6,31.73635,0
17:28:11,32,24.6,31.704700000000003,0
17:28:12,32,24.6,31.705299999999998,0
17:28:13,32,24.6,31.67006,0
17:28:14,32,24.6,31.694860000000002,0
17:28:15,32,24.6,31.691940000000002,0
17:28:16,32,24.6,31.667070000000002,0
17:28:17,32,24.6,31.63632,0
17:28:18,32,24.6,31.66354,0
17:28:19,32,24.6,31.62719,0
17:28:20,32,24.6,31.613010000000003,0
17:28:21,31.9,24.6,31.57453,0
17:28:22,31.9,24.6,31.615969999999997,0
17:28:23,31.9,24.6,31.615969999999997,0
17:28:24,31.9,24.6,31.619880000000002,0
17:28:25,31.9,24.6,31.59871,0
17:28:26,31.9,24.6,31.5936,0
17:28:27,31.9,24.6,31.5958,0
17:28:28,31.9,24.6,31.598670000000002,0
17:28:29,31.9,24.6,31.569570000000002,0
17:28:30,31.9,24.6,31.570179999999997,0
17:28:31,31.9,24.6,31.59565,0
17:28:32,31.8,24.6,31.551240000000004,0
17:28:33,31.8,24.6,31.54471,0
17:28:34,31.8,24.6,31.5046,0
17:28:35,31.8,24.6,31.514110000000002,0
17:28:36,31.8,24.6,31.487520000000004,0
17:28:37,31.8,24.6,31.47918,0
17:28:38,31.8,24.6,31.473010000000002,0
17:28:39,31.8,24.6,31.42897,0
17:28:40,31.7,24.6,31.42283,0
17:28:41,31.7,24.6,31.47139,0
17:28:42,31.7,24.6,31.43184,0
17:28:43,31.7,24.6,31.44316,0
17:28:44,31.7,24.6,31.46313,0
17:28:45,31.7,24.6,31.43995,0
17:28:46,31.7,24.6,31.41243,0
17:28:47,31.7,24.6,31.42047,0
17:28:48,31.7,24.6,31.40981,0
17:28:49,31.7,24.6,31.421660000000003,0
17:28:50,31.7,24.6,31.441219999999998,0
17:28:51,31.7,24.6,31.42138,0
17:28:52,31.7,24.6,31.40115,0
17:28:53,31.7,24.6,31.403019999999998,0
17:28:54,31.7,24.6,31.394379999999998,0
17:28:55,31.7,24.6,31.39916,0
17:28:56,31.7,24.6,31.382579999999997,0
17:28:57,31.7,24.6,31.410860000000003,0
17:28:58,31.7,24.6,31.38305,0
17:28:59,31.7,24.6,31.372030000000002,0
17:29:00,31.7,24.6,31.324980000000004,0
17:29:01,31.7,24.6,31.324849999999998,0
17:29:02,31.7,24.6,31.31799,0
17:29:03,31.7,24.6,31.316959999999998,0
17:29:04,31.6,24.6,31.289099999999998,0
17:29:05,31.6,24.6,31.244790000000002,0
17:29:06,31.6,24.6,31.26231,0
17:29:07,31.6,24.6,31.24627,0
17:29:08,31.6,24.6,31.23051,0
17:29:09,31.6,24.6,31.23051,0
17:29:10,31.6,24.6,31.2387,0
17:29:11,31.6,24.6,31.214669999999998,0
17:29:12,31.6,24.6,31.190869999999997,0
17:29:13,31.6,24.6,31.162129999999998,0
17:29:14,31.6,24.6,31.16059,0
17:29:15,31.5,24.7,31.126759999999997,0
17:29:16,31.5,24.7,31.17418,0
17:29:17,31.5,24.7,31.139840000000003,0
17:29:18,31.5,24.7,31.10609,0
17:29:19,31.5,24.7,31.090200000000003,0
17:29:20,31.5,24.7,31.05493,0
17:29:21,31.5,24.7,31.04425,0
17:29:22,31.5,24.7,31.023220000000002,0
17:29:23,31.4,24.7,30.988100000000003,0
17:29:24,31.4,24.7,30.972060000000003,0
17:29:25,31.4,24.7,31.00405,0
17:29:26,31.4,24.7,30.9925,0
17:29:27,31.4,24.7,30.963410000000003,0
17:29:28,31.4,24.7,30.9603,0
17:29:29,31.3,24.7,30.91003,0
17:29:30,31.3,24.7,30.90656,0
17:29:31,31.3,24.7,30.896410000000003,0
17:29:32,31.3,24.7,30.88317,0
17:29:33,31.3,24.7,30.87453,0
17:29:34,31.3,24.7,30.82517,0
17:29:35,31.3,24.7,30.80899,0
17:29:36,31.2,24.7,30.78638,0
17:29:37,31.2,24.7,30.787,0
17:29:38,31.2,24.7,30.77937,0
17:29:39,31.2,24.7,30.754579999999997,0
17:29:40,31.2,24.7,30.70026,0
17:29:41,31.1,24.7,30.76293,0
17:29:42,31.1,24.7,30.74893,0
17:29:43,31.1,24.7,30.7154,0
17:29:44,31.1,24.7,30.726300000000002,0
17:29:45,31.1,24.7,30.692629999999998,0
17:29:46,31.1,24.7,30.63569,0
17:29:47,31.1,24.7,30.63879,0
17:29:48,31.1,24.7,30.60141,0
17:29:49,31.1,24.7,30.638779999999997,0
17:29:50,31,24.7,30.6357,0
17:29:51,31,24.7,30.58034,0
17:29:52,31,24.7,30.57143,0
17:29:53,31,24.7,30.57703,0
17:29:54,31,24.7,30.57703,0
17:29:55,31,24.7,30.576340000000002,0
17:29:56,31,24.7,30.54189,0
17:29:57,30.9,24.7,30.52616,0
17:29:58,30.9,24.7,30.526569999999996,0
17:29:59,30.9,24.7,30.54025,0
17:30:00,30.9,24.7,30.54516,0
17:30:01,30.9,24.7,30.511319999999998,0
17:30:02,30.9,24.7,30.47708,0
17:30:03,30.9,24.7,30.47934,0
17:30:04,30.9,24.7,30.484889999999996,0
17:30:05,30.9,24.7,30.473670000000002,0
17:30:06,30.8,24.7,30.44632,0
17:30:07,30.8,24.7,30.4894,0
17:30:08,30.8,24.7,30.49962,0
17:30:09,30.8,24.7,30.457849999999997,0
17:30:10,30.8,24.7,30.471359999999997,0
17:30:11,30.8,24.7,30.478690000000004,0
17:30:12,30.8,24.7,30.433510000000002,0
17:30:13,30.8,24.7,30.45374,0
17:30:14,30.8,24.7,30.4083,0
17:30:15,30.8,24.7,30.400769999999998,0
17:30:16,30.8,24.7,30.43918,0
17:30:17,30.8,24.7,30.37404,0
17:30:18,30.8,24.7,30.381809999999998,0
17:30:19,30.8,24.7,30.329919999999998,0
17:30:20,30.7,24.7,30.32934,0
17:30:21,30.7,24.7,30.303200000000004,0
17:30:22,30.7,24.7,30.26991,0
17:30:23,30.7,24.7,30.237789999999997,0
17:30:24,30.7,24.7,30.2487,0
17:30:25,30.6,24.7,30.22464,0
17:30:26,30.6,24.7,30.212280000000003,0
17:30:27,30.6,24.7,30.15636,0
17:30:28,30.6,24.7,30.149579999999997,0
17:30:29,30.6,24.8,30.16236,0
17:30:30,30.6,24.8,30.16691,0
17:30:31,30.6,24.8,30.14607,0
17:30:32,30.6,24.8,30.10256,0
17:30:33,30.5,24.8,30.122339999999998,0
17:30:34,30.5,24.8,30.11583,0
17:30:35,30.5,24.8,30.08912,0
17:30:36,30.5,24.8,30.06372,0
17:30:37,30.5,24.8,30.05697,0
17:30:38,30.5,24.8,30.070390000000003,0
17:30:39,30.5,24.8,30.032890000000002,0
17:30:40,30.4,24.8,30.032890000000002,0
17:30:41,30.4,24.8,30.005720000000004,0
17:30:42,30.4,24.8,30.00431,0
17:30:43,30.4,24.8,30.01874,0
17:30:44,30.4,24.8,30.00266,0
17:30:45,30.4,24.8,29.993019999999998,0
17:30:46,30.4,24.8,29.94471,0
17:30:47,30.3,24.8,29.930709999999998,0
17:30:48,30.3,24.8,29.949150000000003,0
17:30:49,30.3,24.8,29.91887,0
17:30:50,30.3,24.8,29.90816,0
17:30:51,30.3,24.8,29.900470000000002,0
17:30:52,30.3,24.8,29.90687,0
17:30:53,30.3,24.8,29.849809999999998,0
17:30:54,30.3,24.8,29.84886,0
17:30:55,30.3,24.8,29.85546,0
17:30:56,30.3,24.8,29.82381,0
17:30:57,30.2,24.8,29.793999999999997,0
17:30:58,30.2,24.8,29.796139999999998,0
17:30:59,30.2,24.8,29.80433,0
17:31:00,30.2,24.8,29.723709999999997,0
17:31:01,30.2,24.8,29.74509,0
17:31:02,30.2,24.8,29.70488,0
17:31:03,30.2,24.8,29.6896,0
17:31:04,30.1,24.8,29.67362,0
17:31:05,30.1,24.8,29.6745,0
17:31:06,30.1,24.8,29.63133,0
17:31:07,30.1,24.8,29.647669999999998,0
17:31:08,30.1,24.8,29.63251,0
17:31:09,30,24.8,29.608780000000003,0
17:31:10,30,24.8,29.5815,0
17:31:11,30,24.8,29.59605,0
17:31:12,30,24.8,29.58009,0
17:31:13,30,24.8,29.57732,0
17:31:14,30,24.8,29.585539999999998,0
17:31:15,30,24.8,29.591420000000003,0
17:31:16,30,24.8,29.55141,0
17:31:17,30,24.8,29.53789,0
17:31:18,29.9,24.8,29.52999,0
17:31:19,29.9,24.8,29.53114,0
17:31:20,29.9,24.8,29.52414,0
17:31:21,29.9,24.8,29.5132,0
17:31:22,29.9,24.8,29.4981,0
17:31:23,29.9,24.8,29.53729,0
17:31:24,29.9,24.8,29.506939999999997,0
17:31:25,29.9,24.8,29.506939999999997,0
17:31:26,29.9,24.8,29.54346,0
17:31:27,29.9,24.8,29.525499999999997,0
17:31:28,29.9,24.8,29.5366,0
17:31:29,29.9,24.8,29.52458,0
17:31:30,29.8,24.8,29.538310000000003,0
17:31:31,29.8,24.8,29.506739999999997,0
17:31:32,29.8,24.8,29.502679999999998,0
17:31:33,29.8,24.8,29.494559999999996,0
17:31:34,29.8,24.8,29.478959999999997,0
17:31:35,29.8,24.8,29.465950000000003,0
17:31:36,29.8,24.8,29.46435,0
17:31:37,29.8,24.8,29.47805,0
17:31:38,29.8,24.8,29.46989,0
17:31:39,29.8,24.8,29.465629999999997,0
17:31:40,29.8,24.8,29.481049999999996,0
17:31:41,29.8,24.8,29.488799999999998,0
17:31:42,29.8,24.8,29.48335,0
17:31:43,29.8,24.8,29.46844,0
17:31:44,29.8,24.8,29.45348,0
17:31:45,29.8,24.8,29.475440000000003,0
17:31:46,29.8,24.8,29.45556,0
17:31:47,29.8,24.8,29.44267,0
17:31:48,29.8,24.8,29.40548,0
17:31:49,29.8,24.8,29.432399999999998,0
17:31:50,29.8,24.8,29.448800000000002,0
17:31:51,29.8,24.8,29.41239,0
17:31:52,29.8,24.8,29.376219999999996,0
17:31:53,29.7,24.8,29.368949999999998,0
17:31:54,29.7,24.8,29.363519999999998,0
17:31:55,29.7,24.8,29.366619999999998,0
17:31:56,29.7,24.8,29.309990000000003,0
17:31:57,29.7,24.8,29.310799999999997,0
17:31:58,29.7,24.8,29.32089,0
17:31:59,29.7,24.8,29.327540000000003,0
17:32:00,29.7,24.8,29.32379,0
17:32:01,29.7,24.8,29.32125,0
17:32:02,29.7,24.8,29.327009999999998,0
17:32:03,29.7,24.8,29.31101,0
17:32:04,29.7,24.8,29.3265,0
17:32:05,29.6,24.8,29.28348,0
17:32:06,29.6,24.8,29.32694,0
17:32:07,29.6,24.9,29.33104,0
17:32:08,29.6,24.9,29.30877,0
17:32:09,29.6,24.9,29.309849999999997,0
17:32:10,29.6,24.9,29.30892,0
17:32:11,29.6,24.9,29.30892,0
17:32:12,29.6,24.9,29.30957,0
17:32:13,29.6,24.9,29.313860000000002,0
17:32:14,29.6,24.9,29.31171,0
17:32:15,29.6,24.9,29.22188,0
17:32:16,29.6,24.9,29.26882,0
17:32:17,29.6,24.9,29.27432,0
17:32:18,29.6,24.9,29.26937,0
17:32:19,29.6,24.9,29.243380000000002,0
17:32:20,29.6,24.9,29.20704,0
17:32:21,29.6,24.9,29.22848,0
17:32:22,29.6,24.9,29.209629999999997,0
17:32:23,29.6,24.9,29.193659999999998,0
17:32:24,29.6,24.9,29.189510000000002,0
17:32:25,29.6,24.9,29.158830000000002,0
17:32:26,29.5,24.9,29.15433,0
17:32:27,29.5,24.9,29.151690000000002,0
17:32:28,29.5,24.9,29.14638,0
17:32:29,29.5,24.9,29.149140000000003,0
17:32:30,29.5,24.9,29.133490000000002,0
17:32:31,29.5,24.9,29.091089999999998,0
17:32:32,29.5,24.9,29.114220000000003,0
17:32:33,29.5,24.9,29.114289999999997,0
17:32:34,29.5,24.9,29.114220000000003,0
17:32:35,29.5,24.9,29.08866,0
17:32:36,29.5,24.9,29.06068,0
17:32:37,29.4,24.9,29.05471,0
17:32:38,29.4,24.9,29.06792,0
17:32:39,29.4,24.9,29.04238,0
17:32:40,29.4,24.9,29.00432,0
17:32:41,29.4,24.9,29.00026,0
17:32:42,29.4,24.9,29.01038,0
17:32:43,29.4,24.9,29.00223,0
17:32:44,29.4,24.9,28.948439999999998,0
17:32:45,29.4,24.9,28.94121,0
17:32:46,29.4,24.9,28.90197,0
17:32:47,29.3,24.9,28.89344,0
17:32:48,29.3,24.9,28.88808,0
17:32:49,29.3,24.9,28.87068,0
17:32:50,29.3,24.9,28.84922,0
17:32:51,29.3,24.9,28.823900000000002,0
17:32:52,29.3,24.9,28.794510000000002,0
17:32:53,29.3,24.9,28.79607,0
17:32:54,29.2,24.9,28.79041,0
17:32:55,29.2,24.9,28.794340000000002,0
17:32:56,29.2,24.9,28.794340000000002,0
17:32:57,29.2,24.9,28.787059999999997,0
17:32:58,29.2,24.9,28.793590000000002,0
17:32:59,29.2,24.9,28.7751,0
17:33:00,29.2,24.9,28.75459,0
17:33:01,29.1,24.9,28.767500000000002,0
17:33:02,29.1,24.9,28.78931,0
17:33:03,29.1,24.9,28.78543,0
17:33:04,29.1,24.9,28.783199999999997,0
17:33:05,29.1,24.9,28.78121,0
17:33:06,29.1,24.9,28.763569999999998,0
17:33:07,29.1,24.9,28.797800000000002,0
17:33:08,29.1,24.9,28.766609999999996,0
17:33:09,29.1,24.9,28.74601,0
17:33:10,29.1,24.9,28.74373,0
17:33:11,29.1,24.9,28.74264,0
17:33:12,29.1,24.9,28.71258,0
17:33:13,29.1,24.9,28.72419,0
17:33:14,29.1,24.9,28.727619999999998,0
17:33:15,29.1,24.9,28.68846,0
17:33:16,29.1,24.9,28.67284,0
17:33:17,29.1,24.9,28.655209999999997,0
17:33:18,29.1,24.9,28.650930000000002,0
17:33:19,29,24.9,28.64653,0
17:33:20,29,24.9,28.64919,0
17:33:21,29,24.9,28.634999999999998,0
17:33:22,29,24.9,28.583730000000003,0
17:33:23,29,24.9,28.64665,0
17:33:24,29,24.9,28.64524,0
17:33:25,29,24.9,28.61185,0
17:33:26,29,24.9,28.583380000000002,0
17:33:27,29,24.9,28.56288,0
17:33:28,29,24.9,28.51687,0
17:33:29,29,24.9,28.55667,0
17:33:30,28.9,24.9,28.53004,0
17:33:31,28.9,24.9,28.515980000000003,0
17:33:32,28.9,24.9,28.51441,0
17:33:33,28.9,24.9,28.48541,0
17:33:34,28.9,24.9,28.47422,0
17:33:35,28.9,24.9,28.44743,0
17:33:36,28.8,24.9,28.41979,0
17:33:37,28.8,24.9,28.418710000000004,0
17:33:38,28.8,24.9,28.42199,0
17:33:39,28.8,24.9,28.4058,0
17:33:40,28.8,24.9,28.403879999999997,0
17:33:41,28.8,24.9,28.403820000000003,0
17:33:42,28.8,24.9,28.403820000000003,0
17:33:43,28.8,24.9,28.37551,0
17:33:44,28.8,24.9,28.37735,0
17:33:45,28.8,24.9,28.348760000000002,0
17:33:46,28.7,24.9,28.343030000000002,0
17:33:47,28.7,24.9,28.33489,0
17:33:48,28.7,24.9,28.29197,0
17:33:49,28.7,24.9,28.33881,0
17:33:50,28.7,24.9,28.339,0
17:33:51,28.7,24.9,28.31054,0
17:33:52,28.7,24.9,28.32304,0
17:33:53,28.7,24.9,28.31015,0
17:33:54,28.7,24.9,28.28445,0
17:33:55,28.6,24.9,28.2917,0
17:33:56,28.6,24.9,28.258450000000003,0
17:33:57,28.6,24.9,28.226309999999998,0
17:33:58,28.6,24.9,28.300520000000002,0
17:33:59,28.6,24.9,28.267759999999996,0
17:34:00,28.6,24.9,28.277219999999996,0
17:34:01,28.6,24.9,28.26007,0
17:34:02,28.6,24.9,28.266989999999996,0
17:34:03,28.6,24.9,28.27997,0
17:34:04,28.6,24.9,28.249239999999997,0
17:34:05,28.6,24.9,28.22208,0
17:34:06,28.6,24.9,28.23927,0
17:34:07,28.6,24.9,28.246539999999996,0
17:34:08,28.6,24.9,28.210459999999998,0
17:34:09,28.6,24.9,28.17803,0
17:34:10,28.5,24.9,28.19331,0
17:34:11,28.5,24.9,28.179850000000002,0
17:34:12,28.5,24.9,28.192030000000003,0
17:34:13,28.5,24.9,28.16129,0
17:34:14,28.5,24.9,28.147640000000003,0
17:34:15,28.5,24.9,28.17406,0
17:34:16,28.5,24.9,28.16956,0
17:34:17,28.5,24.9,28.138170000000002,0
17:34:18,28.5,24.9,28.148600000000002,0
17:34:19,28.5,24.9,28.135369999999998,0
17:34:20,28.5,24.9,28.1509,0
17:34:21,28.5,24.9,28.14953,0
17:34:22,28.5,24.9,28.156789999999997,0
17:34:23,28.5,24.9,28.13787,0
17:34:24,28.5,24.9,28.138550000000002,0
17:34:25,28.5,24.9,28.15072,0
17:34:26,28.5,24.9,28.099069999999998,0
17:34:27,28.5,24.9,28.099069999999998,0
17:34:28,28.5,24.9,28.10719,0
17:34:29,28.5,24.9,28.08535,0
17:34:30,28.5,24.9,28.080959999999997,0
17:34:31,28.4,24.9,28.07216,0
17:34:32,28.4,24.9,28.090690000000002,0
17:34:33,28.4,24.9,28.09671,0
17:34:34,28.4,24.9,28.087509999999998,0
17:34:35,28.4,24.9,28.09086,0
17:34:36,28.4,24.9,28.08238,0
17:34:37,28.4,24.9,28.069519999999997,0
17:34:38,28.4,24.9,28.044219999999996,0
17:34:39,28.4,24.9,28.044960000000003,0
17:34:40,28.4,24.9,27.994370000000004,0
17:34:41,28.4,24.9,28.015240000000002,0
17:34:42,28.4,24.9,27.98253,0
17:34:43,28.4,24.9,27.97034,0
17:34:44,28.3,24.9,27.92161,0
17:34:45,28.3,24.9,27.919100000000004,0
17:34:46,28.3,25,27.92532,0
17:34:47,28.3,24.9,27.888810000000003,0
17:34:48,28.3,24.9,27.871010000000002,0
17:34:49,28.3,24.9,27.845589999999998,0
17:34:50,28.3,24.9,27.880519999999997,0
17:34:51,28.3,24.9,27.85169,0
17:34:52,28.3,24.9,27.86037,0
17:34:53,28.2,25,27.82292,0
17:34:54,28.2,25,27.839940000000002,0
17:34:55,28.2,24.9,27.82057,0
17:34:56,28.2,24.9,27.821469999999998,0
17:34:57,28.2,24.9,27.760240000000003,0
17:34:58,28.2,24.9,27.77458,0
17:34:59,28.2,25,27.79821,0
17:35:00,28.1,25,27.767370000000003,0
17:35:01,28.1,25,27.7455,0
17:35:02,28.1,25,27.71513,0
17:35:03,28.1,25,27.70379,0
17:35:04,28.1,25,27.71582,0
17:35:05,28.1,25,27.650570000000002,0
17:35:06,28.1,25,27.68062,0
17:35:07,28,25,27.62641,0
17:35:08,28,25,27.62717,0
17:35:09,28,25,27.616950000000003,0
17:35:10,28,25,27.56191,0
17:35:11,28,25,27.565089999999998,0
17:35:12,28,25,27.565089999999998,0
17:35:13,28,25,27.543260000000004,0
17:35:14,27.9,25,27.5366,0
17:35:15,27.9,25,27.5449,0
17:35:16,27.9,25,27.51224,0
17:35:17,27.9,25,27.4754,0
17:35:18,27.9,25,27.45652,0
17:35:19,27.8,25,27.45798,0
17:35:20,27.8,25,27.40116,0
17:35:21,27.8,25,27.40493,0
17:35:22,27.8,25,27.39837,0
17:35:23,27.8,25,27.386729999999996,0
17:35:24,27.7,25,27.355210000000003,0
17:35:25,27.7,25,27.363739999999996,0
17:35:26,27.7,25,27.314280000000004,0
17:35:27,27.7,25,27.301609999999997,0
17:35:28,27.7,25,27.307730000000003,0
17:35:29,27.7,25,27.31653,0
17:35:30,27.7,25,27.30471,0
17:35:31,27.7,25,27.30395,0
17:35:32,27.6,25,27.273789999999998,0
17:35:33,27.6,25,27.309919999999998,0
17:35:34,27.6,25,27.28603,0
17:35:35,27.6,25,27.293079999999996,0
17:35:36,27.6,25,27.302920000000004,0
17:35:37,27.6,25,27.298499999999997,0
17:35:38,27.6,25,27.28396,0
17:35:39,27.6,25,27.27254,0
17:35:40,27.6,25,27.27411,0
17:35:41,27.6,25,27.271250000000002,0
17:35:42,27.6,25,27.275329999999997,0
17:35:43,27.6,25,27.255439999999997,0
17:35:44,27.6,25,27.25516,0
17:35:45,27.6,25,27.27189,0
17:35:46,27.6,25,27.255119999999998,0
17:35:47,27.6,25,27.255819999999996,0
17:35:48,27.6,25,27.25433,0
17:35:49,27.6,25,27.22748,0
17:35:50,27.5,25,27.2026,0
17:35:51,27.5,25,27.207150000000002,0
17:35:52,27.5,25,27.22035,0
17:35:53,27.5,25,27.19422,0
17:35:54,27.5,25,27.19161,0
17:35:55,27.5,25,27.191789999999997,0
17:35:56,27.5,25,27.166249999999998,0
17:35:57,27.5,25,27.166249999999998,0
17:35:58,27.5,25,27.16523,0
17:35:59,27.5,25,27.1391,0
17:36:00,27.5,25,27.114549999999998,0
17:36:01,27.5,25,27.15206,0
17:36:02,27.5,25,27.14762,0
17:36:03,27.5,25,27.15507,0
17:36:04,27.5,25,27.160410000000002,0
17:36:05,27.5,25,27.15654,0
17:36:06,27.5,25,27.135209999999997,0
17:36:07,27.4,25,27.119510000000002,0
17:36:08,27.4,25,27.12566,0
17:36:09,27.4,25,27.10013,0
17:36:10,27.4,25,27.10878,0
17:36:11,27.4,25,27.111790000000003,0
17:36:12,27.4,25,27.08366,0
17:36:13,27.4,25,27.09343,0
17:36:14,27.4,25,27.0889,0
17:36:15,27.4,25,27.097379999999998,0
17:36:16,27.4,25,27.08452,0
17:36:17,27.4,25,27.10062,0
17:36:18,27.4,25,27.01399,0
17:36:19,27.4,25,27.058159999999997,0
17:36:20,27.4,25,27.04743,0
17:36:21,27.4,25,27.05005,0
17:36:22,27.4,25,27.019910000000003,0
17:36:23,27.4,25,27.00123,0
17:36:24,27.4,25,26.98634,0
17:36:25,27.3,25,27.01635,0
17:36:26,27.3,25,26.98411,0
17:36:27,27.3,25,27.005699999999997,0
17:36:28,27.3,25,26.97776,0
17:36:29,27.3,25,26.92855,0
17:36:30,27.3,25,26.93809,0
17:36:31,27.3,25,26.92775,0
17:36:32,27.3,25,26.907740000000004,0
17:36:33,27.3,25,26.86347,0
17:36:34,27.3,25,26.85785,0
17:36:35,27.3,25,26.84754,0
17:36:36,27.2,25,26.843149999999998,0
17:36:37,27.2,25,26.83036,0
17:36:38,27.2,25,26.81578,0
17:36:39,27.2,25,26.7854,0
17:36:40,27.2,25,26.783630000000002,0
17:36:41,27.2,25,26.75957,0
17:36:42,27.2,25,26.72498,0
17:36:43,27.1,25,26.72498,0
17:36:44,27.1,25,26.72763,0
17:36:45,27.1,25,26.70686,0
17:36:46,27.1,25,26.67232,0
17:36:47,27.1,25,26.669359999999998,0
17:36:48,27.1,25,26.67718,0
17:36:49,27.1,25,26.64591,0
17:36:50,27.1,25,26.62015,0
17:36:51,27,25,26.60609,0
17:36:52,27,25,26.535890000000002,0
17:36:53,27,25,26.58837,0
17:36:54,27,25,26.58082,0
17:36:55,27,25,26.58774,0
17:36:56,26.9,25,26.590380000000003,0
17:36:57,26.9,25,26.57523,0
17:36:58,26.9,25,26.58183,0
17:36:59,26.9,25,26.60095,0
17:37:00,26.9,25,26.56384,0
17:37:01,26.9,25,26.57755,0
17:37:02,26.9,25,26.60498,0
17:37:03,26.9,25,26.565319999999996,0
17:37:04,26.9,25,26.565,0
17:37:05,26.9,25,26.605339999999998,0
17:37:06,26.9,25,26.61415,0
17:37:07,26.9,25,26.624340000000004,0
17:37:08,26.9,25,26.62095,0
17:37:09,26.9,25,26.6372,0
17:37:10,26.9,25,26.65962,0
17:37:11,26.9,25,26.633889999999997,0
17:37:12,26.9,25,26.66321,0
17:37:13,26.9,25,26.69513,0
17:37:14,26.9,25,26.683590000000002,0
17:37:15,26.9,25,26.693810000000003,0
17:37:16,26.9,25,26.652199999999997,0
17:37:17,26.9,25,26.680730000000004,0
17:37:18,26.9,25,26.718690000000002,0
17:37:19,26.9,25,26.73273,0
17:37:20,26.9,25,26.721980000000002,0
17:37:21,26.9,25,26.726,0
17:37:22,26.9,25,26.74176,0
17:37:23,26.9,25,26.72464,0
17:37:24,27,25,26.72121,0
17:37:25,27,25,26.723570000000002,0
17:37:26,27,25,26.78896,0
17:37:27,27,25,26.8015,0
17:37:28,27,25,26.789160000000003,0
17:37:29,27,25,26.789160000000003,0
17:37:30,27,25,26.78996,0
17:37:31,27,25,26.79325,0
17:37:32,27,25,26.77978,0
17:37:33,27,25,26.7931,0
17:37:34,27,25,26.753749999999997,0
17:37:35,27,25,26.82466,0
17:37:36,27,25,26.8351,0
17:37:37,27,25,26.77537,0
17:37:38,27,25,26.8301,0
17:37:39,27,25,26.83301,0
17:37:40,27.1,25,26.83327,0
17:37:41,27.1,25,26.83312,0
17:37:42,27.1,25,26.82794,0
17:37:43,27.1,25,26.845059999999997,0
17:37:44,27.1,25,26.844620000000003,0
17:37:45,27.1,25,26.849040000000002,0
17:37:46,27.1,25,26.83183,0
17:37:47,27.1,25,26.80977,0
17:37:48,27.1,25,26.79387,0
17:37:49,27.1,25,26.78857,0
17:37:50,27.1,25,26.77586,0
17:37:51,27.1,25,26.79304,0
17:37:52,27.1,25,26.76822,0
17:37:53,27.1,25,26.71947,0
17:37:54,27.1,25,26.72006,0
17:37:55,27.1,25,26.707819999999998,0
17:37:56,27.1,25,26.67416,0
17:37:57,27.1,25,26.65514,0
17:37:58,27.1,25,26.62774,0
17:37:59,27.1,25,26.58512,0
17:38:00,27.1,25,26.585530000000002,0
17:38:01,27,25,26.593980000000002,0
17:38:02,27,25,26.55636,0
17:38:03,27,25,26.538339999999998,0
17:38:04,27,25,26.51989,0
17:38:05,27,25,26.46906,0
17:38:06,27,25,26.460440000000002,0
17:38:07,26.9,25,26.41821,0
17:38:08,26.9,25,26.437440000000002,0
17:38:09,26.9,25,26.43029,0
17:38:10,26.9,25,26.3833,0
17:38:11,26.9,25,26.35614,0
17:38:12,26.8,25,26.35997,0
17:38:13,26.8,25,26.36099,0
17:38:14,26.8,25,26.36099,0
17:38:15,26.8,25,26.32766,0
17:38:16,26.8,25,26.31737,0
17:38:17,26.8,25,26.29482,0
17:38:18,26.7,25,26.300810000000002,0
17:38:19,26.7,25,26.27007,0
17:38:20,26.7,25,26.27204,0
17:38:21,26.7,25,26.2631,0
17:38:22,26.7,25,26.27456,0
17:38:23,26.7,25,26.26428,0
17:38:24,26.7,25,26.269710000000003,0
17:38:25,26.7,25,26.283289999999997,0
17:38:26,26.7,25,26.260440000000003,0
17:38:27,26.6,25,26.245400000000004,0
17:38:28,26.6,25,26.25417,0
17:38:29,26.6,25,26.22954,0
17:38:30,26.6,25,26.2054,0
17:38:31,26.6,25,26.2104,0
17:38:32,26.6,25,26.19744,0
17:38:33,26.6,25,26.21488,0
17:38:34,26.6,25,26.20138,0
17:38:35,26.6,25,26.132680000000004,0
17:38:36,26.6,25,26.169520000000002,0
17:38:37,26.6,25,26.148120000000002,0
17:38:38,26.6,25,26.171590000000002,0
17:38:39,26.6,25,26.143159999999998,0
17:38:40,26.5,25,26.10132,0
17:38:41,26.5,25,26.113370000000003,0
17:38:42,26.5,25,26.10878,0
17:38:43,26.5,25,26.07211,0
17:38:44,26.5,25,26.05963,0
17:38:45,26.5,25,26.06105,0
17:38:46,26.5,25,26.04446,0
17:38:47,26.5,25,26.02404,0
17:38:48,26.5,25,26.02077,0
17:38:49,26.4,25,25.992379999999997,0
17:38:50,26.4,25,25.99467,0
17:38:51,26.4,25,25.96577,0
17:38:52,26.4,25,25.97024,0
17:38:53,26.4,25,25.9652,0
17:38:54,26.4,25,25.97662,0
17:38:55,26.4,25,25.98205,0
17:38:56,26.4,25,25.95958,0
17:38:57,26.4,25,25.992549999999998,0
17:38:58,26.4,25,25.97601,0
17:38:59,26.4,25,25.97601,0
17:39:00,26.3,25,25.97869,0
17:39:01,26.3,25,25.951390000000004,0
17:39:02,26.3,25,25.98612,0
17:39:03,26.3,25,25.990170000000003,0
17:39:04,26.3,25,25.969199999999997,0
17:39:05,26.3,25,25.953229999999998,0
17:39:06,26.3,25,25.949309999999997,0
17:39:07,26.3,25,25.941350000000003,0
17:39:08,26.3,25,25.94695,0
17:39:09,26.3,25,25.94624,0
17:39:10,26.3,25,25.94265,0
17:39:11,26.3,25,25.965110000000003,0
17:39:12,26.3,25,25.911469999999998,0
17:39:13,26.3,25,25.90015,0
17:39:14,26.3,25,25.87611,0
17:39:15,26.3,25,25.886670000000002,0
17:39:16,26.3,25,25.84824,0
17:39:17,26.3,25,25.877850000000002,0
17:39:18,26.2,25,25.84725,0
17:39:19,26.2,25,25.8242,0
17:39:20,26.2,25,25.798959999999997,0
17:39:21,26.2,25,25.794430000000002,0
17:39:22,26.2,25,25.794660000000004,0
17:39:23,26.2,25,25.74266,0
17:39:24,26.2,25,25.73938,0
17:39:25,26.2,25,25.732120000000002,0
17:39:26,26.2,25,25.708779999999997,0
17:39:27,26.2,25,25.697370000000003,0
17:39:28,26.1,25,25.699939999999998,0
17:39:29,26.1,25,25.69845,0
17:39:30,26.1,25,25.67391,0
17:39:31,26.1,25,25.671909999999997,0
17:39:32,26.1,25,25.67258,0
17:39:33,26.1,25,25.647199999999998,0
17:39:34,26.1,25,25.61213,0
17:39:35,26.1,25,25.6579,0
17:39:36,26.1,25,25.64713,0
17:39:37,26,25,25.62465,0
17:39:38,26,25,25.606230000000004,0
17:39:39,26,25,25.624180000000003,0
17:39:40,26,25,25.60489,0
17:39:41,26,25,25.60385,0
17:39:42,26,25,25.60446,0
17:39:43,26,25,25.58475,0
17:39:44,26,25,25.59882,0
17:39:45,26,25,25.59882,0
17:39:46,26,25,25.596950000000003,0
17:39:47,26,25,25.58835,0
17:39:48,26,25,25.58977,0
17:39:49,26,25,25.608579999999996,0
17:39:50,26,25,25.57514,0
17:39:51,26,25,25.59125,0
17:39:52,25.9,25,25.55554,0
17:39:53,25.9,25,25.599110000000003,0
17:39:54,25.9,25,25.60039,0
17:39:55,25.9,25,25.57506,0
17:39:56,25.9,25,25.55769,0
17:39:57,25.9,25,25.55574,0
17:39:58,25.9,25,25.551109999999998,0
17:39:59,25.9,25,25.52487,0
17:40:00,25.9,25,25.534309999999998,0
17:40:01,25.9,25,25.562099999999997,0
17:40:02,25.9,25,25.54149,0
17:40:03,25.9,25,25.55041,0
17:40:04,25.9,25,25.54068,0
17:40:05,25.9,25,25.53327,0
17:40:06,25.9,25,25.53941,0
17:40:07,25.9,25,25.549729999999997,0
17:40:08,25.9,25,25.523889999999998,0
17:40:09,25.9,25,25.548080000000002,0
17:40:10,25.9,25,25.55053,0
17:40:11,25.9,25,25.51177,0
17:40:12,25.9,25,25.47099,0
17:40:13,25.9,25,25.48756,0
17:40:14,25.9,25,25.471349999999997,0
17:40:15,25.9,25,25.48198,0
17:40:16,25.9,25,25.47374,0
17:40:17,25.9,25,25.419399999999996,0
17:40:18,25.8,25,25.494,0
17:40:19,25.8,25,25.46057,0
17:40:20,25.8,25,25.497570000000003,0
17:40:21,25.8,25,25.485999999999997,0
17:40:22,25.8,25,25.47196,0
17:40:23,25.8,25,25.464959999999998,0
17:40:24,25.8,25,25.442330000000002,0
17:40:25,25.8,25,25.39952,0
17:40:26,25.8,25,25.44763,0
17:40:27,25.8,25,25.443320000000003,0
17:40:28,25.8,25,25.41681,0
17:40:29,25.8,25,25.401780000000002,0
17:40:30,25.8,25,25.401780000000002,0
17:40:31,25.8,25,25.3888,0
17:40:32,25.8,25,25.37781,0
17:40:33,25.8,25,25.378099999999996,0
17:40:34,25.8,25,25.37023,0
17:40:35,25.8,25,25.34246,0
17:40:36,25.8,25,25.36336,0
17:40:37,25.8,25,25.33186,0
17:40:38,25.7,25,25.33557,0
17:40:39,25.7,25,25.3388,0
17:40:40,25.7,25,25.333119999999997,0
17:40:41,25.7,25,25.3381,0
17:40:42,25.7,25,25.340069999999997,0
17:40:43,25.7,25,25.351509999999998,0
17:40:44,25.7,25,25.33139,0
17:40:45,25.7,25,25.281769999999998,0
17:40:46,25.7,25,25.295,0
17:40:47,25.7,25,25.267970000000002,0
17:40:48,25.7,25,25.280340000000002,0
17:40:49,25.7,25,25.26753,0
17:40:50,25.7,25,25.27009,0
17:40:51,25.7,25,25.27134,0
17:40:52,25.7,25,25.26636,0
17:40:53,25.6,25,25.18804,0
17:40:54,25.6,25,25.24275,0
17:40:55,25.6,25,25.230059999999998,0
17:40:56,25.6,25,25.23162,0
17:40:57,25.6,25,25.23533,0
17:40:58,25.6,25,25.232139999999998,0
17:40:59,25.6,25,25.227339999999998,0
17:41:00,25.6,25,25.22946,0
17:41:01,25.6,25,25.23359,0
17:41:02,25.6,25,25.22709,0
17:41:03,25.6,25,25.227899999999998,0
17:41:04,25.6,25,25.23189,0
17:41:05,25.6,25,25.22272,0
17:41:06,25.6,25,25.215310000000002,0
17:41:07,25.6,25,25.22114,0
17:41:08,25.6,25,25.20228,0
17:41:09,25.6,25,25.18997,0
17:41:10,25.6,25,25.15712,0
17:41:11,25.6,25,25.16317,0
17:41:12,25.6,25,25.187179999999998,0
17:41:13,25.6,25,25.174950000000003,0
17:41:14,25.6,25,25.153959999999998,0
17:41:15,25.6,25,25.153959999999998,0
17:41:16,25.5,25,25.123079999999998,0
17:41:17,25.5,25,25.134529999999998,0
17:41:18,25.5,25,25.12062,0
17:41:19,25.5,25,25.12918,0
17:41:20,25.5,25,25.09087,0
17:41:21,25.5,25,25.10141,0
17:41:22,25.5,25,25.11233,0
17:41:23,25.5,25,25.059160000000002,0
17:41:24,25.5,25,25.072149999999997,0
17:41:25,25.5,25,25.055729999999997,0
17:41:26,25.5,25,25.065569999999997,0
17:41:27,25.5,25,25.060470000000002,0
17:41:28,25.5,25,25.044100000000004,0
17:41:29,25.4,25,25.078519999999997,0
17:41:30,25.4,25,25.049349999999997,0
17:41:31,25.4,25,25.053340000000002,0
17:41:32,25.4,25,25.04269,0
17:41:33,25.4,25,25.033689999999996,0
17:41:34,25.4,25,25.05773,0
17:41:35,25.4,25,25.05904,0
17:41:36,25.4,25,25.040879999999998,0
17:41:37,25.4,25,25.010939999999998,0
17:41:38,25.4,25,25.02633,0
17:41:39,25.4,25,25.063249999999996,0
17:41:40,25.4,25,25.012859999999996,0
17:41:41,25.4,25,25.015700000000002,0
17:41:42,25.4,25,25.009769999999996,0
17:41:43,25.4,25,25.002619999999997,0
17:41:44,25.4,25,25.014999999999997,0
17:41:45,25.4,25,25.017329999999998,0
17:41:46,25.4,25,25.010260000000002,0
17:41:47,25.4,25,25.02413,0
17:41:48,25.4,25,25.0281,0
17:41:49,25.4,25,24.9999,0
17:41:50,25.4,25,24.97058,0
17:41:51,25.4,25,24.97636,0
17:41:52,25.4,25,24.97551,0
17:41:53,25.4,25,24.94269,0
17:41:54,25.4,25,24.97355,0
17:41:55,25.4,25,24.949550000000002,0
17:41:56,25.3,25,24.93583,0
17:41:57,25.3,25,24.92223,0
17:41:58,25.3,25,24.90898,0
17:41:59,25.3,25,24.90621,0
17:42:00,25.3,25,24.87386,0
17:42:01,25.3,25,24.87386,0
17:42:02,25.3,25,24.84917,0
17:42:03,25.3,25,24.850559999999998,0
17:42:04,25.3,25,24.87132,0
17:42:05,25.3,25,24.86673,0
17:42:06,25.3,25,24.82423,0
17:42:07,25.3,25,24.81813,0
17:42:08,25.3,25,24.835099999999997,0
17:42:09,25.2,25,24.814439999999998,0
17:42:10,25.2,25,24.80092,0
17:42:11,25.2,25,24.79795,0
17:42:12,25.2,25,24.76044,0
17:42:13,25.2,25,24.76842,0
17:42:14,25.2,25,24.76375,0
17:42:15,25.2,25,24.74216,0
17:42:16,25.2,25,24.7286,0
17:42:17,25.2,25,24.73816,0
17:42:18,25.1,25,24.7362,0
17:42:19,25.1,25,24.67984,0
17:42:20,25.1,25,24.72861,0
17:42:21,25.1,25,24.699009999999998,0
17:42:22,25.1,25,24.66575,0
17:42:23,25.1,25,24.69384,0
17:42:24,25.1,25,24.665210000000002,0
17:42:25,25.1,25,24.66655,0
17:42:26,25.1,25,24.69472,0
17:42:27,25.1,25,24.65428,0
17:42:28,25.1,25,24.668570000000003,0
17:42:29,25,25,24.65045,0
17:42:30,25,25,24.62987,0
17:42:31,25,25,24.63276,0
17:42:32,25,25,24.613380000000003,0
17:42:33,25,25,24.60621,0
17:42:34,25,25,24.60772,0
17:42:35,25,25,24.60591,0
17:42:36,25,25,24.624940000000002,0
17:42:37,25,25,24.627950000000002,0
17:42:38,25,25,24.625230000000002,0
17:42:39,25,25,24.59373,0
17:42:40,25,25,24.59961,0
17:42:41,25,25,24.5836,0
17:42:42,25,25,24.60001,0
17:42:43,25,25,24.560969999999998,0
17:42:44,25,25,24.5854,0
17:42:45,25,25,24.60813,0
17:42:46,24.9,25,24.61599,0
17:42:47,24.9,25,24.61599,0
17:42:48,24.9,25,24.6084,0
17:42:49,24.9,25,24.6083,0
17:42:50,24.9,25,24.62206,0
17:42:51,24.9,25,24.6006,0
17:42:52,24.9,25,24.59149,0
17:42:53,24.9,25,24.5762,0
17:42:54,24.9,25,24.59809,0
17:42:55,24.9,25,24.574109999999997,0
17:42:56,24.9,25,24.57282,0
17:42:57,24.9,25,24.56238,0
17:42:58,24.9,25,24.52251,0
17:42:59,24.9,25,24.50907,0
17:43:00,24.9,25,24.49522,0
17:43:01,24.9,25,24.528669999999998,0
17:43:02,24.9,25,24.52613,0
17:43:03,24.9,25,24.50095,0
17:43:04,24.9,25,24.48236,0
17:43:05,24.9,25,24.46237,0
17:43:06,24.9,25,24.46188,0
17:43:07,24.9,25,24.4591,0
17:43:08,24.9,25,24.45572,0
17:43:09,24.9,25,24.47513,0
17:43:10,24.9,25,24.44377,0
17:43:11,24.9,25,24.4435,0
17:43:12,24.9,25,24.44471,0
17:43:13,24.8,25,24.41646,0
17:43:14,24.8,25,24.410899999999998,0
17:43:15,24.8,25,24.414820000000002,0
17:43:16,24.8,25,24.42197,0
17:43:17,24.8,25,24.40009,0
17:43:18,24.8,25,24.41745,0
17:43:19,24.8,25,24.428720000000002,0
17:43:20,24.8,25,24.38649,0
17:43:21,24.8,25,24.38071,0
17:43:22,24.8,25,24.36834,0
17:43:23,24.8,25,24.35324,0
17:43:24,24.8,25,24.35326,0
17:43:25,24.8,25,24.36271,0
17:43:26,24.8,25,24.3323,0
17:43:27,24.8,25,24.3758,0
17:43:28,24.8,25,24.366889999999998,0
17:43:29,24.7,25,24.37175,0
17:43:30,24.7,25,24.36287,0
17:43:31,24.7,25,24.36129,0
17:43:32,24.7,25,24.36129,0
17:43:33,24.7,25,24.36543,0
17:43:34,24.7,25,24.37604,0
17:43:35,24.7,25,24.33113,0
17:43:36,24.7,25,24.36391,0
17:43:37,24.7,25,24.377119999999998,0
17:43:38,24.7,25,24.35284,0
17:43:39,24.7,25,24.323439999999998,0
17:43:40,24.7,25,24.31337,0
17:43:41,24.7,25,24.30175,0
17:43:42,24.7,25,24.28023,0
17:43:43,24.7,25,24.30685,0
17:43:44,24.7,25,24.2695,0
17:43:45,24.7,25,24.27485,0
17:43:46,24.7,25,24.25705,0
17:43:47,24.7,25,24.268,0
17:43:48,24.7,25,24.25454,0
17:43:49,24.7,25,24.27238,0
17:43:50,24.6,25,24.27666,0
17:43:51,24.6,25,24.290960000000002,0
17:43:52,24.6,25,24.27174,0
17:43:53,24.6,25,24.255679999999998,0
17:43:54,24.6,25,24.272769999999998,0
17:43:55,24.6,25,24.255789999999998,0
17:43:56,24.6,25,24.26256,0
17:43:57,24.6,25,24.26184,0
17:43:58,24.6,25,24.24944,0
17:43:59,24.6,25,24.2502,0
17:44:00,24.6,25,24.26004,0
17:44:01,24.6,25,24.25443,0
17:44:02,24.6,25,24.2856,0
17:44:03,24.6,25,24.29795,0
17:44:04,24.6,25,24.310480000000002,0
17:44:05,24.6,25,24.31844,0
17:44:06,24.6,25,24.31965,0
17:44:07,24.6,25,24.323339999999998,0
17:44:08,24.6,25,24.30725,0
17:44:09,24.6,25,24.35186,0
17:44:10,24.6,25,24.29627,0
17:44:11,24.6,25,24.31263,0
17:44:12,24.7,25,24.350350000000002,0
17:44:13,24.7,25,24.340719999999997,0
17:44:14,24.7,25,24.34837,0
17:44:15,24.7,25,24.35081,0
17:44:16,24.7,25,24.36268,0
17:44:17,24.7,25,24.35643,0
17:44:18,24.7,25,24.35643,0
17:44:19,24.7,25,24.36811,0
17:44:20,24.7,25,24.320829999999997,0
17:44:21,24.7,25,24.3776,0
17:44:22,24.7,25,24.361749999999997,0
17:44:23,24.7,25,24.36402,0
17:44:24,24.7,25,24.32873,0
17:44:25,24.7,25,24.31632,0
17:44:26,24.7,25,24.32426,0
17:44:27,24.7,25,24.3154,0
17:44:28,24.7,25,24.28189,0
17:44:29,24.7,25,24.27721,0
17:44:30,24.7,25,24.27441,0
17:44:31,24.7,25,24.2552,0
17:44:32,24.7,25,24.24981,0
17:44:33,24.7,25,24.22891,0
17:44:34,24.7,25,24.229609999999997,0
17:44:35,24.7,25,24.23717,0
17:44:36,24.7,25,24.20639,0
17:44:37,24.7,25,24.215139999999998,0
17:44:38,24.6,25,24.22389,0
17:44:39,24.6,25,24.195140000000002,0
17:44:40,24.6,25,24.16837,0
17:44:41,24.6,25,24.18084,0
17:44:42,24.6,25,24.17007,0
17:44:43,24.6,25,24.16994,0
17:44:44,24.6,25,24.16461,0
17:44:45,24.6,25,24.17972,0
17:44:46,24.6,25,24.141750000000002,0
17:44:47,24.6,25,24.14906,0
17:44:48,24.6,25,24.17245,0
17:44:49,24.6,25,24.10717,0
17:44:50,24.6,25,24.11141,0
17:44:51,24.5,25,24.1033,0
17:44:52,24.5,25,24.10163,0
17:44:53,24.5,25,24.1153,0
17:44:54,24.5,25,24.07929,0
17:44:55,24.5,25,24.021539999999998,0
17:44:56,24.5,25,24.06516,0
17:44:57,24.5,25,24.07512,0
17:44:58,24.5,25,24.06121,0
17:44:59,24.5,25,24.04074,0
17:45:00,24.5,25,24.01396,0
17:45:01,24.5,25,24.00341,0
17:45:02,24.5,25,23.99015,0
17:45:03,24.5,25,23.99015,0
17:45:04,24.5,25,23.96192,0
17:45:05,24.4,25,23.96986,0
17:45:06,24.4,25,23.982419999999998,0
17:45:07,24.4,25,23.91562,0
17:45:08,24.4,25,23.9019,0
17:45:09,24.4,25,23.90195,0
17:45:10,24.4,25,23.90195,0
17:45:11,24.4,25,23.87942,0
17:45:12,24.4,25,23.87531,0
17:45:13,24.4,25,23.86254,0
17:45:14,24.3,25,23.87443,0
17:45:15,24.3,25,23.85634,0
17:45:16,24.3,25,23.87711,0
17:45:17,24.3,25,23.8712,0
17:45:18,24.3,25,23.833840000000002,0
17:45:19,24.3,25,23.84527,0
17:45:20,24.3,25,23.80294,0
17:45:21,24.3,25,23.85108,0
17:45:22,24.3,25,23.84598,0
17:45:23,24.3,25,23.83314,0
17:45:24,24.3,25,23.81668,0
17:45:25,24.3,25,23.82583,0
17:45:26,24.3,25,23.80357,0
17:45:27,24.2,25,23.83201,0
17:45:28,24.2,25,23.802039999999998,0
17:45:29,24.2,25,23.79546,0
17:45:30,24.2,25,23.78046,0
17:45:31,24.2,25,23.76701,0
17:45:32,24.2,25,23.77347,0
17:45:33,24.2,25,23.75964,0
17:45:34,24.2,25,23.71325,0
17:45:35,24.2,25,23.67594,0
17:45:36,24.2,25,23.65971,0
17:45:37,24.2,25,23.71596,0
17:45:38,24.2,25,23.69026,0
17:45:39,24.2,25,23.64977,0
17:45:40,24.2,25,23.650009999999998,0
17:45:41,24.1,25,23.648,0
17:45:42,24.1,25,23.626820000000002,0
17:45:43,24.1,25,23.60562,0
17:45:44,24.1,25,23.60081,0
17:45:45,24.1,25,23.60496,0
17:45:46,24.1,25,23.60901,0
17:45:47,24.1,25,23.61268,0
17:45:48,24.1,25,23.61268,0
17:45:49,24,25,23.60923,0
17:45:50,24,25,23.61641,0
17:45:51,24,25,23.625609999999998,0
17:45:52,24,25,23.60371,0
17:45:53,24,25,23.60552,0
17:45:54,24,25,23.60738,0
17:45:55,24,25,23.61682,0
17:45:56,24,25,23.59349,0
17:45:57,24,25,23.61975,0
17:45:58,24,25,23.59368,0
17:45:59,24,25,23.595959999999998,0
17:46:00,24,25,23.62357,0
17:46:01,24,25,23.63232,0
17:46:02,24,25,23.59486,0
17:46:03,24,25,23.633390000000002,0
17:46:04,24,25,23.60634,0
17:46:05,24,25,23.61908,0
17:46:06,24,25,23.61629,0
17:46:07,24,25,23.60889,0
17:46:08,24,25,23.60856,0
17:46:09,24,25,23.60166,0
17:46:10,24,25,23.58403,0
17:46:11,24,25,23.61182,0
17:46:12,24,25,23.59161,0
17:46:13,24,25,23.59855,0
17:46:14,24,25,23.59311,0
17:46:15,24,25,23.59656,0
17:46:16,24,25,23.61077,0
17:46:17,24,25,23.59658,0
17:46:18,24,25,23.563509999999997,0
17:46:19,24,25,23.58624,0
17:46:20,24,25,23.61067,0
17:46:21,24,25,23.604300000000002,0
17:46:22,24,25,23.61045,0
17:46:23,24,25,23.62128,0
17:46:24,24,25,23.59263,0
17:46:25,24,25,23.61558,0
17:46:26,24,25,23.54727,0
17:46:27,24,25,23.62231,0
17:46:28,24,25,23.62422,0
17:46:29,24,25,23.596790000000002,0
17:46:30,24,25,23.57208,0
17:46:31,24,25,23.59889,0
17:46:32,24,25,23.593690000000002,0
17:46:33,24,25,23.593690000000002,0
17:46:34,24,25,23.59418,0
17:46:35,24,25,23.606669999999998,0
17:46:36,24,25,23.60837,0
17:46:37,24,25,23.59244,0
17:46:38,24,25,23.60549,0
17:46:39,24,25,23.57875,0
17:46:40,24,25,23.59169,0
17:46:41,24,25,23.58624,0
17:46:42,24,25,23.57118,0
17:46:43,23.9,25,23.52007,0
17:46:44,23.9,25,23.56971,0
17:46:45,23.9,25,23.57094,0
17:46:46,23.9,25,23.551920000000003,0
17:46:47,23.9,25,23.55034,0
17:46:48,23.9,25,23.55225,0
17:46:49,23.9,25,23.52636,0
17:46:50,23.9,25,23.509240000000002,0
17:46:51,23.9,25,23.48737,0
17:46:52,23.9,25,23.49616,0
17:46:53,23.9,25,23.48983,0
17:46:54,23.9,25,23.46654,0
17:46:55,23.9,25,23.43845,0
17:46:56,23.9,25,23.45457,0
17:46:57,23.9,25,23.412740000000003,0
17:46:58,23.9,25,23.40663,0
17:46:59,23.9,25,23.424429999999997,0
17:47:00,23.9,25,23.40325,0
17:47:01,23.9,25,23.35145,0
17:47:02,23.8,25,23.37415,0
17:47:03,23.8,25,23.32102,0
17:47:04,23.8,25,23.31731,0
17:47:05,23.8,25,23.32338,0
17:47:06,23.8,25,23.32705,0
17:47:07,23.8,25,23.30294,0
17:47:08,23.8,25,23.289740000000002,0
17:47:09,23.8,25,23.29215,0
17:47:10,23.8,25,23.30648,0
17:47:11,23.8,25,23.30393,0
17:47:12,23.8,25,23.30499,0
17:47:13,23.7,25,23.31848,0
17:47:14,23.7,25,23.31307,0
17:47:15,23.7,25,23.3068,0
17:47:16,23.7,25,23.31117,0
17:47:17,23.7,25,23.26626,0
17:47:18,23.7,25,23.26626,0
17:47:19,23.7,25,23.3272,0
17:47:20,23.7,25,23.34125,0
17:47:21,23.7,25,23.34368,0
17:47:22,23.7,25,23.32174,0
17:47:23,23.7,25,23.344,0
17:47:24,23.7,25,23.34431,0
17:47:25,23.7,25,23.32883,0
17:47:26,23.7,25,23.34498,0
17:47:27,23.7,25,23.33745,0
17:47:28,23.7,25,23.356370000000002,0
17:47:29,23.7,25,23.35695,0
17:47:30,23.7,25,23.37428,0
17:47:31,23.7,25,23.36039,0
17:47:32,23.7,25,23.3586,0
17:47:33,23.7,25,23.37212,0
17:47:34,23.7,25,23.356379999999998,0
17:47:35,23.7,25,23.355600000000003,0
17:47:36,23.7,25,23.36073,0
17:47:37,23.7,25,23.37645,0
17:47:38,23.7,25,23.336100000000002,0
17:47:39,23.7,25,23.34376,0
17:47:40,23.7,25,23.34947,0
17:47:41,23.7,25,23.32007,0
17:47:42,23.7,25,23.34428,0
17:47:43,23.7,25,23.31589,0
17:47:44,23.7,25,23.32743,0
17:47:45,23.7,25,23.33568,0
17:47:46,23.7,25,23.35092,0
17:47:47,23.7,25,23.299049999999998,0
17:47:48,23.7,25,23.30238,0
17:47:49,23.7,25,23.3094,0
17:47:50,23.7,25,23.28696,0
17:47:51,23.7,25,23.292299999999997,0
17:47:52,23.7,25,23.31205,0
17:47:53,23.7,25,23.28684,0
17:47:54,23.7,25,23.279259999999997,0
17:47:55,23.7,25,23.261580000000002,0
17:47:56,23.7,25,23.2514,0
17:47:57,23.7,25,23.21546,0
17:47:58,23.7,25,23.2328,0
17:47:59,23.7,25,23.22411,0
17:48:00,23.6,25,23.20403,0
17:48:01,23.6,25,23.234379999999998,0
17:48:02,23.6,25,23.1653,0
17:48:03,23.6,25,23.21396,0
17:48:04,23.6,25,23.21396,0
17:48:05,23.6,25,23.21237,0
17:48:06,23.6,25,23.17691,0
17:48:07,23.6,25,23.18729,0
17:48:08,23.6,25,23.21733,0
17:48:09,23.6,25,23.200219999999998,0
17:48:10,23.6,25,23.17164,0
17:48:11,23.6,25,23.15571,0
17:48:12,23.6,25,23.19175,0
17:48:13,23.6,25,23.18285,0
17:48:14,23.6,25,23.168590000000002,0
17:48:15,23.6,25,23.17496,0
17:48:16,23.6,25,23.17274,0
17:48:17,23.6,25,23.17479,0
17:48:18,23.6,25,23.17867,0
17:48:19,23.6,25,23.17344,0
17:48:20,23.6,25,23.11689,0
17:48:21,23.6,25,23.1648,0
17:48:22,23.6,25,23.18414,0
17:48:23,23.6,25,23.15518,0
17:48:24,23.6,25,23.15701,0
17:48:25,23.6,25,23.13219,0
17:48:26,23.6,25,23.13489,0
17:48:27,23.5,25,23.11066,0
17:48:28,23.5,25,23.08519,0
17:48:29,23.5,25,23.10358,0
17:48:30,23.5,25,23.08256,0
17:48:31,23.5,25,23.0372,0
17:48:32,23.5,25,23.04149,0
17:48:33,23.5,25,23.02396,0
17:48:34,23.5,25,23.01915,0
17:48:35,23.5,25,23.02479,0
17:48:36,23.5,25,23.02157,0
17:48:37,23.5,25,22.980610000000002,0
17:48:38,23.5,25,23.03751,0
17:48:39,23.5,25,23.01201,0
17:48:40,23.5,25,22.99664,0
17:48:41,23.4,25,23.01276,0
17:48:42,23.4,25,23.00055,0
17:48:43,23.4,25,22.99864,0
17:48:44,23.4,25,23.01649,0
17:48:45,23.4,25,22.97919,0
17:48:46,23.4,25,23.007749999999998,0
17:48:47,23.4,25,22.98443,0
17:48:48,23.4,25,22.974259999999997,0
17:48:49,23.4,25,22.974259999999997,0
17:48:50,23.4,25,22.981299999999997,0
17:48:51,23.4,25,22.97379,0
17:48:52,23.4,25,22.96568,0
17:48:53,23.4,25,22.977729999999998,0
17:48:54,23.4,25,22.95848,0
17:48:55,23.4,25,22.94894,0
17:48:56,23.4,25,22.96198,0
17:48:57,23.4,25,22.96152,0
17:48:58,23.3,25,22.956960000000002,0
17:48:59,23.3,25,22.949,0
17:49:00,23.3,25,22.94274,0
17:49:01,23.3,25,22.92562,0
17:49:02,23.3,25,22.89007,0
17:49:03,23.3,25,22.95411,0
17:49:04,23.3,25,22.93242,0
17:49:05,23.3,25,22.94336,0
17:49:06,23.3,25,22.92343,0
17:49:07,23.3,25,22.89682,0
17:49:08,23.3,25,22.88386,0
17:49:09,23.3,25,22.893,0
17:49:10,23.3,25,22.89815,0
17:49:11,23.3,25,22.893079999999998,0
17:49:12,23.3,25,22.89859,0
17:49:13,23.3,25,22.90764,0
17:49:14,23.3,25,22.90112,0
17:49:15,23.3,25,22.90463,0
17:49:16,23.3,25,22.90832,0
17:49:17,23.3,25,22.879350000000002,0
17:49:18,23.3,25,22.848489999999998,0
17:49:19,23.3,25,22.896050000000002,0
17:49:20,23.3,25,22.88709,0
17:49:21,23.3,25,22.86562,0
17:49:22,23.3,25,22.86587,0
17:49:23,23.3,25,22.838449999999998,0
17:49:24,23.3,25,22.84672,0
17:49:25,23.3,25,22.84332,0
17:49:26,23.3,25,22.8501,0
17:49:27,23.3,25,22.83152,0
17:49:28,23.3,25.1,22.82538,0
17:49:29,23.3,25.1,22.84362,0
17:49:30,23.3,25.1,22.80289,0
17:49:31,23.2,25,22.80875,0
17:49:32,23.2,25,22.80113,0
17:49:33,23.2,25,22.79468,0
17:49:34,23.2,25,22.79468,0
17:49:35,23.2,25,22.78143,0
17:49:36,23.2,25,22.78385,0
17:49:37,23.2,25,22.78059,0
17:49:38,23.2,25,22.765050000000002,0
17:49:39,23.2,25,22.778119999999998,0
17:49:40,23.2,25,22.75827,0
17:49:41,23.2,25,22.739539999999998,0
17:49:42,23.2,25,22.74898,0
17:49:43,23.2,25,22.747690000000002,0
17:49:44,23.2,25,22.751189999999998,0
17:49:45,23.2,25,22.7626,0
17:49:46,23.2,25,22.74808,0
17:49:47,23.2,25,22.73078,0
17:49:48,23.2,25,22.73576,0
17:49:49,23.2,25.1,22.72977,0
17:49:50,23.2,25.1,22.70186,0
17:49:51,23.2,25,22.67004,0
17:49:52,23.1,25.1,22.70646,0
17:49:53,23.1,25,22.69781,0
17:49:54,23.1,25.1,22.66909,0
17:49:55,23.1,25.1,22.65863,0
17:49:56,23.1,25.1,22.67604,0
17:49:57,23.1,25.1,22.66806,0
17:49:58,23.1,25,22.662779999999998,0
17:49:59,23.1,25,22.66529,0
17:50:00,23.1,25.1,22.67874,0
17:50:01,23.1,25.1,22.659299999999998,0
17:50:02,23.1,25,22.61278,0
17:50:03,23.1,25.1,22.63393,0
17:50:04,23.1,25.1,22.63534,0
17:50:05,23.1,25.1,22.61443,0
17:50:06,23.1,25.1,22.57897,0
17:50:07,23.1,25.1,22.56969,0
17:50:08,23.1,25.1,22.57686,0
17:50:09,23.1,25.1,22.5964,0
17:50:10,23.1,25.1,22.54034,0
17:50:11,23,25.1,22.52713,0
17:50:12,23,25.1,22.50567,0
17:50:13,23,25.1,22.48155,0
17:50:14,23,25.1,22.49382,0
17:50:15,23,25.1,22.48864,0
17:50:16,23,25,22.426750000000002,0
17:50:17,23,25,22.48376,0
17:50:18,23,25,22.44732,0
17:50:19,23,25,22.48539,0
17:50:20,22.9,25,22.48539,0
17:50:21,22.9,25,22.46249,0
17:50:22,22.9,25,22.45262,0
17:50:23,22.9,25,22.4309,0
17:50:24,22.9,25,22.42165,0
17:50:25,22.9,25,22.405240000000003,0
17:50:26,22.9,25,22.41451,0
17:50:27,22.9,25,22.433239999999998,0
17:50:28,22.9,25,22.405910000000002,0
17:50:29,22.9,25,22.39164,0
17:50:30,22.9,25,22.39673,0
17:50:31,22.9,25,22.38343,0
17:50:32,22.8,25,22.39139,0
17:50:33,22.8,25,22.39527,0
17:50:34,22.8,25,22.38999,0
17:50:35,22.8,25.1,22.39255,0
17:50:36,22.8,25,22.40015,0
17:50:37,22.8,25,22.402050000000003,0
17:50:38,22.8,25,22.392770000000002,0
17:50:39,22.8,25,22.40424,0
17:50:40,22.8,25,22.408520000000003,0
17:50:41,22.8,25,22.378339999999998,0
17:50:42,22.8,25,22.3753,0
17:50:43,22.8,25,22.4028,0
17:50:44,22.8,25,22.40251,0
17:50:45,22.8,25,22.41644,0
17:50:46,22.8,25,22.42139,0
17:50:47,22.8,25,22.39236,0
17:50:48,22.8,25,22.416259999999998,0
17:50:49,22.8,25,22.41857,0
17:50:50,22.8,25,22.39382,0
17:50:51,22.8,25,22.40702,0
17:50:52,22.8,25,22.392970000000002,0
17:50:53,22.8,25,22.36873,0
17:50:54,22.8,25,22.40394,0
17:50:55,22.8,25,22.39739,0
17:50:56,22.8,25,22.38163,0
17:50:57,22.8,25,22.41109,0
17:50:58,22.8,25,22.39263,0
17:50:59,22.8,25,22.402179999999998,0
17:51:00,22.8,25,22.35692,0
17:51:01,22.8,25,22.40506,0
17:51:02,22.8,25,22.415760000000002,0
17:51:03,22.8,25,22.41884,0
17:51:04,22.8,25,22.419059999999998,0
17:51:05,22.8,25,22.419059999999998,0
17:51:06,22.8,25,22.432679999999998,0
17:51:07,22.8,25,22.449289999999998,0
17:51:08,22.8,25,22.46515,0
17:51:09,22.8,25,22.465989999999998,0
17:51:10,22.8,25,22.437450000000002,0
17:51:11,22.8,25,22.47037,0
17:51:12,22.8,25,22.48448,0
17:51:13,22.8,25.1,22.50582,0
17:51:14,22.8,25.1,22.4846,0
17:51:15,22.8,25.1,22.4777,0
17:51:16,22.8,25.1,22.47135,0
17:51:17,22.8,25,22.47525,0
17:51:18,22.8,25,22.43531,0
17:51:19,22.9,25,22.48157,0
17:51:20,22.9,25,22.47694,0
17:51:21,22.9,25,22.45565,0
17:51:22,22.9,25,22.42924,0
17:51:23,22.9,25,22.41568,0
17:51:24,22.9,25,22.40907,0
17:51:25,22.9,25,22.4193,0
17:51:26,22.9,25.1,22.385479999999998,0
17:51:27,22.9,25,22.37941,0
17:51:28,22.8,25,22.375970000000002,0
17:51:29,22.8,25,22.37446,0
17:51:30,22.8,25,22.34844,0
17:51:31,22.8,25.1,22.32539,0
17:51:32,22.8,25.1,22.331770000000002,0
17:51:33,22.8,25.1,22.29569,0
17:51:34,22.8,25.1,22.29129,0
17:51:35,22.8,25.1,22.29786,0
17:51:36,22.8,25.1,22.31364,0
17:51:37,22.8,25.1,22.29587,0
17:51:38,22.8,25.1,22.28166,0
17:51:39,22.8,25.1,22.25777,0
17:51:40,22.8,25.1,22.257759999999998,0
17:51:41,22.8,25.1,22.24156,0
17:51:42,22.8,25.1,22.23227,0
17:51:43,22.7,25.1,22.24719,0
17:51:44,22.7,25.1,22.23865,0
17:51:45,22.7,25.1,22.219240000000003,0
17:51:46,22.7,25.1,22.23306,0
17:51:47,22.7,25.1,22.2209,0
17:51:48,22.7,25.1,22.22484,0
17:51:49,22.7,25.1,22.229950000000002,0
17:51:50,22.7,25.1,22.19739,0
17:51:51,22.7,25.1,22.19739,0
17:51:52,22.7,25.1,22.19537,0
17:51:53,22.7,25.1,22.21868,0
17:51:54,22.7,25.1,22.19384,0
17:51:55,22.7,25.1,22.18618,0
17:51:56,22.7,25.1,22.21421,0
17:51:57,22.7,25.1,22.185299999999998,0
17:51:58,22.7,25.1,22.16441,0
17:51:59,22.6,25.1,22.16836,0
17:52:00,22.6,25.1,22.15762,0
17:52:01,22.6,25.1,22.170560000000002,0
17:52:02,22.6,25.1,22.148039999999998,0
17:52:03,22.6,25.1,22.1142,0
17:52:04,22.6,25.1,22.169,0
17:52:05,22.6,25.1,22.15146,0
17:52:06,22.6,25.1,22.14681,0
17:52:07,22.6,25.1,22.15393,0
17:52:08,22.6,25.1,22.17393,0
17:52:09,22.6,25.1,22.139120000000002,0
17:52:10,22.6,25.1,22.1552,0
17:52:11,22.6,25.1,22.121,0
17:52:12,22.6,25.1,22.12516,0
17:52:13,22.6,25.1,22.12078,0
17:52:14,22.6,25.1,22.11481,0
17:52:15,22.6,25.1,22.1167,0
17:52:16,22.6,25.1,22.10424,0
17:52:17,22.5,25.1,22.1198,0
17:52:18,22.5,25.1,22.11911,0
17:52:19,22.5,25.1,22.10942,0
17:52:20,22.5,25.1,22.11111,0
17:52:21,22.5,25.1,22.12954,0
17:52:22,22.5,25.1,22.12492,0
17:52:23,22.5,25.1,22.10035,0
17:52:24,22.5,25.1,22.12131,0
17:52:25,22.5,25.1,22.1236,0
17:52:26,22.5,25.1,22.12914,0
17:52:27,22.5,25.1,22.09577,0
17:52:28,22.5,25.1,22.10553,0
17:52:29,22.5,25.1,22.09749,0
17:52:30,22.5,25.1,22.12398,0
17:52:31,22.5,25.1,22.10662,0
17:52:32,22.5,25.1,22.08766,0
17:52:33,22.5,25.1,22.06288,0
17:52:34,22.5,25.1,22.060109999999998,0
17:52:35,22.5,25.1,22.05989,0
17:52:36,22.5,25.1,22.06161,0
17:52:37,22.5,25.1,22.06161,0
17:52:38,22.5,25.1,22.05713,0
17:52:39,22.5,25.1,22.08146,0
17:52:40,22.5,25.1,22.07532,0
17:52:41,22.5,25.1,22.07168,0
17:52:42,22.5,25.1,22.0699,0
17:52:43,22.5,25.1,22.07195,0
17:52:44,22.5,25.1,22.07323,0
17:52:45,22.5,25.1,22.06786,0
17:52:46,22.5,25.1,22.07399,0
17:52:47,22.5,25.1,22.02857,0
17:52:48,22.5,25.1,22.07187,0
17:52:49,22.5,25.1,22.0858,0
17:52:50,22.5,25.1,22.064339999999998,0
17:52:51,22.5,25.1,22.060109999999998,0
17:52:52,22.5,25.1,22.06284,0
17:52:53,22.5,25.1,22.06127,0
17:52:54,22.5,25.1,22.05742,0
17:52:55,22.5,25.1,22.0622,0
17:52:56,22.5,25.1,22.04454,0
17:52:57,22.5,25.1,22.04995,0
17:52:58,22.5,25.1,22.04525,0
17:52:59,22.5,25.1,22.047159999999998,0
17:53:00,22.5,25.1,22.06486,0
17:53:01,22.5,25.1,22.046879999999998,0
17:53:02,22.5,25.1,22.023960000000002,0
17:53:03,22.5,25.1,22.05564,0
17:53:04,22.5,25.1,22.00895,0
17:53:05,22.5,25.1,22.03116,0
17:53:06,22.5,25.1,22.03051,0
17:53:07,22.4,25.1,22.006120000000003,0
17:53:08,22.4,25.1,21.979979999999998,0
17:53:09,22.4,25.1,21.96786,0
17:53:10,22.4,25.1,21.972659999999998,0
17:53:11,22.4,25.1,21.96434,0
17:53:12,22.4,25.1,21.96002,0
17:53:13,22.4,25.1,21.97857,0
17:53:14,22.4,25.1,21.93852,0
17:53:15,22.4,25.1,21.928169999999998,0
17:53:16,22.4,25.1,21.91369,0
17:53:17,22.4,25.1,21.92838,0
17:53:18,22.4,25.1,21.932570000000002,0
17:53:19,22.4,25.1,21.91873,0
17:53:20,22.4,25.1,21.89468,0
17:53:21,22.4,25.1,21.9158,0
17:53:22,22.4,25.1,21.9158,0
17:53:23,22.4,25.1,21.93457,0
17:53:24,22.4,25.1,21.899720000000002,0
17:53:25,22.4,25.1,21.922990000000002,0
17:53:26,22.4,25.1,21.919549999999997,0
17:53:27,22.4,25.1,21.91103,0
17:53:28,22.4,25.1,21.90725,0
17:53:29,22.4,25.1,21.918969999999998,0
17:53:30,22.4,25.1,21.929009999999998,0
17:53:31,22.3,25.1,21.916269999999997,0
17:53:32,22.3,25.1,21.90062,0
17:53:33,22.3,25.1,21.91547,0
17:53:34,22.3,25.1,21.91894,0
17:53:35,22.3,25.1,21.92315,0
17:53:36,22.3,25.1,21.92904,0
17:53:37,22.3,25.1,21.89683,0
17:53:38,22.3,25.1,21.91183,0
17:53:39,22.3,25.1,21.901680000000002,0
17:53:40,22.3,25.1,21.87703,0
17:53:41,22.3,25.1,21.89144,0
17:53:42,22.3,25.1,21.86497,0
17:53:43,22.3,25.1,21.86536,0
17:53:44,22.3,25.1,21.88559,0
17:53:45,22.3,25.1,21.8899,0
17:53:46,22.3,25.1,21.89105,0
17:53:47,22.3,25.1,21.87404,0
17:53:48,22.3,25.1,21.90198,0
17:53:49,22.3,25.1,21.87933,0
17:53:50,22.3,25.1,21.89012,0
17:53:51,22.3,25.1,21.89718,0
17:53:52,22.3,25.1,21.89874,0
17:53:53,22.3,25.1,21.88331,0
17:53:54,22.3,25.1,21.87864,0
17:53:55,22.3,25.1,21.878800000000002,0
17:53:56,22.3,25.1,21.8645,0
17:53:57,22.3,25.1,21.8624,0
17:53:58,22.3,25.1,21.84892,0
17:53:59,22.3,25.1,21.84041,0
17:54:00,22.3,25.1,21.81614,0
17:54:01,22.3,25.1,21.810399999999998,0
17:54:02,22.3,25.1,21.790599999999998,0
17:54:03,22.3,25.1,21.82336,0
17:54:04,22.3,25.1,21.79545,0
17:54:05,22.3,25.1,21.79559,0
17:54:06,22.3,25.1,21.780649999999998,0
17:54:07,22.3,25.1,21.77616,0
17:54:08,22.3,25.1,21.77616,0
17:54:09,22.2,25.1,21.78116,0
17:54:10,22.2,25.1,21.77902,0
17:54:11,22.2,25.1,21.78447,0
17:54:12,22.2,25.1,21.772920000000003,0
17:54:13,22.2,25.1,21.75566,0
17:54:14,22.2,25.1,21.760740000000002,0
17:54:15,22.2,25.1,21.7418,0
17:54:16,22.2,25.1,21.73848,0
17:54:17,22.2,25.1,21.71984,0
17:54:18,22.2,25.1,21.708,0
17:54:19,22.2,25.1,21.68657,0
17:54:20,22.2,25.1,21.73351,0
17:54:21,22.2,25.1,21.699769999999997,0
17:54:22,22.2,25.1,21.71699,0
17:54:23,22.2,25.1,21.70688,0
17:54:24,22.1,25.1,21.6719,0
17:54:25,22.1,25.1,21.678539999999998,0
17:54:26,22.1,25.1,21.69245,0
17:54:27,22.1,25.1,21.67084,0
17:54:28,22.1,25.1,21.68222,0
17:54:29,22.1,25.1,21.67483,0
17:54:30,22.1,25.1,21.65616,0
17:54:31,22.1,25.1,21.642500000000002,0
17:54:32,22.1,25.1,21.64311,0
17:54:33,22.1,25.1,21.617610000000003,0
17:54:34,22.1,25.1,21.611259999999998,0
17:54:35,22.1,25.1,21.57838,0
17:54:36,22.1,25.1,21.62628,0
17:54:37,22.1,25.1,21.627489999999998,0
17:54:38,22.1,25.1,21.63651,0
17:54:39,22.1,25.1,21.65411,0
17:54:40,22.1,25.1,21.67669,0
17:54:41,22.1,25.1,21.65146,0
17:54:42,22.1,25.1,21.66467,0
17:54:43,22.1,25.1,21.62217,0
17:54:44,22.1,25.1,21.68311,0
17:54:45,22.1,25.1,21.68144,0
17:54:46,22.1,25.1,21.66814,0
17:54:47,22.1,25.1,21.68376,0
17:54:48,22.1,25.1,21.6601,0
17:54:49,22.1,25.1,21.68956,0
17:54:50,22.1,25.1,21.665010000000002,0
17:54:51,22.1,25.1,21.68952,0
17:54:52,22.1,25.1,21.6631,0
17:54:53,22.1,25.1,21.6631,0
17:54:54,22.1,25.1,21.69801,0
17:54:55,22.1,25.1,21.6936,0
17:54:56,22.1,25.1,21.72962,0
17:54:57,22.1,25.1,21.70487,0
17:54:58,22.1,25.1,21.671000000000003,0
17:54:59,22.1,25.1,21.67762,0
17:55:00,22.1,25.1,21.61995,0
17:55:01,22.1,25.1,21.68216,0
17:55:02,22.1,25.1,21.665,0
17:55:03,22.1,25.1,21.61189,0
17:55:04,22.1,25.1,21.60951,0
17:55:05,22.1,25.1,21.61249,0
17:55:06,22.1,25.1,21.61272,0
17:55:07,22.1,25.1,21.60266,0
17:55:08,22.1,25.1,21.57007,0
17:55:09,22.1,25.1,21.58846,0
17:55:10,22.1,25.1,21.56727,0
17:55:11,22.1,25.1,21.57199,0
17:55:12,22.1,25.1,21.55363,0
17:55:13,22,25.1,21.5537,0
17:55:14,22,25.1,21.55473,0
17:55:15,22,25.1,21.56974,0
17:55:16,22,25.1,21.5499,0
17:55:17,22,25.1,21.55201,0
17:55:18,22,25.1,21.55249,0
17:55:19,22,25.1,21.53427,0
17:55:20,22,25.1,21.573880000000003,0
17:55:21,22,25.1,21.56214,0
17:55:22,22,25.1,21.56449,0
17:55:23,22,25.1,21.57154,0
17:55:24,22,25.1,21.590880000000002,0
17:55:25,22,25.1,21.57626,0
17:55:26,22,25.1,21.601770000000002,0
17:55:27,22,25.1,21.60396,0
17:55:28,22,25.1,21.60641,0
17:55:29,22,25.1,21.63233,0
17:55:30,22,25.1,21.6279,0
17:55:31,22,25.1,21.62521,0
17:55:32,22,25.1,21.596,0
17:55:33,22,25.1,21.63005,0
17:55:34,22,25.1,21.60346,0
17:55:35,22,25.1,21.62344,0
17:55:36,22,25.1,21.5991,0
17:55:37,22,25.1,21.56422,0
17:55:38,22,25.1,21.56853,0
17:55:39,22,25.1,21.56853,0
17:55:40,22,25.1,21.55516,0
17:55:41,22,25.1,21.5587,0
17:55:42,22,25.1,21.55123,0
17:55:43,22,25.1,21.533730000000002,0
17:55:44,22,25.1,21.520049999999998,0
17:55:45,22,25.1,21.55108,0
17:55:46,22,25.1,21.52222,0
17:55:47,22,25.1,21.543100000000003,0
17:55:48,22,25.1,21.52361,0
17:55:49,22,25.1,21.509700000000002,0
17:55:50,22,25.1,21.53023,0
17:55:51,22,25.1,21.519199999999998,0
17:55:52,22,25.1,21.522859999999998,0
17:55:53,22,25.1,21.51094,0
17:55:54,22,25.1,21.52006,0
17:55:55,22,25.1,21.51555,0
17:55:56,22,25.1,21.51844,0
17:55:57,22,25.1,21.519840000000002,0
17:55:58,22,25.1,21.483330000000002,0
17:55:59,22,25.1,21.537010000000002,0
17:56:00,21.9,25.1,21.49977,0
17:56:01,21.9,25.1,21.4999,0
17:56:02,21.9,25.1,21.4701,0
17:56:03,21.9,25.1,21.48245,0
17:56:04,21.9,25.1,21.47325,0
17:56:05,21.9,25.1,21.47501,0
17:56:06,21.9,25.1,21.44576,0
17:56:07,21.9,25.1,21.453020000000002,0
17:56:08,21.9,25.1,21.45944,0
17:56:09,21.9,25.1,21.44152,0
17:56:10,21.9,25.1,21.4169,0
17:56:11,21.9,25.1,21.41691,0
17:56:12,21.9,25.1,21.4063,0
17:56:13,21.9,25.1,21.41857,0
17:56:14,21.9,25.1,21.41781,0
17:56:15,21.9,25.1,21.39659,0
17:56:16,21.9,25.1,21.39974,0
17:56:17,21.9,25.1,21.39674,0
17:56:18,21.9,25.1,21.39618,0
17:56:19,21.9,25.1,21.40047,0
17:56:20,21.9,25.1,21.37997,0
17:56:21,21.9,25.1,21.37626,0
17:56:22,21.9,25.1,21.371409999999997,0
17:56:23,21.9,25.1,21.37214,0
17:56:24,21.9,25.1,21.37214,0
17:56:25,21.8,25.1,21.40486,0
17:56:26,21.8,25.1,21.40213,0
17:56:27,21.8,25.1,21.404970000000002,0
17:56:28,21.8,25.1,21.39078,0
17:56:29,21.8,25.1,21.419050000000002,0
17:56:30,21.8,25.1,21.41833,0
17:56:31,21.8,25.1,21.42007,0
17:56:32,21.8,25.1,21.42038,0
17:56:33,21.8,25.1,21.42001,0
17:56:34,21.8,25.1,21.42793,0
17:56:35,21.8,25.1,21.414440000000003,0
17:56:36,21.8,25.1,21.4264,0
17:56:37,21.8,25.1,21.42748,0
17:56:38,21.8,25.1,21.42763,0
17:56:39,21.8,25.1,21.374299999999998,0
17:56:40,21.8,25.1,21.394640000000003,0
17:56:41,21.8,25.1,21.39678,0
17:56:42,21.8,25.1,21.367549999999998,0
17:56:43,21.8,25.1,21.37151,0
17:56:44,21.8,25.1,21.39166,0
17:56:45,21.8,25.1,21.33199,0
17:56:46,21.8,25.1,21.30601,0
17:56:47,21.8,25.1,21.32229,0
17:56:48,21.8,25.1,21.30824,0
17:56:49,21.8,25.1,21.30249,0
17:56:50,21.8,25.1,21.26724,0
17:56:51,21.8,25.1,21.2467,0
17:56:52,21.8,25.1,21.28124,0
17:56:53,21.8,25.1,21.283859999999997,0
17:56:54,21.8,25.1,21.25998,0
17:56:55,21.8,25.1,21.23514,0
17:56:56,21.8,25.1,21.215790000000002,0
17:56:57,21.7,25.1,21.19733,0
17:56:58,21.7,25.1,21.175440000000002,0
17:56:59,21.7,25.1,21.14233,0
17:57:00,21.7,25.1,21.18697,0
17:57:01,21.7,25.1,21.18517,0
17:57:02,21.7,25.1,21.11167,0
17:57:03,21.7,25.1,21.11056,0
17:57:04,21.7,25.1,21.11597,0
17:57:05,21.7,25.1,21.12789,0
17:57:06,21.6,25.1,21.11842,0
17:57:07,21.6,25.1,21.10336,0
17:57:08,21.6,25.1,21.0586,0
17:57:09,21.6,25.1,21.08476,0
17:57:10,21.6,25.1,21.08476,0
17:57:11,21.6,25.1,21.07969,0
17:57:12,21.6,25.1,21.08989,0
17:57:13,21.6,25.1,21.038680000000003,0
17:57:14,21.6,25.1,21.03006,0
17:57:15,21.5,25.1,21.02279,0
17:57:16,21.5,25.1,21.03501,0
17:57:17,21.5,25.1,21.02454,0
17:57:18,21.5,25.1,21.02566,0
17:57:19,21.5,25.1,21.012829999999997,0
17:57:20,21.5,25.1,20.995459999999998,0
17:57:21,21.5,25.1,20.968899999999998,0
17:57:22,21.5,25.1,20.96779,0
17:57:23,21.5,25.1,20.97082,0
17:57:24,21.5,25.1,20.971899999999998,0
17:57:25,21.5,25.1,20.968400000000003,0
17:57:26,21.5,25.1,20.938100000000002,0
17:57:27,21.4,25.1,20.98468,0
17:57:28,21.4,25.1,20.98312,0
17:57:29,21.4,25.1,20.955299999999998,0
17:57:30,21.4,25.1,20.92964,0
17:57:31,21.4,25.1,20.94394,0
17:57:32,21.4,25.1,20.92689,0
17:57:33,21.4,25.1,20.94754,0
17:57:34,21.4,25.1,20.93233,0
17:57:35,21.4,25.1,20.938499999999998,0
17:57:36,21.4,25.1,20.93033,0
17:57:37,21.4,25.1,20.89797,0
17:57:38,21.4,25.1,20.93698,0
17:57:39,21.4,25.1,20.917479999999998,0
17:57:40,21.4,25.1,20.9206,0
17:57:41,21.4,25.1,20.92604,0
17:57:42,21.4,25.1,20.84233,0
17:57:43,21.4,25.1,20.900679999999998,0
17:57:44,21.4,25.1,20.910529999999998,0
17:57:45,21.4,25.1,20.88162,0
17:57:46,21.4,25.1,20.92969,0
17:57:47,21.4,25.1,20.920659999999998,0
17:57:48,21.4,25.1,20.92755,0
17:57:49,21.4,25.1,20.94602,0
17:57:50,21.4,25.1,20.899,0
17:57:51,21.4,25.1,20.90565,0
17:57:52,21.4,25.1,20.96247,0
17:57:53,21.3,25.1,20.92124,0
17:57:54,21.3,25.1,20.91655,0
17:57:55,21.3,25.1,20.91655,0
17:57:56,21.3,25.1,20.89313,0
17:57:57,21.3,25.1,20.93179,0
17:57:58,21.3,25.1,20.92352,0
17:57:59,21.3,25.1,20.90938,0
17:58:00,21.3,25.1,20.939040000000002,0
17:58:01,21.3,25.1,20.93002,0
17:58:02,21.3,25.1,20.9306,0
17:58:03,21.3,25.1,20.9312,0
17:58:04,21.3,25.1,20.92802,0
17:58:05,21.3,25.1,20.91534,0
17:58:06,21.3,25.1,20.93369,0
17:58:07,21.4,25.1,20.89611,0
17:58:08,21.4,25.1,20.93715,0
17:58:09,21.4,25.1,20.9361,0
17:58:10,21.4,25.1,20.897389999999998,0
17:58:11,21.4,25.1,20.867459999999998,0
17:58:12,21.4,25.1,20.887829999999997,0
17:58:13,21.4,25.1,20.867440000000002,0
17:58:14,21.4,25.1,20.87559,0
17:58:15,21.4,25.1,20.87853,0
17:58:16,21.4,25.1,20.91121,0
17:58:17,21.4,25.1,20.90279,0
17:58:18,21.4,25.1,20.914659999999998,0
17:58:19,21.4,25.1,20.90268,0
17:58:20,21.4,25.1,20.900170000000003,0
17:58:21,21.4,25.1,20.93836,0
17:58:22,21.3,25.1,20.91659,0
17:58:23,21.3,25.1,20.86703,0
17:58:24,21.3,25.1,20.931910000000002,0
17:58:25,21.3,25.1,20.931839999999998,0
17:58:26,21.3,25.1,20.92015,0
17:58:27,21.3,25.1,20.91567,0
17:58:28,21.4,25.1,20.94541,0
17:58:29,21.4,25.1,20.93729,0
17:58:30,21.4,25.1,20.91732,0
17:58:31,21.4,25.1,20.914759999999998,0
17:58:32,21.4,25.1,20.937620000000003,0
17:58:33,21.4,25.1,20.93324,0
17:58:34,21.4,25.1,20.92914,0
17:58:35,21.4,25.1,20.93335,0
17:58:36,21.4,25.1,20.94693,0
17:58:37,21.4,25.1,20.92548,0
17:58:38,21.4,25.1,20.91115,0
17:58:39,21.4,25.1,20.88306,0
17:58:40,21.4,25.1,20.88194,0
17:58:41,21.4,25.1,20.88194,0
17:58:42,21.4,25.1,20.88422,0
17:58:43,21.4,25.1,20.86227,0
17:58:44,21.4,25.1,20.87787,0
17:58:45,21.4,25.1,20.86435,0
17:58:46,21.3,25.1,20.81378,0
17:58:47,21.3,25.1,20.823249999999998,0
17:58:48,21.3,25.1,20.82072,0
17:58:49,21.3,25.1,20.81633,0
17:58:50,21.3,25.1,20.84291,0
17:58:51,21.3,25.1,20.8256,0
17:58:52,21.3,25.1,20.807000000000002,0
17:58:53,21.3,25.1,20.7869,0
17:58:54,21.3,25.1,20.79057,0
17:58:55,21.3,25.1,20.78399,0
17:58:56,21.3,25.1,20.79654,0
17:58:57,21.3,25.1,20.77418,0
17:58:58,21.3,25.1,20.78821,0
17:58:59,21.3,25.1,20.775109999999998,0
17:59:00,21.3,25.1,20.77678,0
17:59:01,21.3,25.1,20.72009,0
17:59:02,21.3,25.1,20.72332,0
17:59:03,21.3,25.1,20.717930000000003,0
17:59:04,21.3,25.1,20.73744,0
17:59:05,21.3,25.1,20.6867,0
17:59:07,21.2,25.1,20.74229,0
17:59:08,21.2,25.1,20.74965,0
17:59:09,21.2,25.1,20.731740000000002,0
17:59:10,21.2,25.1,20.7332,0
17:59:11,21.2,25.1,20.73777,0
17:59:12,21.2,25.1,20.769650000000002,0
17:59:13,21.2,25.1,20.75616,0
17:59:14,21.2,25.1,20.720869999999998,0
17:59:15,21.2,25.1,20.76489,0
17:59:16,21.2,25.1,20.76736,0
17:59:17,21.2,25.1,20.75148,0
17:59:18,21.2,25.1,20.78175,0
17:59:19,21.2,25.1,20.77768,0
17:59:20,21.2,25.1,20.77883,0
17:59:21,21.2,25.1,20.772840000000002,0
17:59:22,21.2,25.1,20.759,0
17:59:23,21.2,25.1,20.78753,0
17:59:24,21.2,25.1,20.78644,0
17:59:25,21.2,25.1,20.78777,0
17:59:26,21.2,25.1,20.76926,0
17:59:27,21.2,25.1,20.76926,0
17:59:28,21.2,25.1,20.78573,0
17:59:29,21.2,25.1,20.77461,0
17:59:30,21.2,25.1,20.79277,0
17:59:31,21.2,25.1,20.74303,0
17:59:32,21.2,25.1,20.78576,0
17:59:33,21.2,25.1,20.80079,0
17:59:34,21.2,25.1,20.77562,0
17:59:35,21.2,25.1,20.7755,0
17:59:36,21.2,25.1,20.77176,0
17:59:37,21.2,25.1,20.77526,0
17:59:38,21.2,25.1,20.74773,0
17:59:39,21.2,25.1,20.7206,0
17:59:40,21.2,25.1,20.74012,0
17:59:41,21.2,25.1,20.74432,0
17:59:42,21.2,25.1,20.74116,0
17:59:43,21.2,25.1,20.735329999999998,0
17:59:44,21.2,25.1,20.735110000000002,0
17:59:45,21.2,25.1,20.74622,0
17:59:46,21.2,25.1,20.73574,0
17:59:47,21.2,25.1,20.697760000000002,0
17:59:48,21.2,25.1,20.74899,0
17:59:49,21.2,25.1,20.7415,0
17:59:50,21.2,25.1,20.71924,0
17:59:51,21.2,25.1,20.72789,0
17:59:52,21.2,25.1,20.741960000000002,0
17:59:53,21.2,25.1,20.70276,0
17:59:54,21.2,25.1,20.70982,0
17:59:55,21.2,25.1,20.69288,0
17:59:56,21.2,25.1,20.70598,0
17:59:57,21.2,25.1,20.68622,0
17:59:58,21.2,25.1,20.68681,0
17:59:59,21.2,25.1,20.69383,0
18:00:00,21.2,25.1,20.67968,0
18:00:01,21.2,25.1,20.69965,0
18:00:02,21.2,25.1,20.68721,0
18:00:03,21.2,25.1,20.66475,0
18:00:04,21.1,25.1,20.68998,0
18:00:05,21.1,25.1,20.64132,0
18:00:06,21.1,25.1,20.648059999999997,0
18:00:07,21.1,25.1,20.62961,0
18:00:08,21.1,25.1,20.62137,0
18:00:09,21.1,25.1,20.63381,0
18:00:10,21.1,25.1,20.6339,0
18:00:11,21.1,25.1,20.63555,0
18:00:12,21.1,25.1,20.63555,0
18:00:13,21.1,25.1,20.62796,0
18:00:14,21.1,25.1,20.648220000000002,0
18:00:15,21.1,25.1,20.64565,0
18:00:16,21.1,25.1,20.61931,0
18:00:17,21.1,25.1,20.63841,0
18:00:18,21.1,25.1,20.6285,0
18:00:19,21.1,25.1,20.617820000000002,0
18:00:20,21.1,25.1,20.59482,0
18:00:21,21.1,25.1,20.62128,0
18:00:22,21.1,25.1,20.61303,0
18:00:23,21.1,25.1,20.579900000000002,0
18:00:24,21.1,25.1,20.572570000000002,0
18:00:25,21.1,25.1,20.57759,0
18:00:26,21.1,25.1,20.58584,0
18:00:27,21.1,25.1,20.58013,0
18:00:28,21.1,25.1,20.583299999999998,0
18:00:29,21.1,25.1,20.55141,0
18:00:30,21.1,25.1,20.592489999999998,0
18:00:31,21.1,25.1,20.59199,0
18:00:32,21.1,25.1,20.59221,0
18:00:33,21.1,25.1,20.59418,0
18:00:34,21.1,25.1,20.59357,0
18:00:35,21,25.1,20.56516,0
18:00:36,21,25.1,20.58537,0
18:00:37,21,25.1,20.59082,0
18:00:38,21,25.1,20.5701,0
18:00:39,21,25.1,20.55104,0
18:00:40,21,25.1,20.52366,0
18:00:41,21,25.1,20.52921,0
18:00:42,21,25.1,20.529310000000002,0
18:00:43,21,25.1,20.528460000000003,0
18:00:44,21,25.1,20.52522,0
18:00:45,21,25.1,20.525779999999997,0
18:00:46,21,25.1,20.50814,0
18:00:47,21,25.1,20.51613,0
18:00:48,21,25.1,20.49536,0
18:00:49,21,25.1,20.4827,0
18:00:50,21,25.1,20.50298,0
18:00:51,21,25.1,20.48908,0
18:00:52,21,25.1,20.48704,0
18:00:53,21,25.1,20.47797,0
18:00:54,21,25.1,20.4227,0
18:00:55,21,25.1,20.46887,0
18:00:56,21,25.1,20.4576,0
18:00:57,21,25.1,20.4576,0
18:00:58,21,25.1,20.417189999999998,0
18:00:59,20.9,25.1,20.4362,0
18:01:00,20.9,25.1,20.40992,0
18:01:01,20.9,25.1,20.40237,0
18:01:02,20.9,25.1,20.383200000000002,0
18:01:03,20.9,25.1,20.3894,0
18:01:04,20.9,25.1,20.34495,0
18:01:05,20.9,25.1,20.39582,0
18:01:06,20.9,25.1,20.39351,0
18:01:07,20.9,25.1,20.39614,0
18:01:08,20.9,25.1,20.40003,0
18:01:09,20.9,25.1,20.3779,0
18:01:10,20.9,25.1,20.39904,0
18:01:11,20.9,25.1,20.400009999999998,0
18:01:12,20.9,25.1,20.34833,0
18:01:13,20.9,25.1,20.36874,0
18:01:14,20.9,25.1,20.37629,0
18:01:15,20.9,25.1,20.37998,0
18:01:16,20.9,25.1,20.34626,0
18:01:17,20.9,25.1,20.32858,0
18:01:18,20.9,25.1,20.35927,0
18:01:19,20.8,25.1,20.33859,0
18:01:20,20.8,25.1,20.33011,0
18:01:21,20.8,25.1,20.32899,0
18:01:22,20.8,25.1,20.35119,0
18:01:23,20.8,25.1,20.34248,0
18:01:24,20.8,25.1,20.34356,0
18:01:25,20.8,25.1,20.34361,0
18:01:26,20.8,25.1,20.33922,0
18:01:27,20.8,25.1,20.35552,0
18:01:28,20.8,25.1,20.34194,0
18:01:29,20.8,25.1,20.3629,0
18:01:30,20.8,25.1,20.353089999999998,0
18:01:31,20.8,25.1,20.34233,0
18:01:32,20.8,25.1,20.35476,0
18:01:33,20.8,25.1,20.302429999999998,0
18:01:34,20.8,25.1,20.305680000000002,0
18:01:35,20.8,25.1,20.30992,0
18:01:36,20.8,25.1,20.31018,0
18:01:37,20.8,25.1,20.32457,0
18:01:38,20.8,25.1,20.29882,0
18:01:39,20.8,25.1,20.33402,0
18:01:40,20.8,25.1,20.345460000000003,0
18:01:41,20.8,25.1,20.35624,0
18:01:42,20.8,25.1,20.33882,0
18:01:43,20.8,25.1,20.33882,0
18:01:44,20.8,25.1,20.33884,0
18:01:45,20.8,25.1,20.35184,0
18:01:46,20.8,25.1,20.3428,0
18:01:47,20.8,25.1,20.345679999999998,0
18:01:48,20.8,25.1,20.30295,0
18:01:49,20.8,25.1,20.339270000000003,0
18:01:50,20.8,25.1,20.3452,0
18:01:51,20.8,25.1,20.3352,0
18:01:52,20.8,25.1,20.32865,0
18:01:53,20.8,25.1,20.34066,0
18:01:54,20.8,25.1,20.33182,0
18:01:55,20.8,25.1,20.326069999999998,0
18:01:56,20.8,25.1,20.34628,0
18:01:57,20.8,25.1,20.29761,0
18:01:58,20.8,25.1,20.33974,0
18:01:59,20.8,25.1,20.3494,0
18:02:00,20.8,25.1,20.33996,0
18:02:01,20.8,25.1,20.34017,0
18:02:02,20.8,25.1,20.34125,0
18:02:03,20.8,25.1,20.36165,0
18:02:04,20.8,25.1,20.32216,0
18:02:05,20.8,25.1,20.29815,0
18:02:06,20.8,25.1,20.31569,0
18:02:07,20.8,25.1,20.35971,0
18:02:08,20.8,25.1,20.28288,0
18:02:09,20.8,25.1,20.28604,0
18:02:10,20.8,25.1,20.292460000000002,0
18:02:11,20.8,25.1,20.28058,0
18:02:12,20.8,25.1,20.29553,0
18:02:13,20.8,25.1,20.28388,0
18:02:14,20.8,25.1,20.28221,0
18:02:15,20.8,25.1,20.27675,0
18:02:16,20.8,25.1,20.24592,0
18:02:17,20.8,25.1,20.24427,0
18:02:18,20.7,25.1,20.22571,0
18:02:19,20.7,25.1,20.204079999999998,0
18:02:20,20.7,25.1,20.197000000000003,0
18:02:21,20.7,25.1,20.19774,0
18:02:22,20.7,25.1,20.21266,0
18:02:23,20.7,25.1,20.18335,0
18:02:24,20.7,25.1,20.173930000000002,0
18:02:25,20.7,25.1,20.17997,0
18:02:26,20.7,25.1,20.13189,0
18:02:27,20.7,25.1,20.136770000000002,0
18:02:28,20.7,25.1,20.136770000000002,0
18:02:29,20.7,25.1,20.08336,0
18:02:30,20.6,25.1,20.08409,0
18:02:31,20.6,25.1,20.10102,0
18:02:32,20.6,25.1,20.08758,0
18:02:33,20.6,25.1,20.08537,0
18:02:34,20.6,25.1,20.07678,0
18:02:35,20.6,25.1,20.04984,0
18:02:36,20.6,25.1,20.04422,0
18:02:37,20.6,25.1,20.05773,0
18:02:38,20.6,25.1,20.04345,0
18:02:39,20.6,25.1,20.04377,0
18:02:40,20.5,25.1,20.02229,0
18:02:41,20.5,25.1,19.980980000000002,0
18:02:42,20.5,25.1,20.028190000000002,0
18:02:43,20.5,25.1,20.00815,0
18:02:44,20.5,25.1,19.988239999999998,0
18:02:45,20.5,25.1,19.9918,0
18:02:46,20.5,25.1,19.9876,0
18:02:47,20.5,25.1,19.99679,0
18:02:48,20.5,25.1,19.96706,0
18:02:49,20.5,25.1,19.940559999999998,0
18:02:50,20.5,25.1,19.96199,0
18:02:51,20.5,25.1,19.95255,0
18:02:52,20.5,25.1,19.95111,0
18:02:53,20.5,25.1,19.95445,0
18:02:54,20.4,25.1,19.96142,0
18:02:55,20.4,25.1,19.95216,0
18:02:56,20.4,25.1,19.94954,0
18:02:57,20.4,25.1,19.920550000000002,0
18:02:58,20.4,25.1,19.90823,0
18:02:59,20.4,25.1,19.91761,0
18:03:00,20.4,25.1,19.889689999999998,0
18:03:01,20.4,25.1,19.90352,0
18:03:02,20.4,25.1,19.89064,0
18:03:03,20.4,25.1,19.89714,0
18:03:04,20.4,25.1,19.87089,0
18:03:05,20.4,25.1,19.896710000000002,0
18:03:06,20.4,25.1,19.8566,0
18:03:07,20.3,25.1,19.89133,0
18:03:08,20.3,25.1,19.8522,0
18:03:09,20.3,25.1,19.883580000000002,0
18:03:10,20.3,25.1,19.84762,0
18:03:11,20.3,25.1,19.858629999999998,0
18:03:12,20.3,25.1,19.852349999999998,0
18:03:13,20.3,25.1,19.85562,0
18:03:14,20.3,25.1,19.85562,0
18:03:15,20.3,25.1,19.853080000000002,0
18:03:16,20.3,25.1,19.84921,0
18:03:17,20.3,25.1,19.82684,0
18:03:18,20.3,25.1,19.82763,0
18:03:19,20.3,25.1,19.8338,0
18:03:20,20.3,25.1,19.81569,0
18:03:21,20.3,25.1,19.79996,0
18:03:22,20.3,25.1,19.79753,0
18:03:23,20.3,25.1,19.76377,0
18:03:24,20.3,25.1,19.81066,0
18:03:25,20.3,25.1,19.81002,0
18:03:26,20.3,25.1,19.80603,0
18:03:27,20.3,25.1,19.80835,0
18:03:28,20.3,25.1,19.80889,0
18:03:29,20.3,25.1,19.83202,0
18:03:30,20.3,25.1,19.8294,0
18:03:31,20.3,25.1,19.80087,0
18:03:32,20.2,25.1,19.808909999999997,0
18:03:33,20.2,25.1,19.81955,0
18:03:34,20.2,25.1,19.800690000000003,0
18:03:35,20.2,25.1,19.80281,0
18:03:36,20.2,25.1,19.80425,0
18:03:37,20.2,25.1,19.79881,0
18:03:38,20.2,25.1,19.8003,0
18:03:39,20.2,25.1,19.774050000000003,0
18:03:40,20.2,25.1,19.81356,0
18:03:41,20.2,25.1,19.812170000000002,0
18:03:42,20.2,25.1,19.81288,0
18:03:43,20.2,25.1,19.81291,0
18:03:44,20.2,25.1,19.81427,0
18:03:45,20.2,25.1,19.802,0
18:03:46,20.2,25.1,19.818350000000002,0
18:03:47,20.2,25.1,19.764319999999998,0
18:03:48,20.2,25.1,19.81469,0
18:03:49,20.2,25.1,19.82999,0
18:03:50,20.2,25.1,19.80025,0
18:03:51,20.2,25.1,19.80022,0
18:03:52,20.2,25.1,19.803350000000002,0
18:03:53,20.2,25.1,19.8014,0
18:03:54,20.2,25.1,19.798180000000002,0
18:03:55,20.2,25.1,19.79327,0
18:03:56,20.2,25.1,19.78172,0
18:03:57,20.2,25.1,19.778979999999997,0
18:03:58,20.2,25.1,19.789460000000002,0
18:03:59,20.2,25.1,19.789460000000002,0
18:04:00,20.2,25.1,19.78345,0
18:04:01,20.2,25.1,19.77907,0
18:04:02,20.2,25.1,19.7675,0
18:04:03,20.2,25.1,19.779230000000002,0
18:04:04,20.2,25.1,19.75518,0
18:04:05,20.2,25.1,19.78366,0
18:04:06,20.2,25.1,19.78681,0
18:04:07,20.2,25.1,19.79694,0
18:04:08,20.2,25.1,19.80021,0
18:04:09,20.2,25.1,19.80188,0
18:04:10,20.2,25.1,19.7978,0
18:04:11,20.2,25.1,19.79952,0
18:04:12,20.2,25.1,19.79929,0
18:04:13,20.2,25.1,19.83216,0
18:04:14,20.3,25.1,19.80718,0
18:04:15,20.3,25.1,19.856740000000002,0
18:04:16,20.3,25.1,19.84009,0
18:04:17,20.3,25.1,19.82719,0
18:04:18,20.3,25.1,19.838079999999998,0
18:04:19,20.3,25.1,19.83794,0
18:04:20,20.3,25.1,19.8168,0
18:04:21,20.3,25.1,19.80776,0
18:04:22,20.3,25.1,19.81144,0
18:04:23,20.3,25.1,19.79743,0
18:04:24,20.3,25.1,19.79649,0
18:04:25,20.3,25.1,19.79891,0
18:04:26,20.3,25.1,19.77214,0
18:04:27,20.3,25.1,19.77412,0
18:04:28,20.3,25.1,19.74146,0
18:04:29,20.3,25.1,19.72232,0
18:04:30,20.3,25.1,19.772509999999997,0
18:04:31,20.3,25.1,19.75596,0
18:04:32,20.3,25.1,19.75451,0
18:04:33,20.3,25.1,19.730980000000002,0
18:04:34,20.2,25.1,19.74229,0
18:04:35,20.2,25.1,19.71187,0
18:04:36,20.2,25.1,19.724420000000002,0
18:04:37,20.2,25.1,19.69923,0
18:04:38,20.2,25.1,19.71852,0
18:04:39,20.2,25.1,19.68727,0
18:04:40,20.2,25.1,19.65992,0
18:04:41,20.2,25.1,19.66309,0
18:04:42,20.2,25.1,19.66076,0
18:04:43,20.2,25.1,19.63133,0
18:04:44,20.2,25.1,19.63133,0
18:04:45,20.2,25.1,19.60479,0
18:04:46,20.2,25.1,19.59272,0
18:04:47,20.2,25.1,19.61333,0
18:04:48,20.1,25.1,19.56227,0
18:04:49,20.1,25.1,19.58363,0
18:04:50,20.1,25.1,19.569110000000002,0
18:04:51,20.1,25.1,19.5385,0
18:04:52,20.1,25.1,19.54944,0
18:04:53,20.1,25.1,19.52047,0
18:04:54,20.1,25.1,19.50245,0
18:04:55,20.1,25.1,19.521720000000002,0
18:04:56,20.1,25.1,19.51318,0
18:04:57,20.1,25.1,19.518659999999997,0
18:04:58,20.1,25.1,19.47215,0
18:04:59,20.1,25.1,19.510820000000002,0
18:05:00,20,25.1,19.48911,0
18:05:01,20,25.1,19.47998,0
18:05:02,20,25.1,19.48242,0
18:05:03,20,25.1,19.50328,0
18:05:04,20,25.1,19.49852,0
18:05:05,20,25.1,19.511329999999997,0
18:05:06,20,25.1,19.527929999999998,0
18:05:07,20,25.1,19.51332,0
18:05:08,20,25.1,19.52252,0
18:05:09,20,25.1,19.5262,0
18:05:10,20,25.1,19.50327,0
18:05:11,20,25.1,19.52788,0
18:05:12,20,25.1,19.49079,0
18:05:13,20,25.1,19.52785,0
18:05:14,20,25.1,19.52336,0
18:05:15,20,25.1,19.5198,0
18:05:16,20,25.1,19.50139,0
18:05:17,20,25.1,19.49602,0
18:05:18,20,25.1,19.48977,0
18:05:19,20,25.1,19.47677,0
18:05:20,20,25.1,19.49165,0
18:05:21,20,25.1,19.43151,0
18:05:22,20,25.1,19.47602,0
18:05:23,20,25.1,19.472649999999998,0
18:05:24,20,25.1,19.47488,0
18:05:25,20,25.1,19.46995,0
18:05:26,20,25.1,19.44838,0
18:05:27,20,25.1,19.42614,0
18:05:28,19.9,25.1,19.41497,0
18:05:29,19.9,25.1,19.41497,0
18:05:30,19.9,25.1,19.39581,0
18:05:31,19.9,25.1,19.39276,0
18:05:32,19.9,25.1,19.40269,0
18:05:33,19.9,25.1,19.36102,0
18:05:34,19.9,25.1,19.36304,0
18:05:35,19.9,25.1,19.36453,0
18:05:36,19.9,25.1,19.36954,0
18:05:37,19.9,25.1,19.34993,0
18:05:38,19.9,25.1,19.348679999999998,0
18:05:39,19.9,25.1,19.347739999999998,0
18:05:40,19.9,25.1,19.3325,0
18:05:41,19.9,25.1,19.32797,0
18:05:42,19.9,25.1,19.35113,0
18:05:43,19.9,25.1,19.3327,0
18:05:44,19.8,25.1,19.331889999999998,0
18:05:45,19.8,25.1,19.314619999999998,0
18:05:46,19.8,25.1,19.32968,0
18:05:47,19.8,25.1,19.341649999999998,0
18:05:48,19.8,25.1,19.304940000000002,0
18:05:49,19.8,25.1,19.32362,0
18:05:50,19.8,25.1,19.35305,0
18:05:51,19.8,25.1,19.32217,0
18:05:52,19.8,25.1,19.30508,0
18:05:53,19.8,25.1,19.32347,0
18:05:54,19.8,25.1,19.320339999999998,0
18:05:55,19.8,25.1,19.32008,0
18:05:56,19.8,25.1,19.31047,0
18:05:57,19.8,25.1,19.29486,0
18:05:58,19.8,25.1,19.33601,0
18:05:59,19.8,25.1,19.29919,0
18:06:00,19.8,25.1,19.32788,0
18:06:01,19.8,25.1,19.30983,0
18:06:02,19.8,25.1,19.303890000000003,0
18:06:03,19.8,25.1,19.31331,0
18:06:04,19.8,25.1,19.307489999999998,0
18:06:05,19.8,25.1,19.27373,0
18:06:06,19.8,25.1,19.27967,0
18:06:07,19.8,25.1,19.30399,0
18:06:08,19.8,25.1,19.29747,0
18:06:09,19.8,25.1,19.294520000000002,0
18:06:10,19.8,25.1,19.281319999999997,0
18:06:11,19.8,25.1,19.26925,0
18:06:12,19.8,25.1,19.26684,0
18:06:13,19.8,25.1,19.270519999999998,0
18:06:14,19.8,25.1,19.27102,0
18:06:15,19.8,25.1,19.27102,0
18:06:16,19.8,25.1,19.27899,0
18:06:17,19.8,25.1,19.27695,0
18:06:18,19.8,25.1,19.265060000000002,0
18:06:19,19.7,25.1,19.282040000000002,0
18:06:20,19.7,25.1,19.251579999999997,0
18:06:21,19.7,25.1,19.224990000000002,0
18:06:22,19.7,25.1,19.25108,0
18:06:23,19.7,25.1,19.2729,0
18:06:24,19.7,25.1,19.248260000000002,0
18:06:25,19.7,25.1,19.24003,0
18:06:26,19.7,25.1,19.247,0
18:06:27,19.7,25.1,19.23119,0
18:06:28,19.7,25.1,19.20835,0
18:06:29,19.7,25.1,19.21573,0
18:06:30,19.7,25.1,19.226480000000002,0
18:06:31,19.7,25.1,19.23498,0
18:06:32,19.7,25.1,19.19932,0
18:06:33,19.7,25.1,19.18166,0
18:06:34,19.7,25.1,19.18153,0
18:06:35,19.7,25.1,19.1927,0
18:06:36,19.7,25.1,19.17381,0
18:06:37,19.7,25.1,19.1886,0
18:06:38,19.7,25.1,19.170119999999997,0
18:06:39,19.7,25.1,19.152350000000002,0
18:06:40,19.7,25.1,19.14808,0
18:06:41,19.7,25.1,19.10337,0
18:06:42,19.7,25.1,19.161,0
18:06:43,19.7,25.1,19.14638,0
18:06:44,19.7,25.1,19.12961,0
18:06:45,19.6,25.1,19.12561,0
18:06:46,19.6,25.1,19.13018,0
18:06:47,19.6,25.1,19.11364,0
18:06:48,19.6,25.1,19.129389999999997,0
18:06:49,19.6,25.1,19.129479999999997,0
18:06:50,19.6,25.1,19.09856,0
18:06:51,19.6,25.1,19.13812,0
18:06:52,19.6,25.1,19.13358,0
18:06:53,19.6,25.1,19.13799,0
18:06:54,19.6,25.1,19.1399,0
18:06:55,19.6,25.1,19.13201,0
18:06:56,19.6,25.1,19.13534,0
18:06:57,19.6,25.1,19.138450000000002,0
18:06:58,19.6,25.1,19.13094,0
18:06:59,19.6,25.1,19.13811,0
18:07:00,19.6,25.1,19.14049,0
18:07:01,19.6,25.1,19.14049,0
18:07:02,19.6,25.1,19.11512,0
18:07:03,19.6,25.1,19.12737,0
18:07:04,19.6,25.1,19.128709999999998,0
18:07:05,19.6,25.1,19.11996,0
18:07:06,19.6,25.1,19.12757,0
18:07:07,19.6,25.1,19.12722,0
18:07:08,19.6,25.1,19.14888,0
18:07:09,19.6,25.1,19.13841,0
18:07:10,19.6,25.1,19.19004,0
18:07:11,19.6,25.1,19.17766,0
18:07:12,19.6,25.1,19.15809,0
18:07:13,19.6,25.1,19.17819,0
18:07:14,19.6,25.1,19.18383,0
18:07:15,19.6,25.1,19.17201,0
18:07:16,19.6,25.1,19.19486,0
18:07:17,19.6,25.1,19.14735,0
18:07:18,19.6,25.1,19.17617,0
18:07:19,19.6,25.1,19.20095,0
18:07:20,19.6,25.1,19.20041,0
18:07:21,19.6,25.1,19.17434,0
18:07:22,19.6,25.1,19.22643,0
18:07:23,19.6,25.1,19.212889999999998,0
18:07:24,19.6,25.1,19.19055,0
18:07:25,19.6,25.1,19.22943,0
18:07:26,19.6,25.1,19.15785,0
18:07:27,19.6,25.1,19.21482,0
18:07:28,19.6,25.1,19.18318,0
18:07:29,19.6,25.1,19.17427,0
18:07:30,19.6,25.1,19.18207,0
18:07:31,19.6,25.1,19.1821,0
18:07:32,19.6,25.1,19.1774,0
18:07:33,19.6,25.1,19.13331,0
18:07:34,19.6,25.1,19.11024,0
18:07:35,19.6,25.1,19.14004,0
18:07:36,19.6,25.1,19.13973,0
18:07:37,19.6,25.1,19.0992,0
18:07:38,19.6,25.1,19.09799,0
18:07:39,19.6,25.1,19.07417,0
18:07:40,19.6,25.1,19.0519,0
18:07:41,19.6,25.1,19.050539999999998,0
18:07:42,19.6,25.1,19.02334,0
18:07:43,19.6,25.1,19.0425,0
18:07:44,19.6,25.1,19.024659999999997,0
18:07:45,19.6,25.1,18.99303,0
18:07:46,19.5,25.1,18.99303,0
18:07:47,19.5,25.1,18.99225,0
18:07:48,19.5,25.1,18.98495,0
18:07:49,19.5,25.1,18.99748,0
18:07:50,19.5,25.1,18.97305,0
18:07:51,19.5,25.1,18.94259,0
18:07:52,19.5,25.1,18.91908,0
18:07:53,19.5,25.1,18.942800000000002,0
18:07:54,19.5,25.1,18.952479999999998,0
18:07:55,19.5,25.1,18.91024,0
18:07:56,19.5,25.1,18.93281,0
18:07:57,19.4,25.1,18.91375,0
18:07:58,19.4,25.1,18.90034,0
18:07:59,19.4,25.1,18.8805,0
18:08:00,19.4,25.1,18.882289999999998,0
18:08:01,19.4,25.1,18.89385,0
18:08:02,19.4,25.1,18.90588,0
18:08:03,19.4,25.1,18.87093,0
18:08:04,19.4,25.1,18.86333,0
18:08:05,19.4,25.1,18.844359999999998,0
18:08:06,19.4,25.1,18.857969999999998,0
18:08:07,19.4,25.1,18.83586,0
18:08:08,19.4,25.1,18.844050000000003,0
18:08:09,19.4,25.1,18.8449,0
18:08:10,19.3,25.1,18.85022,0
18:08:11,19.3,25.1,18.84338,0
18:08:12,19.3,25.1,18.83418,0
18:08:13,19.3,25.1,18.84177,0
18:08:14,19.3,25.1,18.84661,0
18:08:15,19.3,25.1,18.84565,0
18:08:16,19.3,25.1,18.828780000000002,0
18:08:17,19.3,25.1,18.836669999999998,0
18:08:18,19.3,25.1,18.87935,0
18:08:19,19.3,25.1,18.90135,0
18:08:20,19.3,25.1,18.89866,0
18:08:21,19.3,25.1,18.86108,0
18:08:22,19.3,25.1,18.87141,0
18:08:23,19.3,25.1,18.87667,0
18:08:24,19.3,25.1,18.87973,0
18:08:25,19.3,25.1,18.86486,0
18:08:26,19.3,25.1,18.86976,0
18:08:27,19.3,25.1,18.88734,0
18:08:28,19.3,25.1,18.87954,0
18:08:29,19.3,25.1,18.892709999999997,0
18:08:30,19.3,25.1,18.89761,0
18:08:31,19.3,25.1,18.89761,0
18:08:32,19.3,25.1,18.88254,0
18:08:33,19.3,25.1,18.87792,0
18:08:34,19.3,25.1,18.8772,0
18:08:35,19.3,25.1,18.909699999999997,0
18:08:36,19.3,25.1,18.90103,0
18:08:37,19.3,25.1,18.928739999999998,0
18:08:38,19.3,25.1,18.94372,0
18:08:39,19.3,25.1,18.9443,0
18:08:40,19.3,25.1,18.93037,0
18:08:41,19.3,25.1,18.92208,0
18:08:42,19.3,25.1,18.88116,0
18:08:43,19.3,25.1,18.946460000000002,0
18:08:44,19.3,25.1,18.956120000000002,0
18:08:45,19.4,25.1,18.93489,0
18:08:46,19.4,25.1,18.93724,0
18:08:47,19.4,25.1,18.93795,0
18:08:48,19.4,25.1,18.93847,0
18:08:49,19.4,25.1,18.92977,0
18:08:50,19.4,25.1,18.93626,0
18:08:51,19.4,25.1,18.94494,0
18:08:52,19.4,25.1,18.97091,0
18:08:53,19.4,25.1,18.96997,0
18:08:54,19.4,25.1,18.99669,0
18:08:55,19.4,25.1,18.9664,0
18:08:56,19.4,25.1,18.97499,0
18:08:57,19.4,25.1,18.96891,0
18:08:58,19.4,25.1,18.92865,0
18:08:59,19.4,25.1,18.97413,0
18:09:00,19.4,25.1,18.95337,0
18:09:01,19.4,25.1,18.93156,0
18:09:02,19.4,25.1,18.932669999999998,0
18:09:03,19.4,25.1,18.93529,0
18:09:04,19.4,25.1,18.936059999999998,0
18:09:05,19.4,25.1,18.93358,0
18:09:06,19.4,25.1,18.88714,0
18:09:07,19.4,25.1,18.89676,0
18:09:08,19.4,25.1,18.89365,0
18:09:09,19.4,25.1,18.90395,0
18:09:10,19.4,25.1,18.87809,0
18:09:11,19.4,25.1,18.87136,0
18:09:12,19.4,25.1,18.83877,0
18:09:13,19.4,25.1,18.84972,0
18:09:14,19.4,25.1,18.84439,0
18:09:15,19.4,25.1,18.82168,0
18:09:16,19.4,25.1,18.81901,0
18:09:17,19.3,25.1,18.81901,0
18:09:18,19.3,25.1,18.81635,0
18:09:19,19.3,25.1,18.78951,0
18:09:20,19.3,25.1,18.808410000000002,0
18:09:21,19.3,25.1,18.79701,0
18:09:22,19.3,25.1,18.820980000000002,0
18:09:23,19.3,25.1,18.79425,0
18:09:24,19.3,25.1,18.7746,0
18:09:25,19.3,25.1,18.80616,0
18:09:26,19.3,25.1,18.80065,0
18:09:27,19.3,25.1,18.80221,0
18:09:28,19.3,25.1,18.807299999999998,0
18:09:29,19.3,25.1,18.80505,0
18:09:30,19.3,25.1,18.79522,0
18:09:31,19.3,25.1,18.80414,0
18:09:32,19.3,25.1,18.75974,0
18:09:33,19.3,25.1,18.78778,0
18:09:34,19.3,25.1,18.78794,0
18:09:35,19.3,25.1,18.76564,0
18:09:36,19.3,25.1,18.75218,0
18:09:37,19.3,25.1,18.76895,0
18:09:38,19.2,25.1,18.73559,0
18:09:39,19.2,25.1,18.74768,0
18:09:40,19.2,25.1,18.716659999999997,0
18:09:41,19.2,25.1,18.75141,0
18:09:42,19.2,25.1,18.737190000000002,0
18:09:43,19.2,25.1,18.76555,0
18:09:44,19.2,25.1,18.72876,0
18:09:45,19.2,25.1,18.70704,0
18:09:46,19.2,25.1,18.70476,0
18:09:47,19.2,25.1,18.70752,0
18:09:48,19.2,25.1,18.665789999999998,0
18:09:49,19.2,25.1,18.68822,0
18:09:50,19.2,25.1,18.69484,0
18:09:51,19.2,25.1,18.67046,0
18:09:52,19.2,25.1,18.66852,0
18:09:53,19.2,25.1,18.67803,0
18:09:54,19.2,25.1,18.69259,0
18:09:55,19.2,25.1,18.682850000000002,0
18:09:56,19.2,25.1,18.6528,0
18:09:57,19.2,25.1,18.669050000000002,0
18:09:58,19.2,25.1,18.6673,0
18:09:59,19.2,25.1,18.64095,0
18:10:00,19.2,25.1,18.63906,0
18:10:01,19.1,25.1,18.66837,0
18:10:02,19.1,25.1,18.66837,0
18:10:03,19.1,25.1,18.637790000000003,0
18:10:04,19.1,25.1,18.62474,0
18:10:05,19.1,25.1,18.62181,0
18:10:06,19.1,25.1,18.570629999999998,0
18:10:07,19.1,25.1,18.641640000000002,0
18:10:08,19.1,25.1,18.64627,0
18:10:09,19.1,25.1,18.62662,0
18:10:10,19.1,25.1,18.62546,0
18:10:11,19.1,25.1,18.62695,0
18:10:12,19.1,25.1,18.6311,0
18:10:13,19.1,25.1,18.628249999999998,0
18:10:14,19.1,25.1,18.62888,0
18:10:15,19.1,25.1,18.563370000000003,0
18:10:16,19.1,25.1,18.634349999999998,0
18:10:17,19.1,25.1,18.63476,0
18:10:18,19.1,25.1,18.642220000000002,0
18:10:19,19.1,25.1,18.63689,0
18:10:20,19.1,25.1,18.63916,0
18:10:21,19.1,25.1,18.641640000000002,0
18:10:22,19.1,25.1,18.63664,0
18:10:23,19.1,25.1,18.61887,0
18:10:24,19.1,25.1,18.65915,0
18:10:25,19.1,25.1,18.66735,0
18:10:26,19.1,25.1,18.63109,0
18:10:27,19.1,25.1,18.65101,0
18:10:28,19.1,25.1,18.65915,0
18:10:29,19.1,25.1,18.64029,0
18:10:30,19.1,25.1,18.65271,0
18:10:31,19.1,25.1,18.65376,0
18:10:32,19.1,25.1,18.642149999999997,0
18:10:33,19.1,25.1,18.66342,0
18:10:34,19.1,25.1,18.66764,0
18:10:35,19.1,25.1,18.66122,0
18:10:36,19.1,25.1,18.65831,0
18:10:37,19.1,25.1,18.665039999999998,0
18:10:38,19.1,25.1,18.66552,0
18:10:39,19.1,25.1,18.656010000000002,0
18:10:40,19.1,25.1,18.65928,0
18:10:41,19.1,25.1,18.62528,0
18:10:42,19.1,25.1,18.66412,0
18:10:43,19.1,25.1,18.658150000000003,0
18:10:44,19.1,25.1,18.65279,0
18:10:45,19.1,25.1,18.65645,0
18:10:46,19.1,25.1,18.64799,0
18:10:47,19.1,25.1,18.64799,0
18:10:48,19.1,25.1,18.65621,0
18:10:49,19.1,25.1,18.65634,0
18:10:50,19.1,25.1,18.64758,0
18:10:51,19.1,25.1,18.60601,0
18:10:52,19.1,25.1,18.67015,0
18:10:53,19.1,25.1,18.67087,0
18:10:54,19.1,25.1,18.65628,0
18:10:55,19.1,25.1,18.65258,0
18:10:56,19.1,25.1,18.66284,0
18:10:57,19.1,25.1,18.64112,0
18:10:58,19.1,25.1,18.66612,0
18:10:59,19.1,25.1,18.632009999999998,0
18:11:00,19.1,25.1,18.64282,0
18:11:01,19.1,25.1,18.6373,0
18:11:02,19.1,25.1,18.64974,0
18:11:03,19.1,25.1,18.62524,0
18:11:04,19.1,25.1,18.62651,0
18:11:05,19.1,25.1,18.614169999999998,0
18:11:06,19.1,25.1,18.59901,0
18:11:07,19.1,25.1,18.59993,0
18:11:08,19.1,25.1,18.611539999999998,0
18:11:09,19.1,25.1,18.62567,0
18:11:10,19.1,25.1,18.60576,0
18:11:11,19.1,25.1,18.614430000000002,0
18:11:12,19.1,25.1,18.584210000000002,0
18:11:13,19.1,25.1,18.58985,0
18:11:14,19.1,25.1,18.59676,0
18:11:15,19.1,25.1,18.58904,0
18:11:16,19.1,25.1,18.59522,0
18:11:17,19.1,25.1,18.56362,0
18:11:18,19.1,25.1,18.59946,0
18:11:19,19.1,25.1,18.601670000000002,0
18:11:20,19.1,25.1,18.58477,0
18:11:21,19.1,25.1,18.55696,0
18:11:22,19.1,25.1,18.55906,0
18:11:23,19.1,25.1,18.55051,0
18:11:24,19,25.1,18.5827,0
18:11:25,19,25.1,18.56431,0
18:11:26,19,25.1,18.51884,0
18:11:27,19,25.1,18.584310000000002,0
18:11:28,19,25.1,18.56655,0
18:11:29,19,25.1,18.56528,0
18:11:30,19,25.1,18.570349999999998,0
18:11:31,19,25.1,18.573999999999998,0
18:11:32,19,25.1,18.564059999999998,0
18:11:33,19,25.1,18.564059999999998,0
18:11:34,19,25.1,18.56041,0
18:11:35,19,25.1,18.52238,0
18:11:36,19,25.1,18.55968,0
18:11:37,19,25.1,18.57182,0
18:11:38,19,25.1,18.55859,0
18:11:39,19,25.1,18.554660000000002,0
18:11:40,19,25.1,18.526880000000002,0
18:11:41,19,25.1,18.53632,0
18:11:42,19,25.1,18.50262,0
18:11:43,19,25.1,18.53547,0
18:11:44,19,25.1,18.51708,0
18:11:45,19,25.1,18.5195,0
18:11:46,19,25.1,18.515880000000003,0
18:11:47,19,25.1,18.4968,0
18:11:48,19,25.1,18.49822,0
18:11:49,19,25.1,18.51062,0
18:11:50,19,25.1,18.5275,0
18:11:51,19,25.1,18.4952,0
18:11:52,19,25.1,18.50293,0
18:11:53,19,25.1,18.47605,0
18:11:54,19,25.1,18.49708,0
18:11:55,19,25.1,18.516070000000003,0
18:11:56,19,25.1,18.48291,0
18:11:57,19,25.1,18.482100000000003,0
18:11:58,19,25.1,18.487090000000002,0
18:11:59,19,25.1,18.506349999999998,0
18:12:00,19,25.1,18.49554,0
18:12:01,19,25.1,18.51409,0
18:12:02,19,25.1,18.48493,0
18:12:03,19,25.1,18.517220000000002,0
18:12:04,19,25.1,18.55148,0
18:12:05,19,25.1,18.57145,0
18:12:06,19,25.1,18.567790000000002,0
18:12:07,19,25.1,18.58241,0
18:12:08,19,25.1,18.591450000000002,0
18:12:09,19,25.1,18.607580000000002,0
18:12:10,19,25.1,18.58795,0
18:12:11,19,25.1,18.61689,0
18:12:12,19,25.1,18.61876,0
18:12:13,19,25.1,18.60359,0
18:12:14,19,25.1,18.629009999999997,0
18:12:15,19,25.1,18.63203,0
18:12:16,19,25.1,18.65555,0
18:12:17,19,25.1,18.626360000000002,0
18:12:18,19,25.1,18.626360000000002,0
18:12:19,19,25.1,18.62905,0
18:12:20,19.1,25.1,18.60326,0
18:12:21,19.1,25.1,18.61298,0
18:12:22,19.1,25.1,18.62512,0
18:12:23,19.1,25.1,18.59259,0
18:12:24,19.1,25.1,18.57507,0
18:12:25,19.1,25.1,18.55231,0
18:12:26,19.1,25.1,18.56214,0
18:12:27,19.1,25.1,18.5419,0
18:12:28,19.1,25.1,18.556710000000002,0
18:12:29,19.1,25.1,18.52609,0
18:12:30,19,25.1,18.52434,0
18:12:31,19,25.1,18.51637,0
18:12:32,19,25.1,18.4593,0
18:12:33,19,25.1,18.4603,0
18:12:34,19,25.1,18.44293,0
18:12:35,19,25.1,18.4435,0
18:12:36,19,25.1,18.418309999999998,0
18:12:37,19,25.1,18.40702,0
18:12:38,19,25.1,18.40322,0
18:12:39,19,25.1,18.405820000000002,0
18:12:40,19,25.1,18.39592,0
18:12:41,19,25.1,18.40284,0
18:12:42,18.9,25.1,18.37276,0
18:12:43,18.9,25.1,18.376829999999998,0
18:12:44,18.9,25.1,18.39718,0
18:12:45,18.9,25.1,18.39982,0
18:12:46,18.9,25.1,18.37341,0
18:12:47,18.9,25.1,18.44101,0
18:12:48,18.9,25.1,18.449370000000002,0
18:12:49,18.9,25.1,18.43342,0
18:12:50,18.9,25.1,18.45863,0
18:12:51,18.9,25.1,18.47469,0
18:12:52,18.9,25.1,18.48848,0
18:12:53,18.9,25.1,18.5118,0
18:12:54,18.9,25.1,18.54952,0
18:12:55,18.9,25.1,18.5513,0
18:12:56,18.9,25.1,18.60331,0
18:12:57,18.9,25.1,18.5778,0
18:12:58,18.9,25.1,18.58343,0
18:12:59,18.9,25.1,18.56258,0
18:13:00,18.8,25.1,18.536839999999998,0
18:13:01,18.8,25.1,18.536530000000003,0
18:13:02,18.8,25.1,18.51768,0
18:13:03,18.8,25.1,18.51768,0
18:13:04,18.8,25.1,18.53815,0
18:13:05,18.8,25.1,18.50072,0
18:13:06,18.8,25.1,18.48186,0
18:13:07,18.8,25.1,18.48757,0
18:13:08,18.8,25.1,18.45679,0
18:13:09,18.8,25.1,18.458389999999998,0
18:13:10,18.8,25.1,18.46083,0
18:13:11,18.8,25.1,18.45682,0
18:13:12,18.8,25.1,18.43062,0
18:13:13,18.8,25.1,18.45681,0
18:13:14,18.8,25.1,18.43704,0
18:13:15,18.8,25.1,18.47023,0
18:13:16,18.8,25.1,18.5019,0
18:13:17,18.8,25.1,18.49128,0
18:13:18,18.8,25.1,18.495929999999998,0
18:13:19,18.8,25.1,18.50078,0
18:13:20,18.8,25.1,18.521630000000002,0
18:13:21,18.8,25.1,18.51566,0
18:13:22,18.8,25.1,18.48133,0
18:13:23,18.8,25.1,18.53986,0
18:13:24,18.8,25.1,18.52242,0
18:13:25,18.9,25.1,18.49839,0
18:13:26,18.9,25.1,18.540119999999998,0
18:13:27,18.9,25.1,18.52203,0
18:13:28,18.9,25.1,18.54819,0
18:13:29,18.9,25.1,18.56273,0
18:13:30,18.9,25.1,18.52985,0
18:13:31,18.9,25.1,18.52437,0
18:13:32,18.9,25.1,18.56614,0
18:13:33,18.9,25.1,18.53782,0
18:13:34,18.9,25.1,18.55724,0
18:13:35,18.9,25.1,18.56223,0
18:13:36,18.9,25.1,18.5334,0
18:13:37,18.9,25.1,18.54819,0
18:13:38,18.9,25.1,18.57526,0
18:13:39,18.9,25.1,18.57413,0
18:13:40,19,25.2,18.54938,0
18:13:41,19,25.2,18.54128,0
18:13:42,19,25.2,18.57516,0
18:13:43,19,25.2,18.561030000000002,0
18:13:44,19,25.2,18.54987,0
18:13:45,19,25.2,18.54232,0
18:13:46,19,25.2,18.60077,0
18:13:47,19,25.2,18.60333,0
18:13:48,19,25.2,18.60333,0
18:13:49,19.1,25.2,18.608330000000002,0
18:13:50,19.1,25.2,18.57519,0
18:13:51,19.1,25.2,18.664,0
18:13:52,19.1,25.2,18.66712,0
18:13:53,19.1,25.2,18.65096,0
18:13:54,19.1,25.2,18.70029,0
18:13:55,19.1,25.2,18.71941,0
18:13:56,19.1,25.2,18.7115,0
18:13:57,19.2,25.2,18.7511,0
18:13:58,19.2,25.2,18.70734,0
18:13:59,19.2,25.2,18.78041,0
18:14:00,19.2,25.2,18.79091,0
18:14:01,19.2,25.2,18.790770000000002,0
18:14:02,19.2,25.2,18.79207,0
18:14:03,19.2,25.2,18.81592,0
18:14:04,19.3,25.2,18.84708,0
18:14:05,19.3,25.2,18.838079999999998,0
18:14:06,19.3,25.2,18.83897,0
18:14:07,19.3,25.2,18.864919999999998,0
18:14:08,19.3,25.2,18.89381,0
18:14:09,19.4,25.2,18.89292,0
18:14:10,19.4,25.2,18.92034,0
18:14:11,19.4,25.2,18.92435,0
18:14:12,19.4,25.2,18.94944,0
18:14:13,19.5,25.2,18.94384,0
18:14:14,19.5,25.2,18.90182,0
18:14:15,19.5,25.2,18.94169,0
18:14:16,19.5,25.2,18.9942,0
18:14:17,19.5,25.2,18.97862,0
18:14:18,19.5,25.2,18.97436,0
18:14:19,19.6,25.2,18.997120000000002,0
18:14:20,19.6,25.2,19.036749999999998,0
18:14:21,19.6,25.2,19.05269,0
18:14:22,19.6,25.2,19.01852,0
18:14:23,19.6,25.2,19.04166,0
18:14:24,19.7,25.2,19.07895,0
18:14:25,19.7,25.2,19.100459999999998,0
18:14:26,19.7,25.2,19.131020000000003,0
18:14:27,19.7,25.2,19.12285,0
18:14:28,19.7,25.2,19.17508,0
18:14:29,19.8,25.2,19.19002,0
18:14:30,19.8,25.2,19.2242,0
18:14:31,19.9,25.2,19.21536,0
18:14:32,19.9,25.2,19.23483,0
18:14:33,19.9,25.2,19.25591,0
18:14:34,20,25.2,19.25591,0
18:14:35,20,25.2,19.28238,0
18:14:36,20,25.2,19.28558,0
18:14:37,20.1,25.2,19.31248,0
18:14:38,20.1,25.2,19.354660000000003,0
18:14:39,20.1,25.2,19.37191,0
18:14:40,20.1,25.2,19.409090000000003,0
18:14:41,20.2,25.2,19.4354,0
18:14:42,20.2,25.2,19.466520000000003,0
18:14:43,20.2,25.2,19.52189,0
18:14:44,20.3,25.2,19.515050000000002,0
18:14:45,20.3,25.2,19.57084,0
18:14:46,20.3,25.2,19.61407,0
18:14:47,20.3,25.2,19.61065,0
18:14:48,20.4,25.2,19.64891,0
18:14:49,20.4,25.2,19.69276,0
18:14:50,20.4,25.2,19.64474,0
18:14:51,20.5,25.2,19.70802,0
18:14:52,20.5,25.2,19.77534,0
18:14:53,20.5,25.2,19.7972,0
18:14:54,20.5,25.2,19.79748,0
18:14:55,20.6,25.2,19.846040000000002,0
18:14:56,20.6,25.2,19.886110000000002,0
18:14:57,20.7,25.2,19.93958,0
18:14:58,20.7,25.2,19.94194,0
18:14:59,20.7,25.2,19.994600000000002,0
18:15:00,20.7,25.2,20.02226,0
18:15:01,20.8,25.2,20.07996,0
18:15:02,20.8,25.2,20.09532,0
18:15:03,20.8,25.2,20.14444,0
18:15:04,20.9,25.2,20.20344,0
18:15:05,20.9,25.2,20.21218,0
18:15:06,20.9,25.2,20.25986,0
18:15:07,21,25.2,20.25752,0
18:15:08,21,25.2,20.30122,0
18:15:09,21,25.2,20.3585,0
18:15:10,21,25.2,20.36921,0
18:15:11,21,25.2,20.40592,0
18:15:12,21.1,25.2,20.46524,0
18:15:13,21.1,25.2,20.471410000000002,0
18:15:14,21.1,25.2,20.52782,0
18:15:15,21.1,25.2,20.579069999999998,0
18:15:16,21.2,25.2,20.59327,0
18:15:17,21.2,25.2,20.63932,0
18:15:18,21.2,25.2,20.63932,0
18:15:19,21.2,25.2,20.690430000000003,0
18:15:20,21.2,25.2,20.72671,0
18:15:21,21.3,25.2,20.75836,0
18:15:22,21.3,25.2,20.82968,0
18:15:23,21.3,25.2,20.85458,0
18:15:24,21.3,25.2,20.87645,0
18:15:25,21.4,25.2,20.87737,0
18:15:26,21.4,25.2,20.92793,0
18:15:27,21.4,25.2,20.97026,0
18:15:28,21.4,25.2,20.97846,0
18:15:29,21.4,25.2,21.016090000000002,0
18:15:30,21.5,25.2,21.07268,0
18:15:31,21.5,25.2,21.08171,0
18:15:32,21.5,25.2,21.14166,0
18:15:33,21.6,25.2,21.18021,0
18:15:34,21.6,25.2,21.25162,0
18:15:35,21.6,25.2,21.27648,0
18:15:36,21.6,25.2,21.324679999999997,0
18:15:37,21.6,25.2,21.34269,0
18:15:38,21.7,25.3,21.42364,0
18:15:39,21.7,25.3,21.44359,0
18:15:40,21.7,25.3,21.49311,0
18:15:41,21.7,25.2,21.53893,0
18:15:42,21.8,25.2,21.53437,0
18:15:43,21.8,25.2,21.598110000000002,0
18:15:44,21.8,25.2,21.63314,0
18:15:45,21.9,25.3,21.66001,0
18:15:46,21.9,25.3,21.71736,0
18:15:47,21.9,25.3,21.76221,0
18:15:48,21.9,25.3,21.806900000000002,0
18:15:49,22,25.3,21.83185,0
18:15:50,22,25.3,21.83552,0
18:15:51,22,25.3,21.94698,0
18:15:52,22,25.3,21.9948,0
18:15:53,22.1,25.3,22.01961,0
18:15:54,22.1,25.3,22.07304,0
18:15:55,22.1,25.3,22.10335,0
18:15:56,22.1,25.3,22.149469999999997,0
18:15:57,22.2,25.3,22.21979,0
18:15:58,22.2,25.3,22.18147,0
18:15:59,22.2,25.3,22.25014,0
18:16:00,22.3,25.3,22.298470000000002,0
18:16:01,22.3,25.3,22.33349,0
18:16:02,22.3,25.3,22.33349,0
18:16:03,22.3,25.3,22.38797,0
18:16:04,22.3,25.3,22.429109999999998,0
18:16:05,22.4,25.3,22.469739999999998,0
18:16:06,22.4,25.3,22.53104,0
18:16:07,22.5,25.3,22.53388,0
18:16:08,22.5,25.3,22.57663,0
18:16:09,22.5,25.3,22.64069,0
18:16:10,22.5,25.3,22.67331,0
18:16:11,22.6,25.3,22.733030000000003,0
18:16:12,22.6,25.3,22.73921,0
18:16:13,22.6,25.3,22.7979,0
18:16:14,22.6,25.3,22.81796,0
18:16:15,22.7,25.3,22.8938,0
18:16:16,22.7,25.3,22.84921,0
18:16:17,22.8,25.3,22.908,0
18:16:18,22.8,25.3,22.94989,0
18:16:19,22.8,25.3,22.98587,0
18:16:20,22.9,25.3,23.035610000000002,0
18:16:21,22.9,25.3,23.08055,0
18:16:22,22.9,25.3,23.14739,0
18:16:23,22.9,25.3,23.16286,0
18:16:24,23,25.3,23.213990000000003,0
18:16:25,23,25.3,23.24673,0
18:16:26,23,25.3,23.30446,0
18:16:27,23,25.3,23.35784,0
18:16:28,23.1,25.3,23.37862,0
18:16:29,23.1,25.3,23.39577,0
18:16:30,23.2,25.3,23.454549999999998,0
18:16:31,23.2,25.3,23.4755,0
18:16:32,23.2,25.3,23.49007,0
18:16:33,23.3,25.3,23.47062,0
18:16:34,23.3,25.3,23.50909,0
18:16:35,23.3,25.3,23.5336,0
18:16:36,23.4,25.3,23.55411,0
18:16:37,23.4,25.3,23.59346,0
18:16:38,23.4,25.3,23.6225,0
18:16:39,23.5,25.3,23.64041,0
18:16:40,23.5,25.3,23.65727,0
18:16:41,23.5,25.3,23.69268,0
18:16:42,23.6,25.3,23.758119999999998,0
18:16:43,23.6,25.3,23.78965,0
18:16:44,23.6,25.3,23.81007,0
18:16:45,23.6,25.3,23.857619999999997,0
18:16:46,23.6,25.3,23.87455,0
18:16:47,23.7,25.3,23.87455,0
18:16:48,23.7,25.3,23.89661,0
18:16:49,23.7,25.3,23.9312,0
18:16:50,23.8,25.3,23.917669999999998,0
18:16:51,23.8,25.3,23.98644,0
18:16:52,23.9,25.3,24.002390000000002,0
18:16:53,23.9,25.3,24.0203,0
18:16:54,23.9,25.3,24.04749,0
18:16:55,23.9,25.3,24.11075,0
18:16:56,24,25.3,24.09926,0
18:16:57,24,25.3,24.14901,0
18:16:58,24,25.3,24.1756,0
18:16:59,24.1,25.3,24.204919999999998,0
18:17:00,24.1,25.3,24.26733,0
18:17:01,24.1,25.3,24.256230000000002,0
18:17:02,24.1,25.3,24.286630000000002,0
18:17:03,24.1,25.3,24.30913,0
18:17:04,24.2,25.3,24.329790000000003,0
18:17:05,24.2,25.3,24.38622,0
18:17:06,24.2,25.3,24.393500000000003,0
18:17:07,24.3,25.3,24.448439999999998,0
18:17:08,24.3,25.3,24.42345,0
18:17:09,24.3,25.3,24.4614,0
18:17:10,24.4,25.3,24.516869999999997,0
18:17:11,24.4,25.3,24.52584,0
18:17:12,24.4,25.3,24.54664,0
18:17:13,24.4,25.3,24.5856,0
